month,day_of_month,day_of_week,fl_date,op_unique_carrier,op_carrier_fl_num,origin,dest,crs_dep_time,crs_arr_time,crs_elapsed_time,distance,carrier_delay,weather_delay,nas_delay,security_delay,late_aircraft_delay
4,18,4,2024-04-18,MQ,3535.0,DFW,RAP,618,709,151.0,835.0,0,0,0,0,0
1,1,1,2024-01-01,AA,148.0,CLT,PHX,997,1163,286.0,1773.0,0,0,0,0,0
4,8,1,2024-04-08,WN,1971.0,OMA,LAS,810,870,180.0,1099.0,0,0,0,0,0
8,31,6,2024-08-31,AS,1269.0,BNA,PDX,1135,1315,300.0,1973.0,0,0,0,0,0
4,19,5,2024-04-19,OO,3438.0,LAX,SJC,500,579,79.0,308.0,0,0,0,0,0
2,8,4,2024-02-08,OO,5654.0,SFO,BFL,1355,1430,75.0,238.0,0,0,0,0,0
9,19,4,2024-09-19,G4,1510.0,DSM,AUS,901,1027,126.0,813.0,0,0,0,0,1
6,14,5,2024-06-14,AA,1911.0,RIC,CLT,395,479,84.0,257.0,0,0,0,0,0
8,21,3,2024-08-21,AA,2832.0,LAX,PHL,545,1045,320.0,2402.0,0,0,0,0,0
12,18,3,2024-12-18,UA,1101.0,DEN,IAD,480,799,199.0,1452.0,0,0,0,0,0
10,11,5,2024-10-11,DL,3146.0,ATL,MSY,940,972,92.0,425.0,0,0,0,0,0
4,12,5,2024-04-12,WN,1124.0,SRQ,BWI,1090,1235,145.0,880.0,0,0,0,0,0
11,25,1,2024-11-25,UA,469.0,IAH,ORD,440,602,162.0,925.0,0,0,0,0,0
10,6,7,2024-10-06,DL,461.0,DFW,LGA,360,632,212.0,1389.0,0,0,0,0,0
10,7,1,2024-10-07,OO,5581.0,ORD,FWA,845,973,68.0,157.0,0,0,0,0,0
9,21,6,2024-09-21,OO,4108.0,LAX,ABQ,509,690,121.0,677.0,1,0,0,0,0
6,30,7,2024-06-30,DL,2107.0,MSP,SNA,1095,1214,239.0,1522.0,0,0,0,0,0
7,28,7,2024-07-28,WN,2532.0,MCO,DEN,960,1090,250.0,1546.0,0,1,0,0,0
11,20,3,2024-11-20,WN,1565.0,HRL,DAL,720,815,95.0,458.0,0,0,0,0,0
9,3,2,2024-09-03,AA,1872.0,ORD,EWR,424,610,126.0,719.0,0,0,0,0,0
12,21,6,2024-12-21,WN,2584.0,HOU,JAX,1250,1430,120.0,816.0,1,0,0,0,1
5,9,4,2024-05-09,DL,2868.0,DTW,STL,520,559,99.0,440.0,0,0,0,0,0
1,4,4,2024-01-04,AA,751.0,CLT,SEA,1001,1180,359.0,2279.0,0,0,0,0,0
7,22,1,2024-07-22,MQ,3909.0,FWA,DFW,734,826,152.0,859.0,0,0,0,0,0
3,3,7,2024-03-03,AS,700.0,SEA,PHX,708,942,174.0,1107.0,0,0,0,0,0
10,15,2,2024-10-15,AA,2878.0,MIA,DCA,483,637,154.0,919.0,0,0,0,0,0
11,22,5,2024-11-22,F9,2720.0,PBI,PHL,773,935,162.0,951.0,0,0,0,0,0
3,18,1,2024-03-18,B6,1190.0,SAN,JFK,1275,334,319.0,2446.0,1,0,1,0,0
11,16,6,2024-11-16,OO,4724.0,BFL,SFO,375,450,75.0,238.0,0,0,0,0,0
10,13,7,2024-10-13,UA,2485.0,LGA,ORD,994,1090,156.0,733.0,0,0,1,0,0
1,1,1,2024-01-01,DL,2376.0,SMF,SLC,800,964,104.0,532.0,0,0,0,0,0
11,21,4,2024-11-21,AS,61.0,JNU,YAK,608,670,62.0,198.0,0,0,0,0,0
5,17,5,2024-05-17,AA,124.0,RDU,DCA,415,479,64.0,227.0,0,0,0,0,0
4,21,7,2024-04-21,UA,2682.0,ONT,DEN,816,1016,140.0,819.0,0,0,0,0,0
8,31,6,2024-08-31,OO,4052.0,ATL,DHN,770,767,57.0,170.0,0,0,0,0,0
4,22,1,2024-04-22,AA,468.0,DFW,LAS,1016,1076,180.0,1055.0,0,0,0,0,1
9,19,4,2024-09-19,UA,2656.0,ALB,ORD,1015,1100,145.0,723.0,0,0,1,0,0
6,26,3,2024-06-26,AA,187.0,DFW,LAX,1113,1190,197.0,1235.0,0,0,0,0,0
9,22,7,2024-09-22,UA,1375.0,PHX,EWR,1439,467,288.0,2133.0,0,0,0,0,0
12,7,6,2024-12-07,F9,4158.0,SFO,LAS,653,754,101.0,414.0,0,0,0,0,0
5,30,4,2024-05-30,WN,950.0,MEM,MDW,1015,1110,95.0,480.0,1,0,0,0,1
3,16,6,2024-03-16,WN,4777.0,FLL,CMH,1250,1410,160.0,973.0,1,0,0,0,1
11,20,3,2024-11-20,MQ,3706.0,ABI,DFW,495,552,57.0,158.0,0,0,0,0,0
3,5,2,2024-03-05,DL,986.0,SLC,ATL,1060,1397,217.0,1590.0,0,0,0,0,0
1,21,7,2024-01-21,F9,4653.0,TTN,TPA,1038,1214,176.0,955.0,0,0,0,0,1
8,7,3,2024-08-07,UA,2730.0,IND,DEN,945,997,172.0,977.0,0,0,0,0,0
9,14,6,2024-09-14,OO,6193.0,DFW,ACT,545,594,49.0,89.0,0,0,0,0,0
6,16,7,2024-06-16,OO,5307.0,DEN,MAF,1140,1312,112.0,563.0,0,0,0,0,0
10,3,4,2024-10-03,AA,1339.0,ORD,FCA,493,651,218.0,1352.0,0,0,0,0,0
7,27,6,2024-07-27,DL,2247.0,SLC,ORD,510,760,190.0,1250.0,0,0,0,0,0
2,18,7,2024-02-18,DL,1079.0,SMF,SLC,330,490,100.0,532.0,0,0,0,0,0
2,5,1,2024-02-05,AA,1.0,JFK,LAX,420,625,385.0,2475.0,1,0,0,0,0
7,3,3,2024-07-03,OO,3988.0,SDF,DTW,627,705,78.0,306.0,0,0,0,0,0
8,16,5,2024-08-16,OO,5676.0,SFO,GEG,820,952,132.0,733.0,0,0,0,0,0
5,27,1,2024-05-27,AA,2045.0,SFO,MIA,787,1310,343.0,2585.0,0,0,0,0,0
7,13,6,2024-07-13,MQ,3669.0,JAN,DFW,534,635,101.0,408.0,0,0,0,0,0
10,21,1,2024-10-21,UA,1923.0,DEN,BZN,820,923,103.0,524.0,0,0,0,0,0
5,23,4,2024-05-23,UA,2221.0,SAN,IAD,505,975,290.0,2253.0,0,0,0,0,0
12,29,7,2024-12-29,OH,5075.0,CLT,DAY,1102,1204,102.0,370.0,0,1,0,0,1
12,9,1,2024-12-09,B6,301.0,BUF,JFK,1182,1271,89.0,301.0,0,0,0,0,0
10,29,2,2024-10-29,UA,1891.0,IAD,EWR,360,434,74.0,212.0,0,0,0,0,0
9,16,1,2024-09-16,9E,5097.0,JFK,RDU,470,579,109.0,427.0,1,0,0,0,0
1,25,4,2024-01-25,NK,3066.0,ATL,MCO,400,494,94.0,404.0,0,0,0,0,0
1,9,2,2024-01-09,NK,968.0,ATL,DTW,604,718,114.0,594.0,0,1,0,0,0
10,17,4,2024-10-17,OO,3756.0,SLC,RDM,1379,1424,105.0,525.0,0,0,0,0,0
10,24,4,2024-10-24,HA,145.0,OGG,HNL,480,520,40.0,100.0,0,0,0,0,0
7,16,2,2024-07-16,AA,1422.0,DFW,CHS,1243,15,152.0,987.0,0,0,0,0,1
1,9,2,2024-01-09,AA,461.0,MCO,CLT,372,484,112.0,468.0,1,0,0,0,0
5,28,2,2024-05-28,AS,1295.0,PDX,SFO,1190,1295,105.0,550.0,0,0,1,0,0
12,31,2,2024-12-31,DL,661.0,SNA,ATL,770,1198,248.0,1919.0,0,0,0,0,0
7,30,2,2024-07-30,UA,1015.0,DRO,DEN,420,504,84.0,251.0,0,0,0,0,0
4,28,7,2024-04-28,YX,3618.0,ORD,STL,777,863,86.0,258.0,0,0,0,0,0
11,22,5,2024-11-22,YX,3492.0,SYR,EWR,750,841,91.0,195.0,0,0,0,0,0
5,7,2,2024-05-07,DL,1454.0,STL,MSP,1057,1155,98.0,448.0,0,0,0,0,0
3,28,4,2024-03-28,9E,5225.0,ATL,AGS,670,730,60.0,143.0,0,0,0,0,0
1,1,1,2024-01-01,WN,193.0,FLL,BWI,340,490,150.0,925.0,0,0,0,0,0
6,3,1,2024-06-03,OH,5394.0,DAY,CLT,520,625,105.0,370.0,0,0,0,0,0
4,30,2,2024-04-30,AA,2661.0,ONT,PHX,955,1029,74.0,325.0,0,0,0,0,0
10,16,3,2024-10-16,OH,5529.0,CLT,JAN,1036,1101,125.0,562.0,0,0,0,0,0
12,1,7,2024-12-01,OO,5741.0,BNA,ORD,480,593,113.0,409.0,0,0,0,0,0
4,1,1,2024-04-01,OO,5319.0,GEG,SFO,328,479,151.0,733.0,0,0,0,0,0
11,8,5,2024-11-08,WN,4237.0,LAS,SEA,575,745,170.0,867.0,0,0,0,0,0
8,26,1,2024-08-26,AA,397.0,JFK,CLT,875,1000,125.0,541.0,1,0,1,0,0
12,23,1,2024-12-23,9E,5345.0,DAY,ATL,1177,1294,117.0,432.0,0,0,0,0,1
4,25,4,2024-04-25,YX,5660.0,LGA,PWM,595,689,94.0,269.0,0,0,0,0,0
3,25,1,2024-03-25,AA,818.0,ORD,MIA,940,1189,189.0,1197.0,1,0,0,0,1
10,3,4,2024-10-03,UA,1966.0,AUS,IAH,315,371,56.0,140.0,0,0,0,0,0
7,2,2,2024-07-02,OO,6289.0,PHX,PSP,620,695,75.0,261.0,0,0,0,0,0
1,6,6,2024-01-06,OH,5170.0,DCA,AVL,887,980,93.0,384.0,0,0,0,0,0
7,27,6,2024-07-27,OO,3738.0,IAD,DTW,370,460,90.0,383.0,1,0,0,0,0
9,20,5,2024-09-20,AA,2131.0,JFK,MIA,426,622,196.0,1089.0,0,0,0,0,0
6,8,6,2024-06-08,DL,2147.0,ATL,PVD,569,713,144.0,903.0,0,0,0,0,0
4,8,1,2024-04-08,WN,1826.0,STL,FLL,1200,1415,155.0,1057.0,0,0,0,0,0
2,7,3,2024-02-07,DL,2259.0,MCO,AUS,705,826,181.0,994.0,0,0,0,0,0
1,1,1,2024-01-01,WN,1901.0,DAL,PHX,1080,1180,160.0,879.0,0,0,0,0,0
6,10,1,2024-06-10,OO,3467.0,SEA,MRY,655,798,143.0,750.0,0,0,0,0,0
12,29,7,2024-12-29,AA,635.0,ORD,FLL,733,983,190.0,1182.0,0,0,1,0,1
3,1,5,2024-03-01,B6,400.0,MSY,BOS,675,930,195.0,1368.0,0,0,0,0,0
2,10,6,2024-02-10,DL,855.0,ATL,BOS,1259,1411,152.0,946.0,0,0,0,0,0
1,4,4,2024-01-04,WN,1396.0,MSP,MDW,1040,1135,95.0,349.0,0,0,0,0,0
8,4,7,2024-08-04,WN,2990.0,ELP,HOU,1015,1190,115.0,677.0,0,0,0,0,0
8,30,5,2024-08-30,UA,2483.0,ORD,IAH,635,806,171.0,925.0,1,0,0,0,0
7,13,6,2024-07-13,B6,2310.0,LGA,ACK,715,789,74.0,202.0,0,0,0,0,0
12,3,2,2024-12-03,AA,2300.0,PHX,PHL,582,972,270.0,2075.0,0,0,0,0,0
12,24,2,2024-12-24,OO,3825.0,SLC,PIH,915,975,60.0,150.0,0,0,0,0,0
8,23,5,2024-08-23,YX,5852.0,ACK,LGA,701,779,78.0,202.0,0,0,0,0,0
3,29,5,2024-03-29,WN,5903.0,AUS,DAL,975,1040,65.0,189.0,0,0,0,0,0
1,7,7,2024-01-07,UA,2304.0,EWR,LAX,720,918,378.0,2454.0,0,0,0,0,0
12,7,6,2024-12-07,9E,5287.0,JFK,BTV,650,736,86.0,266.0,0,0,0,0,0
4,11,4,2024-04-11,YX,3415.0,ALB,ORD,1012,1111,159.0,723.0,0,0,0,0,0
1,16,2,2024-01-16,AA,2847.0,LAS,ORD,721,1064,223.0,1514.0,0,0,0,0,0
9,4,3,2024-09-04,OO,3933.0,ONT,SLC,1020,1185,105.0,558.0,0,0,0,0,0
10,31,4,2024-10-31,OO,4003.0,MSP,GRB,1185,1257,72.0,252.0,0,0,0,0,0
7,1,1,2024-07-01,F9,1237.0,ISP,MCO,1006,1191,185.0,971.0,0,0,0,0,1
10,8,2,2024-10-08,UA,1520.0,MCO,DEN,765,879,234.0,1546.0,0,0,0,0,0
6,23,7,2024-06-23,WN,2534.0,BUF,BWI,1150,1220,70.0,281.0,0,0,0,0,0
12,1,7,2024-12-01,OO,6342.0,FLG,PHX,880,936,56.0,119.0,1,0,1,0,0
11,16,6,2024-11-16,DL,1305.0,DTW,RSW,1130,1304,174.0,1084.0,0,0,0,0,0
10,7,1,2024-10-07,DL,816.0,ATL,PDX,515,649,314.0,2172.0,0,0,0,0,0
5,24,5,2024-05-24,YX,5704.0,DCA,BOS,1190,1290,100.0,399.0,0,0,1,0,0
9,19,4,2024-09-19,AA,1380.0,FLL,PHL,711,879,168.0,992.0,0,0,0,0,0
3,7,4,2024-03-07,UA,2266.0,JAX,DEN,978,1100,242.0,1447.0,0,0,0,0,0
6,10,1,2024-06-10,AS,452.0,SEA,IAH,1439,375,256.0,1874.0,0,0,1,0,0
6,20,4,2024-06-20,WN,5015.0,LAS,LGB,460,530,70.0,231.0,0,0,0,0,0
6,27,4,2024-06-27,OH,5116.0,CAE,CLT,318,386,68.0,88.0,1,0,0,0,0
2,22,4,2024-02-22,DL,2340.0,EWR,ATL,1199,1349,150.0,746.0,0,0,0,0,0
6,27,4,2024-06-27,UA,2148.0,DCA,ORD,1080,1153,133.0,612.0,1,0,0,0,1
12,30,1,2024-12-30,OO,5654.0,SUN,ORD,758,1038,220.0,1341.0,0,0,0,0,0
4,25,4,2024-04-25,MQ,3359.0,DFW,LFT,1270,1353,83.0,351.0,0,0,0,0,0
2,6,2,2024-02-06,YX,5659.0,BOS,CLE,565,706,141.0,563.0,0,0,0,0,0
1,21,7,2024-01-21,UA,1274.0,PIT,IAD,625,694,69.0,182.0,0,0,0,0,0
1,12,5,2024-01-12,9E,5227.0,JFK,RDU,780,894,114.0,427.0,0,0,0,0,0
12,9,1,2024-12-09,B6,761.0,LGA,PBI,800,985,185.0,1035.0,0,0,0,0,0
12,29,7,2024-12-29,WN,3401.0,SFO,SAN,1110,1200,90.0,447.0,1,0,0,0,1
8,17,6,2024-08-17,DL,3094.0,ATL,ECP,812,819,67.0,240.0,0,0,0,0,0
8,26,1,2024-08-26,OH,5194.0,CAE,CLT,975,1039,64.0,88.0,0,0,0,0,0
8,9,5,2024-08-09,DL,2878.0,JNU,SEA,432,645,153.0,909.0,0,0,0,0,0
12,30,1,2024-12-30,9E,4851.0,DSM,MSP,1055,1135,80.0,232.0,0,0,0,0,0
12,30,1,2024-12-30,AA,1796.0,EWR,DFW,759,949,250.0,1372.0,0,0,0,0,0
5,3,5,2024-05-03,MQ,3933.0,CLT,ECP,796,844,108.0,437.0,0,0,0,0,0
8,16,5,2024-08-16,DL,866.0,DEN,LGA,631,982,231.0,1620.0,0,0,0,0,0
6,6,4,2024-06-06,AA,2989.0,AUS,CLT,495,727,172.0,1032.0,0,0,0,0,0
1,3,3,2024-01-03,WN,2716.0,DEN,AUS,1280,25,125.0,775.0,0,0,0,0,0
3,6,3,2024-03-06,OO,3717.0,SLC,IDA,940,1005,65.0,188.0,0,0,0,0,0
11,8,5,2024-11-08,YX,4546.0,JFK,DCA,1259,1357,98.0,213.0,0,0,1,0,0
11,9,6,2024-11-09,OO,5410.0,LAX,RNO,568,673,105.0,391.0,0,0,0,0,0
10,3,4,2024-10-03,WN,4771.0,AUS,BNA,745,865,120.0,756.0,0,0,0,0,0
10,30,3,2024-10-30,G4,2596.0,MLI,PIE,514,722,148.0,1033.0,0,0,0,0,0
4,9,2,2024-04-09,UA,787.0,IAH,ORD,1295,12,157.0,925.0,0,0,0,0,0
9,5,4,2024-09-05,AA,810.0,DFW,ONT,1132,1202,190.0,1188.0,0,0,0,0,0
7,13,6,2024-07-13,OO,4004.0,RDM,SLC,375,535,100.0,525.0,0,0,0,0,0
11,20,3,2024-11-20,G4,2988.0,SRQ,SYR,660,832,172.0,1142.0,0,0,0,0,0
5,1,3,2024-05-01,WN,3602.0,ONT,DEN,855,1045,130.0,819.0,0,0,0,0,0
1,10,3,2024-01-10,AA,537.0,STL,DFW,420,543,123.0,550.0,0,0,0,0,0
10,19,6,2024-10-19,WN,3552.0,LAX,PHX,1085,1180,95.0,370.0,0,0,0,0,0
8,9,5,2024-08-09,B6,1634.0,SJU,MCO,870,1062,192.0,1189.0,1,0,0,0,1
4,26,5,2024-04-26,UA,1169.0,HNL,LAX,1300,366,326.0,2556.0,0,0,0,0,0
10,20,7,2024-10-20,OO,5934.0,ORD,FAR,770,894,124.0,557.0,0,0,0,0,0
7,28,7,2024-07-28,DL,743.0,ATL,SMF,1026,1137,291.0,2092.0,0,0,0,0,0
5,21,2,2024-05-21,UA,651.0,DEN,ABQ,952,1034,82.0,349.0,0,0,0,0,0
6,15,6,2024-06-15,OH,5264.0,CRW,CLT,400,490,90.0,221.0,0,0,0,0,0
9,11,3,2024-09-11,OO,3998.0,LGA,OKC,1110,1275,225.0,1341.0,0,0,0,0,0
6,4,2,2024-06-04,WN,3669.0,SAT,ATL,1050,1255,145.0,874.0,1,0,0,0,1
5,7,2,2024-05-07,WN,5240.0,HNL,LAX,790,1305,335.0,2556.0,0,0,0,0,0
10,2,3,2024-10-02,G4,2005.0,CVG,SFB,480,602,122.0,735.0,0,0,0,0,0
11,21,4,2024-11-21,WN,2100.0,PHX,BUR,860,890,90.0,369.0,0,0,0,0,0
6,30,7,2024-06-30,WN,3934.0,LAS,LAX,445,515,70.0,236.0,1,0,0,0,0
1,12,5,2024-01-12,DL,916.0,ATL,SFO,500,650,330.0,2139.0,1,0,1,0,0
4,13,6,2024-04-13,UA,288.0,DEN,AUS,1073,1266,133.0,775.0,0,0,0,0,0
1,8,1,2024-01-08,OO,3705.0,SLC,SJC,480,571,151.0,584.0,0,0,0,0,0
6,30,7,2024-06-30,DL,882.0,SLC,ATL,598,949,231.0,1590.0,0,0,0,0,0
4,16,2,2024-04-16,NK,3829.0,BWI,TPA,358,504,146.0,842.0,0,0,0,0,0
11,15,5,2024-11-15,DL,1629.0,MOB,ATL,1055,1196,81.0,302.0,0,0,0,0,0
7,15,1,2024-07-15,AA,1438.0,JAC,DFW,785,1010,165.0,1047.0,0,0,0,0,0
5,21,2,2024-05-21,DL,1228.0,TPA,ATL,588,678,90.0,406.0,0,0,0,0,0
5,10,5,2024-05-10,NK,1792.0,RNO,LAS,1284,1371,87.0,345.0,0,0,0,0,0
11,22,5,2024-11-22,OH,5101.0,DCA,BDL,739,818,79.0,313.0,0,0,0,0,0
3,15,5,2024-03-15,OO,5746.0,DEN,GUC,1140,1210,70.0,152.0,0,0,0,0,0
1,22,1,2024-01-22,DL,2359.0,JAX,BOS,420,582,162.0,1010.0,0,0,0,0,0
2,29,4,2024-02-29,AA,527.0,CLT,DCA,1118,1198,80.0,331.0,0,0,0,0,0
10,12,6,2024-10-12,AA,1453.0,PHL,JAX,671,819,148.0,742.0,0,0,0,0,0
6,29,6,2024-06-29,B6,201.0,BUF,JFK,333,420,87.0,301.0,0,0,0,0,0
1,4,4,2024-01-04,DL,1518.0,ATL,RDU,1195,1277,82.0,356.0,0,0,0,0,0
5,4,6,2024-05-04,WN,2684.0,OAK,LAS,950,1040,90.0,407.0,0,0,0,0,0
3,7,4,2024-03-07,AA,1604.0,SAT,MIA,323,539,156.0,1143.0,0,0,0,0,0
9,19,4,2024-09-19,AA,2456.0,DFW,IND,660,851,131.0,761.0,0,0,0,0,0
8,22,4,2024-08-22,OO,5458.0,ORD,FSD,525,642,117.0,462.0,0,0,0,0,0
1,5,5,2024-01-05,UA,1501.0,JAX,IAH,420,516,156.0,817.0,0,0,1,0,0
7,3,3,2024-07-03,DL,2972.0,DFW,MSP,631,790,159.0,852.0,0,0,0,0,0
6,30,7,2024-06-30,UA,1681.0,DSM,IAH,365,507,142.0,802.0,0,0,0,0,0
1,2,2,2024-01-02,WN,1472.0,ABQ,MDW,440,655,155.0,1121.0,0,0,0,0,0
10,25,5,2024-10-25,UA,1255.0,GEG,DEN,812,1007,135.0,836.0,0,0,0,0,0
12,23,1,2024-12-23,DL,1138.0,BOS,MSP,460,612,212.0,1124.0,1,0,1,0,0
8,22,4,2024-08-22,AA,1280.0,PHX,JFK,1336,374,298.0,2153.0,0,0,0,0,0
1,19,5,2024-01-19,DL,1621.0,ATL,GPT,564,590,86.0,352.0,0,0,0,0,0
5,10,5,2024-05-10,B6,2215.0,BOS,BUF,777,869,92.0,395.0,0,0,0,0,0
4,19,5,2024-04-19,AS,653.0,SEA,RNO,783,887,104.0,564.0,1,0,0,0,0
7,6,6,2024-07-06,OO,4657.0,IAH,ICT,1296,1408,112.0,542.0,0,0,0,0,0
6,23,7,2024-06-23,UA,1334.0,SEA,EWR,730,1239,329.0,2402.0,0,0,0,0,0
10,9,3,2024-10-09,OO,5250.0,DEN,HSV,1079,1307,168.0,1048.0,0,0,0,0,0
4,14,7,2024-04-14,OH,5110.0,CLT,OAJ,1363,1429,66.0,191.0,1,0,1,0,0
9,20,5,2024-09-20,OO,3754.0,SEA,GEG,690,765,75.0,224.0,0,0,0,0,0
7,21,7,2024-07-21,OH,5324.0,CLT,OAJ,1363,1439,76.0,191.0,0,1,1,0,1
8,2,5,2024-08-02,AA,2134.0,DCA,BOS,605,711,106.0,399.0,1,0,0,0,0
10,17,4,2024-10-17,OO,4145.0,SEA,GEG,825,900,75.0,224.0,0,0,0,0,0
12,2,1,2024-12-02,OH,5366.0,CLT,FWA,1288,1395,107.0,460.0,0,0,0,0,0
1,18,4,2024-01-18,DL,2448.0,ATL,SDF,684,765,81.0,321.0,0,0,0,0,0
7,29,1,2024-07-29,NK,979.0,ATL,LAS,474,549,255.0,1747.0,0,0,0,0,0
3,20,3,2024-03-20,OH,5041.0,PHL,RDU,718,812,94.0,337.0,1,0,0,0,0
5,21,2,2024-05-21,AA,1309.0,ORD,ANC,1020,1231,391.0,2846.0,0,0,0,0,0
7,9,2,2024-07-09,NK,1930.0,BWI,FLL,1269,1431,162.0,925.0,0,0,0,0,0
6,2,7,2024-06-02,WN,1842.0,VPS,BNA,1080,1165,85.0,389.0,0,0,0,0,0
6,2,7,2024-06-02,WN,4569.0,SMF,GEG,945,1055,110.0,649.0,0,0,0,0,0
11,20,3,2024-11-20,OO,3992.0,PSC,SEA,686,767,81.0,172.0,0,0,0,0,0
6,14,5,2024-06-14,DL,3089.0,GSP,ATL,625,689,64.0,153.0,0,0,0,0,0
8,17,6,2024-08-17,UA,552.0,LAX,SFO,1220,1310,90.0,337.0,0,0,0,0,0
6,6,4,2024-06-06,OO,3760.0,MBS,DTW,420,473,53.0,98.0,1,0,0,0,0
8,17,6,2024-08-17,F9,1808.0,MCO,PHL,1282,1439,157.0,861.0,1,0,0,0,0
11,30,6,2024-11-30,DL,3090.0,IND,DTW,365,438,73.0,231.0,0,0,0,0,0
8,24,6,2024-08-24,NK,2370.0,LAS,BUR,550,621,71.0,223.0,0,0,0,0,0
11,27,3,2024-11-27,B6,387.0,BOS,LAX,960,1165,385.0,2611.0,0,0,0,0,0
11,9,6,2024-11-09,AA,1989.0,LAX,PHL,1405,443,298.0,2402.0,1,0,1,0,0
10,10,4,2024-10-10,WN,468.0,PHX,SLC,360,520,100.0,507.0,0,0,0,0,0
10,2,3,2024-10-02,WN,2598.0,DCA,BNA,1140,1190,110.0,562.0,0,0,0,0,0
7,27,6,2024-07-27,OO,6274.0,LAX,DEN,863,1065,142.0,862.0,0,0,0,0,0
7,13,6,2024-07-13,WN,1100.0,OMA,LAS,1220,1270,170.0,1099.0,0,0,1,0,0
10,20,7,2024-10-20,MQ,3387.0,MIA,PNS,1045,1094,109.0,530.0,0,0,0,0,0
1,17,3,2024-01-17,UA,580.0,CHS,ORD,690,772,142.0,760.0,1,0,1,0,0
11,21,4,2024-11-21,DL,2951.0,ATL,BDL,500,635,135.0,859.0,0,0,0,0,0
3,13,3,2024-03-13,AA,1100.0,DFW,BNA,792,900,108.0,631.0,0,0,0,0,0
8,23,5,2024-08-23,DL,2169.0,ATL,GSO,835,910,75.0,306.0,0,0,0,0,0
12,6,5,2024-12-06,AS,18.0,PDX,JFK,434,930,316.0,2454.0,0,0,0,0,0
8,16,5,2024-08-16,WN,1669.0,PHX,ELP,1025,1160,75.0,347.0,0,0,0,0,0
8,1,4,2024-08-01,AA,2772.0,JFK,AUS,1200,1398,258.0,1521.0,1,0,1,0,0
6,26,3,2024-06-26,G4,382.0,SRQ,CVG,1043,1181,138.0,812.0,0,0,0,0,1
3,24,7,2024-03-24,AA,2945.0,FLL,CLT,872,1000,128.0,632.0,0,0,0,0,0
9,26,4,2024-09-26,UA,1703.0,ORD,MCI,1190,1289,99.0,403.0,0,0,0,0,0
9,4,3,2024-09-04,YX,3600.0,EWR,MKE,1300,1393,153.0,725.0,0,0,0,0,0
7,16,2,2024-07-16,UA,1575.0,DEN,PHL,610,950,220.0,1558.0,0,0,0,0,0
6,8,6,2024-06-08,MQ,4070.0,PHX,ELP,1151,1290,79.0,347.0,0,0,0,0,0
1,11,4,2024-01-11,AA,1204.0,BUF,CLT,349,481,132.0,546.0,0,0,0,0,0
12,8,7,2024-12-08,DL,410.0,DCA,ATL,360,483,123.0,547.0,0,0,0,0,0
11,21,4,2024-11-21,YX,4357.0,EYW,PHL,730,911,181.0,1121.0,0,0,0,0,0
9,6,5,2024-09-06,UA,336.0,SFO,SAN,650,749,99.0,447.0,0,0,0,0,0
5,20,1,2024-05-20,WN,768.0,BWI,ABQ,700,835,255.0,1670.0,1,0,0,0,0
12,31,2,2024-12-31,NK,3052.0,FLL,DFW,574,714,200.0,1119.0,0,0,0,0,0
10,4,5,2024-10-04,DL,2107.0,MSP,SNA,1110,1225,235.0,1522.0,0,0,0,0,0
9,27,5,2024-09-27,AA,1500.0,DFW,BNA,1259,1376,117.0,631.0,0,0,0,0,0
9,4,3,2024-09-04,AS,537.0,BOS,SEA,600,797,377.0,2496.0,0,0,0,0,0
12,15,7,2024-12-15,DL,366.0,PHX,ATL,973,1309,216.0,1587.0,0,1,0,0,0
11,24,7,2024-11-24,AS,450.0,SEA,CMH,838,1280,262.0,2016.0,0,0,0,0,0
12,18,3,2024-12-18,WN,4113.0,SNA,SJC,1080,1160,80.0,342.0,0,0,0,0,0
6,30,7,2024-06-30,AA,1747.0,MSP,ORD,1056,1150,94.0,334.0,0,0,0,0,1
2,23,5,2024-02-23,DL,1564.0,SLC,GEG,690,741,111.0,546.0,0,0,0,0,0
1,16,2,2024-01-16,OO,3379.0,GEG,BOI,600,728,68.0,287.0,0,0,0,0,0
1,9,2,2024-01-09,WN,2630.0,FLL,MSY,1130,1205,135.0,674.0,0,0,1,0,1
4,27,6,2024-04-27,NK,1701.0,DFW,MCO,619,839,160.0,985.0,0,0,1,0,0
3,3,7,2024-03-03,NK,1148.0,MCO,CLT,310,416,106.0,468.0,1,0,1,0,0
3,22,5,2024-03-22,WN,1040.0,LGB,SMF,735,825,90.0,387.0,0,0,0,0,0
6,26,3,2024-06-26,OO,4730.0,ORD,TUL,543,667,124.0,585.0,0,0,0,0,0
11,21,4,2024-11-21,F9,3855.0,PHL,MCO,1161,1334,173.0,861.0,0,0,0,0,0
7,11,4,2024-07-11,AA,2701.0,PHX,BOS,1305,346,301.0,2300.0,0,0,0,0,0
1,25,4,2024-01-25,DL,2726.0,ATL,BNA,910,919,69.0,214.0,0,0,1,0,0
11,7,4,2024-11-07,WN,4260.0,ABQ,PHX,960,1045,85.0,328.0,0,0,0,0,0
11,9,6,2024-11-09,OO,4876.0,ELP,LAX,752,833,141.0,715.0,0,0,0,0,0
8,6,2,2024-08-06,AA,2269.0,DFW,STL,934,1037,103.0,550.0,1,0,0,0,1
10,13,7,2024-10-13,UA,2297.0,DEN,RAP,690,761,71.0,300.0,0,0,0,0,0
11,26,2,2024-11-26,UA,1013.0,DEN,LAX,690,783,153.0,862.0,0,0,0,0,0
3,14,4,2024-03-14,YX,4398.0,JFK,CLE,553,697,144.0,425.0,0,0,0,0,0
5,25,6,2024-05-25,AA,933.0,LGA,BOS,560,632,72.0,184.0,0,0,0,0,0
9,28,6,2024-09-28,AS,922.0,EUG,SEA,480,549,69.0,234.0,0,0,0,0,0
3,22,5,2024-03-22,OO,3896.0,SLC,OMA,831,1026,135.0,840.0,0,0,0,0,0
4,13,6,2024-04-13,UA,2446.0,EWR,SRQ,1200,1385,185.0,1034.0,0,0,0,0,0
12,15,7,2024-12-15,WN,4559.0,AUS,LAS,840,905,185.0,1090.0,0,0,0,0,0
9,26,4,2024-09-26,NK,193.0,LAS,SJC,516,605,89.0,386.0,0,0,0,0,0
4,9,2,2024-04-09,OH,5505.0,BDL,DCA,1039,1132,93.0,313.0,0,0,0,0,0
8,27,2,2024-08-27,F9,3021.0,ATL,DFW,510,597,147.0,731.0,0,0,0,0,0
6,19,3,2024-06-19,9E,4846.0,ORF,DTW,785,906,121.0,529.0,0,0,0,0,0
4,13,6,2024-04-13,DL,2640.0,MSP,CHS,655,883,168.0,1087.0,0,0,0,0,0
3,2,6,2024-03-02,UA,1224.0,EWR,PBI,890,1074,184.0,1023.0,1,0,0,0,1
10,14,1,2024-10-14,F9,2720.0,PBI,PHL,610,767,157.0,951.0,0,0,0,0,0
10,7,1,2024-10-07,UA,2446.0,DEN,LGA,610,957,227.0,1620.0,0,0,0,0,0
6,20,4,2024-06-20,WN,1220.0,MKE,BNA,330,420,90.0,475.0,0,0,0,0,0
3,2,6,2024-03-02,AA,1487.0,JFK,PHX,510,779,389.0,2153.0,0,0,0,0,0
8,4,7,2024-08-04,DL,3002.0,ATL,BNA,1270,1277,67.0,214.0,1,0,0,0,0
1,5,5,2024-01-05,WN,1010.0,FLL,TPA,1140,1210,70.0,197.0,0,0,0,0,0
9,29,7,2024-09-29,9E,5004.0,LGA,GSP,878,1008,130.0,610.0,0,0,0,0,0
1,30,2,2024-01-30,MQ,3827.0,AUS,DFW,705,771,66.0,190.0,0,0,0,0,0
1,3,3,2024-01-03,9E,5038.0,DTW,SDF,950,1032,82.0,306.0,0,0,0,0,0
1,24,3,2024-01-24,OO,3424.0,LAX,SFO,570,658,88.0,337.0,0,0,1,0,0
10,27,7,2024-10-27,UA,2294.0,LAS,EWR,429,901,292.0,2227.0,0,0,0,0,0
4,21,7,2024-04-21,WN,1658.0,LAS,DEN,715,890,115.0,628.0,1,0,1,0,1
3,26,2,2024-03-26,WN,2762.0,TPA,MKE,370,475,165.0,1075.0,0,0,0,0,0
9,13,5,2024-09-13,AA,1449.0,CLT,JAX,695,791,96.0,328.0,0,0,0,0,0
5,2,4,2024-05-02,DL,1742.0,ATL,MCO,955,1045,90.0,404.0,0,0,0,0,0
8,11,7,2024-08-11,DL,1211.0,MIA,ATL,420,540,120.0,594.0,0,0,0,0,0
9,7,6,2024-09-07,DL,1233.0,JFK,AUS,1100,1304,264.0,1521.0,0,0,1,0,1
12,18,3,2024-12-18,UA,1724.0,EWR,SFO,990,1181,371.0,2565.0,0,0,0,0,0
5,5,7,2024-05-05,WN,2254.0,PDX,LAS,1250,1375,125.0,763.0,0,0,0,0,0
6,18,2,2024-06-18,OO,4705.0,DEN,HLN,1168,1286,118.0,594.0,1,0,0,0,0
4,10,3,2024-04-10,OH,5271.0,ORF,PHL,456,525,69.0,212.0,0,0,0,0,0
7,1,1,2024-07-01,F9,2107.0,FSD,DEN,880,927,107.0,483.0,0,0,1,0,1
1,30,2,2024-01-30,DL,2483.0,DTW,GRR,535,600,65.0,120.0,0,0,0,0,0
12,2,1,2024-12-02,NK,2022.0,CMH,LGA,609,720,111.0,479.0,0,0,0,0,0
6,19,3,2024-06-19,G4,846.0,PGD,ATW,540,672,192.0,1250.0,0,0,0,0,0
12,10,2,2024-12-10,WN,4259.0,HNL,OGG,1200,1245,45.0,100.0,0,0,0,0,0
6,27,4,2024-06-27,AA,630.0,PHX,ORD,1130,18,208.0,1440.0,1,0,0,0,1
11,25,1,2024-11-25,AS,158.0,JFK,PSP,705,893,368.0,2378.0,0,0,0,0,0
1,20,6,2024-01-20,WN,3465.0,MCI,DAL,635,730,95.0,461.0,0,0,0,0,0
11,6,3,2024-11-06,OO,3444.0,SAN,SBP,1259,1334,75.0,263.0,0,0,0,0,1
4,20,6,2024-04-20,AA,2463.0,SAT,CLT,385,615,170.0,1095.0,0,0,0,0,0
10,7,1,2024-10-07,UA,2356.0,LAS,SFO,480,581,101.0,414.0,0,0,1,0,0
7,31,3,2024-07-31,OH,5458.0,TYS,DCA,1024,1118,94.0,437.0,0,0,1,0,1
12,23,1,2024-12-23,B6,723.0,JFK,LAX,545,744,379.0,2475.0,0,0,0,0,0
7,18,4,2024-07-18,AS,877.0,SFO,HNL,698,849,331.0,2398.0,0,0,0,0,0
11,18,1,2024-11-18,MQ,3437.0,DFW,CRP,616,711,95.0,354.0,0,0,0,0,1
8,15,4,2024-08-15,YX,5666.0,BOS,DCA,1199,1320,121.0,399.0,0,0,0,0,1
9,7,6,2024-09-07,AS,835.0,OGG,PDX,797,1304,327.0,2562.0,0,0,0,0,0
7,9,2,2024-07-09,AA,2301.0,BUF,CLT,1128,1234,106.0,546.0,0,0,1,0,1
8,23,5,2024-08-23,WN,352.0,MSY,BWI,370,580,150.0,998.0,0,0,0,0,0
4,2,2,2024-04-02,MQ,3912.0,CID,ORD,465,552,87.0,196.0,0,0,0,0,0
1,1,1,2024-01-01,WN,366.0,OAK,PHX,530,705,115.0,646.0,0,0,0,0,0
7,15,1,2024-07-15,WN,4314.0,RIC,BNA,660,705,105.0,527.0,0,0,0,0,0
8,6,2,2024-08-06,9E,5050.0,SHV,ATL,1136,1310,114.0,551.0,0,0,0,0,0
8,29,4,2024-08-29,9E,5096.0,CVG,JFK,700,829,129.0,589.0,0,0,0,0,0
9,9,1,2024-09-09,UA,341.0,IAH,EWR,655,927,212.0,1400.0,0,0,0,0,0
10,21,1,2024-10-21,AS,1125.0,OAK,SEA,360,491,131.0,672.0,0,0,0,0,0
4,7,7,2024-04-07,OO,3953.0,PDX,SEA,555,621,66.0,129.0,0,0,0,0,0
12,16,1,2024-12-16,WN,1581.0,MDW,JAX,755,950,135.0,849.0,0,0,0,0,0
7,11,4,2024-07-11,WN,4025.0,LAX,MCI,1120,1430,190.0,1363.0,1,0,1,0,1
7,30,2,2024-07-30,DL,2403.0,CMH,MSP,381,450,129.0,626.0,0,0,0,0,0
6,17,1,2024-06-17,AA,2785.0,LAX,LAS,1185,1255,70.0,236.0,0,0,0,0,0
3,18,1,2024-03-18,YX,5644.0,ORD,BOS,800,1003,143.0,867.0,0,0,0,0,0
10,26,6,2024-10-26,WN,3512.0,SNA,PHX,840,915,75.0,338.0,0,0,0,0,0
9,10,2,2024-09-10,MQ,3527.0,ORD,MSP,836,921,85.0,334.0,0,0,0,0,0
11,4,1,2024-11-04,DL,2121.0,SAN,MSP,719,1066,227.0,1532.0,0,0,0,0,0
3,9,6,2024-03-09,AA,1522.0,JAX,CLT,1080,1165,85.0,328.0,0,1,0,0,1
2,7,3,2024-02-07,DL,1413.0,FLL,ATL,1000,1121,121.0,581.0,0,0,0,0,0
7,8,1,2024-07-08,UA,2624.0,BWI,DEN,605,724,239.0,1491.0,0,0,0,0,0
6,20,4,2024-06-20,OH,5450.0,SDF,PHL,955,1070,115.0,576.0,0,0,0,0,1
11,23,6,2024-11-23,NK,2905.0,LAS,ABQ,964,1119,95.0,486.0,0,0,0,0,0
7,14,7,2024-07-14,MQ,3544.0,ORD,GRR,905,1020,55.0,137.0,0,0,1,0,1
5,4,6,2024-05-04,UA,647.0,BOS,DEN,450,612,282.0,1754.0,0,0,0,0,0
9,19,4,2024-09-19,WN,3033.0,RDU,BWI,925,995,70.0,255.0,0,0,0,0,0
3,18,1,2024-03-18,9E,5005.0,LGA,IND,720,867,147.0,660.0,0,0,0,0,0
10,29,2,2024-10-29,DL,436.0,ATL,DFW,1051,1134,143.0,731.0,0,0,1,0,0
8,31,6,2024-08-31,UA,1922.0,DEN,XNA,1060,1229,109.0,616.0,0,0,0,0,0
4,24,3,2024-04-24,DL,1503.0,JFK,JAX,450,604,154.0,828.0,0,0,0,0,0
1,16,2,2024-01-16,NK,7.0,ORD,FLL,312,561,189.0,1182.0,0,0,0,0,0
6,6,4,2024-06-06,DL,1225.0,ATL,LEX,822,894,72.0,304.0,0,0,0,0,0
7,18,4,2024-07-18,OO,4046.0,AUS,CVG,539,756,157.0,958.0,0,1,0,0,0
10,24,4,2024-10-24,UA,1565.0,DEN,DFW,1078,1262,124.0,641.0,0,0,0,0,0
11,13,3,2024-11-13,AA,1694.0,TPA,DFW,319,440,181.0,929.0,0,0,0,0,0
8,30,5,2024-08-30,DL,2673.0,MSP,IAH,645,814,169.0,1034.0,0,0,0,0,0
6,27,4,2024-06-27,WN,2366.0,SJC,DEN,850,1060,150.0,948.0,0,0,0,0,0
6,11,2,2024-06-11,WN,4241.0,SNA,PHX,720,805,85.0,338.0,0,0,0,0,0
7,27,6,2024-07-27,MQ,3346.0,MIA,BNA,890,975,145.0,806.0,0,0,0,0,0
7,28,7,2024-07-28,MQ,3956.0,DFW,TUL,888,960,72.0,237.0,0,0,0,0,0
1,4,4,2024-01-04,OH,5333.0,GSP,PHL,483,590,107.0,515.0,0,0,0,0,0
9,23,1,2024-09-23,AA,338.0,PHX,ORD,735,1072,217.0,1440.0,0,0,0,0,0
7,16,2,2024-07-16,WN,1495.0,TPA,ATL,660,750,90.0,406.0,1,0,0,0,1
10,6,7,2024-10-06,DL,1150.0,MCO,ATL,1079,1176,97.0,404.0,0,0,0,0,0
8,2,5,2024-08-02,B6,1574.0,LAX,EWR,1255,318,323.0,2454.0,0,0,1,0,1
7,9,2,2024-07-09,WN,1642.0,ATL,STL,775,815,100.0,484.0,0,0,0,0,0
9,8,7,2024-09-08,WN,1121.0,BUR,LAS,955,1025,70.0,223.0,0,0,1,0,1
5,7,2,2024-05-07,WN,2358.0,SAN,PHX,435,515,80.0,304.0,0,0,0,0,0
12,30,1,2024-12-30,WN,6580.0,MCO,MSP,685,840,215.0,1310.0,0,0,0,0,0
12,18,3,2024-12-18,AA,2.0,LAX,JFK,480,990,330.0,2475.0,0,0,0,0,0
8,24,6,2024-08-24,WN,2875.0,SJC,SNA,425,510,85.0,342.0,0,0,0,0,0
1,30,2,2024-01-30,AA,1851.0,GRR,DFW,916,1030,174.0,931.0,0,0,0,0,0
10,28,1,2024-10-28,UA,2383.0,RSW,IAH,834,937,163.0,861.0,0,0,0,0,0
1,29,1,2024-01-29,OO,3782.0,SMF,LAX,360,458,98.0,373.0,0,0,0,0,0
6,21,5,2024-06-21,AA,2909.0,CLT,VPS,899,937,98.0,460.0,0,0,0,0,0
1,30,2,2024-01-30,AA,2543.0,LAX,DFW,824,1125,181.0,1235.0,0,0,0,0,0
8,16,5,2024-08-16,WN,456.0,SMF,SAN,600,695,95.0,480.0,0,0,0,0,0
9,23,1,2024-09-23,DL,1158.0,OKC,ATL,485,671,126.0,761.0,0,0,0,0,0
8,25,7,2024-08-25,MQ,3967.0,DFW,MYR,833,1051,158.0,1048.0,0,0,0,0,0
8,7,3,2024-08-07,DL,952.0,MEM,ATL,975,1121,86.0,332.0,0,0,0,0,0
4,1,1,2024-04-01,UA,1352.0,IAH,GSP,1085,1280,135.0,837.0,0,0,0,0,0
11,30,6,2024-11-30,B6,1915.0,JFK,SFO,600,823,403.0,2586.0,0,0,0,0,0
12,6,5,2024-12-06,MQ,3536.0,DFW,TLH,1075,1255,120.0,767.0,0,0,0,0,0
10,4,5,2024-10-04,WN,3426.0,KOA,HNL,830,885,55.0,163.0,0,0,0,0,0
8,4,7,2024-08-04,WN,3695.0,IAH,DEN,700,785,145.0,862.0,0,0,0,0,0
6,18,2,2024-06-18,G4,2844.0,BMI,SFB,529,728,139.0,917.0,0,0,0,0,0
5,3,5,2024-05-03,DL,2970.0,ATL,MKE,1375,1434,119.0,669.0,0,0,0,0,0
2,25,7,2024-02-25,HA,514.0,LIH,HNL,1149,1185,36.0,102.0,1,0,0,0,1
12,22,7,2024-12-22,YX,5845.0,MCI,LGA,420,656,176.0,1107.0,0,0,0,0,0
8,29,4,2024-08-29,WN,2538.0,SMF,LAS,1120,1205,85.0,397.0,0,0,0,0,0
10,15,2,2024-10-15,AA,1796.0,DFW,PHX,995,1034,159.0,868.0,0,0,0,0,0
11,24,7,2024-11-24,DL,2099.0,IAH,LGA,855,1123,208.0,1416.0,0,0,0,0,0
8,5,1,2024-08-05,WN,1403.0,BNA,MKE,1235,1330,95.0,475.0,0,0,0,0,0
9,10,2,2024-09-10,WN,100.0,MDW,ATL,455,625,110.0,591.0,0,0,0,0,0
1,20,6,2024-01-20,WN,1030.0,DAL,ATL,835,1010,115.0,721.0,0,0,0,0,0
12,1,7,2024-12-01,UA,714.0,SAN,ORD,657,1026,249.0,1723.0,0,0,0,0,0
5,29,3,2024-05-29,DL,689.0,LAX,RDU,779,1246,287.0,2239.0,0,0,0,0,0
6,10,1,2024-06-10,HA,535.0,OGG,HNL,1140,1180,40.0,100.0,0,0,0,0,0
12,23,1,2024-12-23,AA,1726.0,DFW,LGA,1163,1425,202.0,1389.0,0,0,0,0,0
10,9,3,2024-10-09,UA,2261.0,FLL,IAH,420,530,170.0,966.0,0,0,0,0,0
5,13,1,2024-05-13,WN,1482.0,PVD,TPA,750,930,180.0,1136.0,1,0,1,0,1
10,11,5,2024-10-11,YX,5694.0,LGA,PIT,657,761,104.0,335.0,0,0,0,0,0
6,30,7,2024-06-30,UA,1908.0,IAH,STT,586,934,288.0,2070.0,0,0,0,0,0
3,5,2,2024-03-05,DL,1502.0,ATL,DTW,1255,1368,113.0,594.0,0,0,0,0,0
8,12,1,2024-08-12,YX,5626.0,BOS,CLT,465,616,151.0,728.0,0,0,1,0,0
4,20,6,2024-04-20,OO,4748.0,ORD,ATW,1220,1293,73.0,160.0,0,0,0,0,0
5,21,2,2024-05-21,9E,5318.0,ITH,JFK,946,1029,83.0,189.0,0,0,0,0,0
2,27,2,2024-02-27,UA,432.0,IAH,FLL,1107,1315,148.0,966.0,0,0,0,0,0
1,22,1,2024-01-22,AA,1755.0,ATL,ORD,375,449,134.0,606.0,0,0,0,0,0
4,10,3,2024-04-10,UA,2359.0,MCO,IAH,795,898,163.0,854.0,0,0,0,0,0
9,4,3,2024-09-04,DL,2566.0,DTW,EWR,430,528,98.0,488.0,0,0,0,0,0
5,16,4,2024-05-16,AA,2084.0,PHL,MCO,528,687,159.0,861.0,0,0,0,0,0
5,27,1,2024-05-27,DL,1578.0,ATL,MDW,1025,1078,113.0,591.0,0,0,0,0,0
7,6,6,2024-07-06,AA,1470.0,TPA,PHX,1080,1148,248.0,1788.0,0,0,1,0,1
12,15,7,2024-12-15,YX,4504.0,LGA,PHL,370,452,82.0,96.0,0,0,0,0,0
6,19,3,2024-06-19,WN,2337.0,PHX,LAX,740,820,80.0,370.0,0,0,0,0,0
8,8,4,2024-08-08,AS,1072.0,SEA,SJC,382,514,132.0,696.0,0,0,0,0,0
7,13,6,2024-07-13,DL,1470.0,ATL,MCI,1010,1072,122.0,692.0,0,0,0,0,0
1,3,3,2024-01-03,WN,667.0,BWI,MIA,1255,1420,165.0,946.0,1,0,0,0,1
9,2,1,2024-09-02,OO,5374.0,DEN,IDA,490,594,104.0,458.0,0,0,0,0,0
5,9,4,2024-05-09,UA,1297.0,MCO,EWR,876,1055,179.0,937.0,0,0,0,0,0
5,22,3,2024-05-22,WN,4885.0,OAK,PHX,1185,1300,115.0,646.0,0,0,0,0,0
5,19,7,2024-05-19,UA,1721.0,SFO,KOA,535,697,342.0,2367.0,0,0,0,0,0
1,21,7,2024-01-21,DL,2444.0,LAX,LAS,940,1016,76.0,236.0,0,0,0,0,0
10,13,7,2024-10-13,OO,3341.0,PSP,PDX,697,847,150.0,873.0,0,0,0,0,0
9,3,2,2024-09-03,OO,3768.0,FAT,SLC,755,916,101.0,501.0,0,0,0,0,0
7,14,7,2024-07-14,DL,2741.0,FLL,ATL,667,774,107.0,581.0,0,0,0,0,0
3,12,2,2024-03-12,B6,1402.0,FLL,JFK,485,660,175.0,1069.0,0,0,0,0,0
1,21,7,2024-01-21,UA,1214.0,SAV,DEN,970,1096,246.0,1414.0,0,0,0,0,0
2,2,5,2024-02-02,DL,1241.0,LIT,ATL,345,492,87.0,453.0,0,0,0,0,0
9,30,1,2024-09-30,WN,2129.0,HNL,OGG,840,890,50.0,100.0,0,0,0,0,0
7,22,1,2024-07-22,UA,2293.0,MFE,IAH,300,378,78.0,316.0,1,0,0,0,0
6,10,1,2024-06-10,MQ,4009.0,DFW,AUS,775,844,69.0,190.0,0,0,0,0,0
2,27,2,2024-02-27,UA,2005.0,DFW,SFO,1180,1302,242.0,1464.0,0,0,0,0,0
12,25,3,2024-12-25,WN,343.0,DEN,SMF,1250,1345,155.0,909.0,0,0,0,0,0
12,27,5,2024-12-27,AA,456.0,PHL,PBI,1135,1312,177.0,951.0,1,0,0,0,1
7,12,5,2024-07-12,AA,2376.0,CLT,DTW,780,888,108.0,500.0,1,0,0,0,1
8,5,1,2024-08-05,AA,1922.0,PIT,ORD,1030,1067,97.0,413.0,0,0,1,0,1
2,15,4,2024-02-15,DL,1609.0,ORD,MSP,615,716,101.0,334.0,0,0,0,0,0
12,1,7,2024-12-01,MQ,3959.0,DFW,AMA,621,719,98.0,312.0,0,0,0,0,1
7,9,2,2024-07-09,UA,1663.0,IAH,MFE,1224,1303,79.0,316.0,0,0,0,0,0
1,16,2,2024-01-16,WN,998.0,TPA,BUF,570,730,160.0,1053.0,1,0,1,0,1
6,14,5,2024-06-14,WN,2107.0,JAX,DEN,725,840,235.0,1447.0,0,0,0,0,0
3,29,5,2024-03-29,AA,1411.0,ORD,MIA,419,665,186.0,1197.0,0,0,0,0,0
2,5,1,2024-02-05,WN,2188.0,DEN,ABQ,1205,1285,80.0,349.0,0,0,0,0,1
7,15,1,2024-07-15,WN,1919.0,DEN,PIT,925,1220,175.0,1290.0,0,0,1,0,1
11,14,4,2024-11-14,WN,3344.0,ABQ,MCI,855,1025,110.0,718.0,0,0,0,0,0
7,1,1,2024-07-01,AA,2374.0,DTW,DFW,720,830,170.0,986.0,0,0,0,0,0
6,17,1,2024-06-17,DL,2052.0,ATL,RDU,615,700,85.0,356.0,0,0,0,0,0
5,20,1,2024-05-20,MQ,3324.0,DFW,OKC,778,839,61.0,175.0,0,0,0,0,0
10,3,4,2024-10-03,DL,2959.0,ATL,ICT,1250,1321,131.0,782.0,0,0,0,0,0
6,3,1,2024-06-03,OO,3202.0,TYR,DFW,1096,1158,62.0,102.0,0,1,0,0,0
11,3,7,2024-11-03,WN,2079.0,LGB,PHX,415,560,85.0,355.0,0,0,0,0,0
9,2,1,2024-09-02,OO,3415.0,PDX,SJC,370,478,108.0,569.0,0,0,0,0,0
9,6,5,2024-09-06,AA,2504.0,MYR,CLT,305,370,65.0,157.0,0,0,0,0,0
1,26,5,2024-01-26,OO,3907.0,MDW,MSP,688,789,101.0,349.0,0,0,0,0,0
4,9,2,2024-04-09,HA,285.0,OGG,HNL,850,897,47.0,100.0,0,0,0,0,0
5,3,5,2024-05-03,F9,2468.0,ATL,CLE,1373,40,107.0,554.0,0,0,0,0,0
10,20,7,2024-10-20,WN,3074.0,FAT,LAS,1075,1150,75.0,259.0,0,0,0,0,0
7,10,3,2024-07-10,AA,1553.0,LAS,CLT,719,1174,275.0,1916.0,0,0,0,0,0
1,15,1,2024-01-15,YX,5724.0,PHL,BOS,1025,1110,85.0,280.0,0,0,1,0,0
7,3,3,2024-07-03,YX,4394.0,DCA,CMH,1019,1105,86.0,323.0,0,0,1,0,0
12,6,5,2024-12-06,AA,601.0,PHX,ORD,583,863,220.0,1440.0,1,0,1,0,1
11,10,7,2024-11-10,F9,1542.0,MCO,PHL,301,454,153.0,861.0,0,0,0,0,0
7,21,7,2024-07-21,AA,1769.0,GEG,PHX,912,1070,158.0,1020.0,1,0,0,0,1
7,10,3,2024-07-10,B6,592.0,TPA,BOS,1165,1360,195.0,1185.0,1,0,1,0,0
12,12,4,2024-12-12,WN,3970.0,PHX,ORD,1115,1385,210.0,1440.0,0,0,0,0,0
9,12,4,2024-09-12,F9,4990.0,SAN,DEN,845,1057,152.0,853.0,0,0,0,0,0
1,31,3,2024-01-31,9E,5414.0,DSM,DTW,380,560,120.0,533.0,0,0,0,0,0
3,28,4,2024-03-28,UA,2468.0,PBI,EWR,422,600,178.0,1023.0,0,0,0,0,0
2,29,4,2024-02-29,UA,1872.0,ORD,FLL,835,1088,193.0,1182.0,0,0,0,0,0
6,1,6,2024-06-01,WN,1936.0,ATL,MKE,930,990,120.0,669.0,0,0,0,0,0
12,30,1,2024-12-30,UA,2012.0,BWI,DEN,962,1095,253.0,1491.0,0,0,0,0,0
3,8,5,2024-03-08,UA,2438.0,EWR,MSY,405,554,209.0,1167.0,0,0,0,0,0
12,5,4,2024-12-05,AS,106.0,SEA,FAI,720,897,237.0,1533.0,0,0,0,0,0
2,28,3,2024-02-28,WN,3219.0,RSW,STL,495,595,160.0,979.0,0,0,0,0,0
5,8,3,2024-05-08,WN,5298.0,BWI,DAL,860,995,195.0,1209.0,0,0,1,0,0
7,30,2,2024-07-30,DL,330.0,DCA,ATL,419,534,115.0,547.0,0,0,0,0,0
5,17,5,2024-05-17,UA,1305.0,DEN,ATL,1070,1371,181.0,1199.0,0,0,0,0,0
1,11,4,2024-01-11,DL,453.0,ATL,SLC,1270,1408,258.0,1590.0,0,0,0,0,0
9,19,4,2024-09-19,AA,2736.0,DFW,RSW,910,1126,156.0,1017.0,0,0,0,0,0
2,29,4,2024-02-29,AS,1080.0,SEA,SJC,570,704,134.0,696.0,0,0,0,0,0
10,31,4,2024-10-31,B6,2051.0,BOS,MCO,609,810,201.0,1121.0,0,0,0,0,0
3,1,5,2024-03-01,OO,4829.0,OKC,PHX,851,956,165.0,833.0,0,0,0,0,0
9,17,2,2024-09-17,UA,1640.0,IAH,DTW,1205,1433,168.0,1075.0,0,0,0,0,0
12,28,6,2024-12-28,B6,2223.0,JFK,LAX,1211,1419,388.0,2475.0,0,0,0,0,0
9,15,7,2024-09-15,WN,1551.0,ALB,MCO,480,660,180.0,1073.0,0,0,0,0,0
5,6,1,2024-05-06,NK,3387.0,FLL,LGA,365,541,176.0,1076.0,0,0,0,0,0
11,25,1,2024-11-25,AA,2677.0,MCO,DFW,315,441,186.0,985.0,0,0,0,0,0
1,12,5,2024-01-12,UA,552.0,EWR,MIA,1080,1271,191.0,1085.0,1,0,1,0,1
7,14,7,2024-07-14,AA,2285.0,ORD,SNA,496,640,264.0,1726.0,1,1,1,0,0
11,9,6,2024-11-09,AA,2050.0,PHL,CLT,1072,1185,113.0,449.0,0,0,0,0,0
3,7,4,2024-03-07,DL,2378.0,ATL,JFK,1199,1337,138.0,760.0,0,0,0,0,0
5,7,2,2024-05-07,AA,361.0,ORD,PHX,375,479,224.0,1440.0,0,0,1,0,0
9,11,3,2024-09-11,WN,4192.0,LAS,OAK,560,655,95.0,407.0,0,0,0,0,1
11,22,5,2024-11-22,WN,3685.0,HOU,SDF,690,875,125.0,803.0,1,0,1,0,0
1,28,7,2024-01-28,OO,3808.0,MSO,SLC,1090,1199,109.0,436.0,0,0,0,0,0
8,28,3,2024-08-28,YX,3531.0,ORD,GRB,1204,1277,73.0,173.0,0,0,0,0,0
10,23,3,2024-10-23,UA,2145.0,LAX,SFO,360,444,84.0,337.0,0,0,0,0,0
9,26,4,2024-09-26,YX,5729.0,DCA,LEX,1290,1382,92.0,414.0,0,0,0,0,0
6,21,5,2024-06-21,AA,1260.0,CLE,DFW,916,1028,172.0,1021.0,0,0,0,0,0
7,1,1,2024-07-01,F9,3101.0,DEN,MSO,734,857,123.0,679.0,0,0,0,0,0
9,30,1,2024-09-30,AA,3117.0,PHX,TUS,532,586,54.0,110.0,0,0,0,0,0
12,26,4,2024-12-26,AA,1081.0,DFW,TYS,1271,20,129.0,772.0,0,1,1,0,1
4,28,7,2024-04-28,AA,2720.0,DFW,TUS,494,517,143.0,813.0,1,0,1,0,0
4,25,4,2024-04-25,NK,225.0,RIC,MCO,875,1003,128.0,667.0,0,0,0,0,0
7,1,1,2024-07-01,MQ,3903.0,TRI,DFW,991,1088,157.0,868.0,0,0,0,0,0
8,20,2,2024-08-20,UA,1834.0,TPA,SFO,1140,1295,335.0,2393.0,0,0,0,0,0
3,9,6,2024-03-09,F9,1517.0,PHL,RDU,340,433,93.0,337.0,0,0,0,0,0
8,20,2,2024-08-20,WN,280.0,BHM,LAS,725,845,240.0,1618.0,0,0,0,0,0
12,16,1,2024-12-16,WN,964.0,LAS,SAN,685,760,75.0,258.0,0,0,1,0,0
2,11,7,2024-02-11,WN,910.0,STL,HOU,655,785,130.0,687.0,1,0,1,0,1
3,24,7,2024-03-24,WN,1890.0,LAX,DEN,495,695,140.0,862.0,0,0,0,0,0
5,8,3,2024-05-08,DL,1350.0,MEM,LAX,1139,1265,246.0,1619.0,0,0,0,0,0
8,23,5,2024-08-23,DL,3125.0,ATL,IND,445,534,89.0,432.0,0,0,0,0,0
1,22,1,2024-01-22,MQ,3372.0,LRD,DFW,360,447,87.0,396.0,0,0,0,0,0
6,4,2,2024-06-04,WN,3755.0,MCO,HOU,370,450,140.0,849.0,0,0,0,0,0
7,24,3,2024-07-24,OO,4747.0,ORD,XNA,540,653,113.0,522.0,1,0,0,0,0
12,7,6,2024-12-07,OH,5573.0,CLT,ILM,560,637,77.0,185.0,1,0,0,0,0
9,7,6,2024-09-07,OO,3408.0,PDX,FAT,1085,1197,112.0,626.0,0,0,0,0,0
9,19,4,2024-09-19,UA,1921.0,IAH,SAT,440,504,64.0,191.0,0,0,0,0,0
7,31,3,2024-07-31,G4,1976.0,FSD,BNA,779,901,122.0,741.0,0,0,0,0,0
8,15,4,2024-08-15,DL,434.0,ATL,LGA,1140,1285,145.0,762.0,0,0,0,0,0
3,23,6,2024-03-23,9E,4994.0,LGA,GSP,580,717,137.0,610.0,1,0,0,0,1
12,10,2,2024-12-10,YX,4553.0,LGA,CHO,720,809,89.0,305.0,0,0,0,0,0
1,27,6,2024-01-27,B6,171.0,LGA,FLL,360,541,181.0,1076.0,0,0,0,0,0
6,22,6,2024-06-22,UA,2316.0,DEN,LAS,465,522,117.0,628.0,0,0,0,0,0
10,24,4,2024-10-24,9E,5207.0,JFK,SAV,486,628,142.0,718.0,0,0,0,0,0
4,7,7,2024-04-07,WN,869.0,SJC,LAX,585,670,85.0,308.0,0,0,0,0,0
9,18,3,2024-09-18,DL,2481.0,DTW,CLT,450,559,109.0,500.0,0,0,0,0,0
3,22,5,2024-03-22,WN,3555.0,PHX,ABQ,1310,1435,65.0,328.0,1,0,0,0,0
3,10,7,2024-03-10,9E,5369.0,SGF,ATL,1031,1197,106.0,563.0,0,0,0,0,0
6,25,2,2024-06-25,F9,4647.0,LIT,DEN,881,966,145.0,771.0,0,0,0,0,0
5,2,4,2024-05-02,UA,1348.0,IAD,RDU,495,560,65.0,224.0,0,0,0,0,0
3,16,6,2024-03-16,WN,1646.0,BNA,MSY,460,560,100.0,471.0,0,0,0,0,0
12,19,4,2024-12-19,OH,5398.0,PHL,RDU,854,942,88.0,337.0,0,0,0,0,0
9,26,4,2024-09-26,WN,163.0,SAN,SFO,585,680,95.0,447.0,0,0,1,0,0
3,7,4,2024-03-07,AS,1127.0,LAX,PDX,990,1140,150.0,834.0,1,0,1,0,1
4,18,4,2024-04-18,DL,1661.0,LAX,LAS,505,582,77.0,236.0,0,0,0,0,0
10,17,4,2024-10-17,UA,1737.0,PSP,SFO,935,1028,93.0,421.0,0,0,0,0,0
2,3,6,2024-02-03,WN,1789.0,AUS,ABQ,765,820,115.0,619.0,0,0,0,0,0
4,1,1,2024-04-01,WN,6320.0,OMA,DEN,1315,1350,95.0,472.0,0,0,0,0,0
10,29,2,2024-10-29,WN,2283.0,DEN,ELP,1240,1350,110.0,563.0,0,0,0,0,0
11,24,7,2024-11-24,WN,878.0,DAL,SAT,435,505,70.0,247.0,0,0,0,0,0
8,16,5,2024-08-16,NK,1904.0,IAH,MIA,708,928,160.0,964.0,0,0,0,0,0
4,14,7,2024-04-14,WN,2702.0,BNA,LGA,900,1100,140.0,764.0,1,0,1,0,1
6,6,4,2024-06-06,OO,4230.0,WYS,SLC,930,1000,70.0,273.0,0,0,0,0,0
2,13,2,2024-02-13,HA,59.0,SMF,OGG,445,655,330.0,2404.0,1,0,0,0,0
3,18,1,2024-03-18,AA,851.0,PNS,DFW,420,551,131.0,604.0,0,0,0,0,0
8,30,5,2024-08-30,F9,1887.0,MDW,DFW,390,537,147.0,797.0,1,0,0,0,0
9,28,6,2024-09-28,DL,2470.0,ATL,TUL,499,556,117.0,674.0,0,0,0,0,0
11,25,1,2024-11-25,AA,429.0,SFO,CLT,540,1018,298.0,2296.0,0,0,0,0,0
10,16,3,2024-10-16,MQ,3928.0,DFW,COS,793,850,117.0,592.0,0,0,0,0,0
9,7,6,2024-09-07,WN,12.0,DAL,TUL,620,685,65.0,238.0,0,0,0,0,0
2,6,2,2024-02-06,WN,543.0,DEN,LAX,815,910,155.0,862.0,0,0,0,0,0
5,7,2,2024-05-07,MQ,3848.0,MLU,DFW,360,451,91.0,293.0,0,0,0,0,0
9,14,6,2024-09-14,WN,1690.0,PDX,SJC,495,605,110.0,569.0,0,0,0,0,0
4,14,7,2024-04-14,OO,5581.0,XWA,DEN,915,984,129.0,582.0,0,0,0,0,0
9,18,3,2024-09-18,UA,1283.0,FCA,DEN,375,507,132.0,752.0,0,0,0,0,0
2,28,3,2024-02-28,B6,523.0,JFK,LAX,630,830,380.0,2475.0,0,0,0,0,0
1,7,7,2024-01-07,NK,212.0,STT,FLL,1120,1247,187.0,1107.0,1,0,1,0,0
2,18,7,2024-02-18,OH,5450.0,CLT,BHM,1358,1395,97.0,350.0,0,0,1,0,1
8,2,5,2024-08-02,AA,477.0,DCA,ATL,1215,1336,121.0,547.0,1,0,0,0,0
2,17,6,2024-02-17,9E,5150.0,CVG,JFK,475,601,126.0,589.0,0,0,0,0,0
6,29,6,2024-06-29,WN,697.0,SAT,ATL,370,570,140.0,874.0,0,0,1,0,0
10,15,2,2024-10-15,UA,2376.0,MSY,IAH,591,673,82.0,305.0,0,0,0,0,0
8,14,3,2024-08-14,OO,3986.0,DTW,AZO,630,680,50.0,113.0,0,0,0,0,0
6,8,6,2024-06-08,F9,2854.0,DFW,JAX,900,1104,144.0,918.0,0,0,0,0,0
10,18,5,2024-10-18,OO,3677.0,RIC,MSP,440,568,188.0,970.0,0,0,0,0,0
4,8,1,2024-04-08,WN,3509.0,LAS,BNA,850,1185,215.0,1587.0,0,0,0,0,0
1,11,4,2024-01-11,F9,4425.0,MCO,IAH,1373,43,170.0,854.0,0,0,0,0,0
5,4,6,2024-05-04,DL,794.0,DTW,LAX,525,649,304.0,1979.0,0,0,0,0,0
2,8,4,2024-02-08,AA,2921.0,PHX,CLT,1439,354,235.0,1773.0,0,0,0,0,0
12,6,5,2024-12-06,G4,1199.0,OMA,SFB,1100,1336,176.0,1195.0,0,0,0,0,0
9,15,7,2024-09-15,DL,2373.0,HSV,ATL,889,1013,64.0,151.0,0,0,0,0,0
6,10,1,2024-06-10,WN,4840.0,LIT,DEN,1040,1110,130.0,771.0,0,0,1,0,1
4,13,6,2024-04-13,9E,5006.0,RDU,DCA,425,506,81.0,227.0,0,0,0,0,0
3,31,7,2024-03-31,WN,5431.0,RNO,PHX,970,1075,105.0,601.0,1,0,1,0,1
2,17,6,2024-02-17,NK,911.0,FLL,IND,930,1100,170.0,1005.0,1,0,1,0,0
10,9,3,2024-10-09,OO,4692.0,MLI,DEN,547,634,147.0,752.0,0,0,0,0,0
1,25,4,2024-01-25,G4,3120.0,AUS,DSM,936,1067,131.0,813.0,0,0,0,0,0
3,1,5,2024-03-01,WN,1810.0,BWI,MEM,965,1065,160.0,787.0,0,0,0,0,0
7,11,4,2024-07-11,OO,3812.0,LAX,SMF,780,868,88.0,373.0,0,0,1,0,0
5,23,4,2024-05-23,OO,3141.0,SLC,PHX,345,395,110.0,507.0,0,0,0,0,0
12,4,3,2024-12-04,WN,345.0,BWI,ALB,1255,1330,75.0,289.0,1,0,1,0,0
12,17,2,2024-12-17,AA,2833.0,MIA,BNA,1350,1438,148.0,806.0,0,0,0,0,0
7,27,6,2024-07-27,AA,711.0,MIA,CLE,1270,23,193.0,1080.0,0,0,0,0,0
3,31,7,2024-03-31,MQ,3432.0,DFW,GJT,622,722,160.0,773.0,0,0,1,0,0
1,11,4,2024-01-11,WN,2582.0,SAN,DAL,615,905,170.0,1182.0,0,0,0,0,0
6,24,1,2024-06-24,WN,3546.0,SYR,BWI,370,445,75.0,273.0,0,0,0,0,0
2,1,4,2024-02-01,WN,2816.0,AUS,LAS,925,985,180.0,1090.0,1,0,0,0,1
12,25,3,2024-12-25,HA,392.0,HNL,ITO,1040,1095,55.0,216.0,0,0,0,0,0
1,6,6,2024-01-06,OO,4830.0,SMF,PHX,768,947,119.0,647.0,0,0,0,0,1
12,13,5,2024-12-13,YX,3638.0,MYR,EWR,833,960,127.0,550.0,0,0,0,0,0
2,28,3,2024-02-28,UA,281.0,DEN,SLC,482,579,97.0,391.0,0,0,0,0,0
12,16,1,2024-12-16,B6,94.0,MCO,HPN,660,827,167.0,972.0,0,0,0,0,0
3,9,6,2024-03-09,B6,452.0,MCO,BOS,524,701,177.0,1121.0,1,0,1,0,1
10,6,7,2024-10-06,NK,2890.0,MCO,IND,550,699,149.0,829.0,0,0,0,0,0
2,19,1,2024-02-19,DL,1541.0,MSP,GRR,1235,1390,95.0,408.0,0,0,0,0,0
7,25,4,2024-07-25,F9,3322.0,MIA,RDU,360,497,137.0,700.0,0,0,0,0,0
5,19,7,2024-05-19,9E,5461.0,AUS,CVG,1155,1369,154.0,958.0,0,0,0,0,0
8,15,4,2024-08-15,OO,5493.0,ORD,ATW,650,722,72.0,160.0,0,0,0,0,0
6,25,2,2024-06-25,OO,3762.0,LAX,SJC,585,658,73.0,308.0,0,0,0,0,0
6,20,4,2024-06-20,WN,444.0,OAK,LGB,785,870,85.0,353.0,0,0,0,0,0
8,10,6,2024-08-10,AA,2945.0,BNA,CLT,882,1027,85.0,328.0,0,0,1,0,0
10,4,5,2024-10-04,DL,2206.0,LGA,ATL,600,753,153.0,762.0,0,0,0,0,0
6,18,2,2024-06-18,NK,539.0,SJU,TPA,750,931,181.0,1237.0,0,0,0,0,0
12,28,6,2024-12-28,MQ,3968.0,ORD,JAX,495,715,160.0,864.0,0,0,0,0,0
7,31,3,2024-07-31,DL,1457.0,ATL,TPA,1105,1190,85.0,406.0,0,0,1,0,0
3,27,3,2024-03-27,NK,2085.0,MCO,BOS,962,1143,181.0,1121.0,0,0,1,0,0
8,28,3,2024-08-28,OO,4642.0,BIS,DEN,1040,1099,119.0,516.0,0,0,0,0,0
10,7,1,2024-10-07,WN,2675.0,BUR,LAS,860,935,75.0,223.0,0,0,0,0,0
10,1,2,2024-10-01,DL,400.0,SFO,BOS,435,959,344.0,2704.0,0,0,0,0,0
6,6,4,2024-06-06,MQ,4105.0,ORD,XNA,1110,1230,120.0,522.0,0,0,0,0,0
6,15,6,2024-06-15,WN,1574.0,BNA,MIA,440,640,140.0,806.0,0,0,0,0,0
1,30,2,2024-01-30,UA,2097.0,SBA,SFO,1150,1228,78.0,262.0,0,0,0,0,0
10,18,5,2024-10-18,DL,2284.0,MSP,PHX,707,781,194.0,1276.0,0,0,0,0,0
5,20,1,2024-05-20,WN,1422.0,ORD,DAL,825,970,145.0,798.0,1,0,1,0,1
9,15,7,2024-09-15,WN,1978.0,BNA,MCI,950,1050,100.0,491.0,1,0,0,0,1
8,2,5,2024-08-02,AA,2940.0,CLT,BWI,1239,1326,87.0,361.0,0,1,1,0,1
4,30,2,2024-04-30,MQ,3964.0,DFW,BHM,757,867,110.0,597.0,0,0,0,0,0
3,9,6,2024-03-09,WN,686.0,LAX,SLC,450,620,110.0,590.0,0,0,0,0,0
4,28,7,2024-04-28,WN,1801.0,SAT,DEN,1020,1100,140.0,794.0,0,0,0,0,0
1,2,2,2024-01-02,UA,2662.0,DEN,PDX,980,1098,178.0,991.0,0,0,0,0,0
2,13,2,2024-02-13,DL,660.0,ATL,SLC,1165,1307,262.0,1590.0,0,0,0,0,0
2,10,6,2024-02-10,OO,4159.0,CLE,LGA,445,550,105.0,419.0,0,0,0,0,0
4,26,5,2024-04-26,F9,1804.0,MSP,MCO,1126,1396,210.0,1310.0,0,0,0,0,0
12,18,3,2024-12-18,OH,5238.0,ICT,DFW,300,390,90.0,328.0,0,0,0,0,0
4,15,1,2024-04-15,UA,1152.0,SFO,ORD,1115,56,261.0,1846.0,0,0,0,0,0
11,25,1,2024-11-25,UA,1092.0,MIA,DEN,945,1100,275.0,1709.0,0,0,0,0,0
6,18,2,2024-06-18,AA,638.0,FLL,DFW,417,549,192.0,1119.0,0,0,0,0,0
7,3,3,2024-07-03,NK,442.0,MIA,LAS,1109,1239,310.0,2174.0,0,0,0,0,0
6,27,4,2024-06-27,AA,2088.0,PHX,SNA,1022,1105,83.0,338.0,1,0,0,0,1
6,29,6,2024-06-29,UA,2239.0,DEN,SFO,1280,1380,160.0,967.0,1,0,0,0,0
4,29,1,2024-04-29,WN,2072.0,HNL,OAK,855,1350,315.0,2409.0,0,0,0,0,0
11,18,1,2024-11-18,OO,3477.0,LAX,SFO,1080,1167,87.0,337.0,0,0,0,0,0
9,14,6,2024-09-14,NK,3178.0,ATL,FLL,722,834,112.0,581.0,0,0,0,0,0
5,13,1,2024-05-13,AA,1084.0,LGA,CLT,1054,1179,125.0,544.0,0,0,0,0,0
3,19,2,2024-03-19,UA,1762.0,DEN,SAT,1060,1253,133.0,794.0,0,0,0,0,0
8,5,1,2024-08-05,WN,467.0,ONT,OAK,370,445,75.0,362.0,0,0,0,0,0
7,29,1,2024-07-29,OO,4065.0,PDX,SEA,921,984,63.0,129.0,1,0,1,0,0
3,26,2,2024-03-26,AA,451.0,EGE,DFW,678,868,130.0,721.0,0,0,0,0,0
5,10,5,2024-05-10,F9,3283.0,DFW,PHX,642,697,175.0,868.0,0,0,0,0,0
8,12,1,2024-08-12,WN,3437.0,HOU,DEN,345,430,145.0,883.0,0,0,0,0,0
1,7,7,2024-01-07,UA,326.0,IAD,SEA,1065,1250,365.0,2306.0,1,0,0,0,1
1,1,1,2024-01-01,UA,1382.0,PHL,ORD,1113,1202,149.0,678.0,0,0,0,0,0
5,21,2,2024-05-21,NK,1598.0,MSY,LAX,883,1018,255.0,1670.0,0,0,0,0,0
10,12,6,2024-10-12,UA,1513.0,MSN,IAH,485,634,149.0,966.0,0,0,0,0,0
12,12,4,2024-12-12,AS,216.0,SEA,CLE,636,1084,268.0,2021.0,0,0,0,0,0
10,4,5,2024-10-04,DL,1611.0,DTW,ATL,420,541,121.0,594.0,0,0,0,0,0
5,26,7,2024-05-26,AA,1529.0,PHL,SJU,650,885,235.0,1576.0,0,0,0,0,0
10,4,5,2024-10-04,9E,5457.0,SAV,LGA,360,490,130.0,722.0,0,0,0,0,0
6,10,1,2024-06-10,DL,2474.0,BOS,RSW,430,643,213.0,1249.0,0,0,0,0,0
4,16,2,2024-04-16,WN,2841.0,CMH,BNA,1225,1245,80.0,337.0,0,0,0,0,0
9,25,3,2024-09-25,OO,4179.0,FSD,MSP,818,885,67.0,196.0,0,0,0,0,0
9,15,7,2024-09-15,AA,1061.0,DFW,JAX,420,626,146.0,918.0,0,0,0,0,0
6,16,7,2024-06-16,WN,1493.0,GEG,DEN,645,845,140.0,836.0,0,0,0,0,0
8,29,4,2024-08-29,AA,2816.0,SAN,DFW,602,912,190.0,1171.0,0,0,0,0,0
6,1,6,2024-06-01,UA,1323.0,IAD,LAS,510,629,299.0,2065.0,1,0,1,0,1
4,10,3,2024-04-10,UA,2654.0,ORD,EWR,849,1056,147.0,719.0,0,0,0,0,0
8,24,6,2024-08-24,DL,1341.0,STL,ATL,767,926,99.0,484.0,0,0,0,0,0
9,20,5,2024-09-20,WN,1414.0,OAK,PHX,705,820,115.0,646.0,0,0,0,0,0
7,25,4,2024-07-25,WN,4412.0,RNO,LAS,1245,1325,80.0,345.0,0,0,0,0,0
8,12,1,2024-08-12,UA,2435.0,RSW,IAD,808,957,149.0,891.0,0,0,0,0,0
2,26,1,2024-02-26,AA,2376.0,LAS,DFW,1007,1288,161.0,1055.0,0,0,0,0,0
1,3,3,2024-01-03,WN,961.0,BWI,BDL,555,630,75.0,283.0,0,0,0,0,0
9,12,4,2024-09-12,AA,1487.0,JFK,PHX,403,544,321.0,2153.0,0,0,0,0,0
5,9,4,2024-05-09,G4,1964.0,BNA,PIE,1067,1235,108.0,612.0,0,0,1,0,0
10,23,3,2024-10-23,WN,244.0,PHX,ELP,1125,1260,75.0,347.0,0,0,0,0,0
1,13,6,2024-01-13,9E,5206.0,BGR,LGA,480,598,118.0,378.0,0,0,0,0,0
7,12,5,2024-07-12,G4,3223.0,PVU,PHX,390,423,93.0,468.0,1,0,0,0,0
12,15,7,2024-12-15,WN,3815.0,LGA,HOU,1080,1280,260.0,1428.0,0,0,0,0,0
3,17,7,2024-03-17,AA,1793.0,FLL,DFW,1155,1300,205.0,1119.0,1,0,0,0,1
7,10,3,2024-07-10,DL,521.0,LAX,DFW,494,803,189.0,1235.0,0,0,0,0,0
9,15,7,2024-09-15,DL,2549.0,ATL,IAD,1335,1439,104.0,534.0,0,0,0,0,0
2,7,3,2024-02-07,MQ,3649.0,DFW,RAP,607,692,145.0,835.0,1,0,0,0,0
3,16,6,2024-03-16,AA,1472.0,IAH,DFW,731,827,96.0,224.0,0,0,1,0,0
7,24,3,2024-07-24,AA,255.0,JFK,LAX,660,843,363.0,2475.0,0,0,0,0,0
6,1,6,2024-06-01,OO,3408.0,PDX,FAT,1085,1197,112.0,626.0,0,0,0,0,0
5,5,7,2024-05-05,WN,2356.0,SAV,MDW,980,1055,135.0,758.0,1,0,0,0,1
2,26,1,2024-02-26,UA,2370.0,DEN,SFO,599,711,172.0,967.0,0,0,0,0,0
1,26,5,2024-01-26,OO,3337.0,SFO,PSP,915,1007,92.0,421.0,0,0,0,0,0
2,8,4,2024-02-08,OO,5386.0,ORD,MSN,941,1009,68.0,108.0,0,0,0,0,0
11,18,1,2024-11-18,WN,1121.0,MCO,IND,410,555,145.0,829.0,0,0,0,0,0
4,8,1,2024-04-08,WN,3227.0,MDW,BWI,780,945,105.0,611.0,0,0,0,0,0
12,4,3,2024-12-04,OO,5502.0,ICT,IAH,1030,1150,120.0,542.0,0,0,0,0,1
5,29,3,2024-05-29,WN,322.0,SAT,ATL,395,595,140.0,874.0,0,0,0,0,0
11,21,4,2024-11-21,DL,1328.0,ATL,MIA,997,1113,116.0,594.0,0,0,0,0,0
8,30,5,2024-08-30,UA,1955.0,DEN,PWM,591,946,235.0,1782.0,0,0,0,0,0
5,20,1,2024-05-20,DL,2047.0,ROC,ATL,1107,1242,135.0,749.0,0,0,0,0,0
3,4,1,2024-03-04,UA,1714.0,ORF,DEN,493,634,261.0,1553.0,0,0,0,0,0
11,18,1,2024-11-18,MQ,3404.0,RDU,ORD,447,535,148.0,646.0,0,0,0,0,0
5,24,5,2024-05-24,G4,1136.0,SAV,PIT,958,1067,109.0,579.0,0,1,0,0,1
3,28,4,2024-03-28,B6,866.0,RSW,BOS,963,1162,199.0,1249.0,0,0,1,0,0
4,11,4,2024-04-11,HA,197.0,KOA,HNL,643,696,53.0,163.0,0,0,0,0,0
11,15,5,2024-11-15,AA,1037.0,RNO,PHX,994,1161,107.0,601.0,0,0,0,0,0
5,6,1,2024-05-06,UA,2648.0,OMA,DEN,557,601,104.0,472.0,1,0,1,0,0
2,24,6,2024-02-24,B6,277.0,FLL,SFO,1111,1311,380.0,2584.0,1,0,1,0,0
11,8,5,2024-11-08,DL,363.0,SFO,JFK,840,1356,336.0,2586.0,0,0,0,0,0
6,5,3,2024-06-05,YX,3652.0,EWR,GSP,404,528,124.0,594.0,0,0,0,0,0
1,16,2,2024-01-16,DL,1178.0,ORD,ATL,570,749,119.0,606.0,0,1,0,0,1
4,28,7,2024-04-28,AS,1112.0,PDX,SNA,420,564,144.0,859.0,0,0,0,0,0
2,23,5,2024-02-23,AA,2740.0,SAV,DFW,831,954,183.0,925.0,0,0,0,0,0
7,26,5,2024-07-26,YX,5832.0,LEX,DTW,700,785,85.0,296.0,0,0,0,0,0
12,23,1,2024-12-23,YX,5637.0,JFK,BOS,1260,1343,83.0,187.0,1,0,1,0,0
8,10,6,2024-08-10,AA,2124.0,SFO,PHX,730,851,121.0,651.0,0,0,0,0,0
1,20,6,2024-01-20,AA,980.0,BDL,CLT,344,479,135.0,644.0,0,0,0,0,0
8,2,5,2024-08-02,AS,834.0,HNL,PDX,720,1230,330.0,2603.0,0,0,0,0,0
4,5,5,2024-04-05,YX,3574.0,PIT,EWR,360,455,95.0,319.0,0,0,0,0,0
2,25,7,2024-02-25,OH,5147.0,CAE,CLT,1096,1164,68.0,88.0,0,0,0,0,0
1,15,1,2024-01-15,WN,1307.0,DSM,DEN,925,980,115.0,589.0,1,0,1,0,1
7,22,1,2024-07-22,AS,1208.0,PDX,LAX,1070,1219,149.0,834.0,1,0,0,0,0
11,27,3,2024-11-27,WN,1915.0,ABQ,DEN,1070,1155,85.0,349.0,0,0,0,0,0
11,26,2,2024-11-26,UA,651.0,LAX,LAS,1014,1087,73.0,236.0,1,0,1,0,1
3,10,7,2024-03-10,WN,3581.0,DEN,LGB,845,935,150.0,854.0,0,0,0,0,0
7,6,6,2024-07-06,UA,601.0,ROC,EWR,400,479,79.0,246.0,0,0,0,0,0
4,15,1,2024-04-15,OO,4012.0,SLC,ABQ,955,1058,103.0,493.0,0,0,0,0,0
1,4,4,2024-01-04,HA,165.0,OGG,HNL,570,611,41.0,100.0,0,0,0,0,0
5,6,1,2024-05-06,YX,4255.0,ROC,DCA,330,408,78.0,296.0,0,0,0,0,0
10,24,4,2024-10-24,AA,1731.0,CHS,CLT,420,485,65.0,168.0,0,0,0,0,0
11,6,3,2024-11-06,UA,2316.0,DEN,LAS,465,526,121.0,628.0,1,0,1,0,0
3,14,4,2024-03-14,OO,3784.0,MSP,GRB,610,676,66.0,252.0,0,0,0,0,0
5,25,6,2024-05-25,WN,4556.0,LAS,SNA,1135,1205,70.0,226.0,0,0,0,0,0
12,26,4,2024-12-26,AA,1589.0,CLT,IND,789,889,100.0,427.0,0,0,0,0,0
3,14,4,2024-03-14,F9,4546.0,PHX,DTW,877,1273,216.0,1671.0,0,0,1,0,0
12,16,1,2024-12-16,DL,2832.0,ATL,TLH,1075,1144,69.0,223.0,0,0,0,0,0
5,6,1,2024-05-06,AA,263.0,CVG,CLT,813,905,92.0,335.0,0,0,0,0,0
2,12,1,2024-02-12,AA,2934.0,MIA,PHL,1190,1360,170.0,1013.0,0,0,0,0,0
1,2,2,2024-01-02,UA,2334.0,LAX,IAH,1062,1380,198.0,1379.0,0,0,0,0,0
9,12,4,2024-09-12,DL,2224.0,ATL,MSY,1375,1406,91.0,425.0,0,0,0,0,0
11,23,6,2024-11-23,AA,2717.0,PHX,RNO,1060,1127,127.0,601.0,0,0,0,0,0
7,1,1,2024-07-01,WN,4407.0,DAL,PHX,825,855,150.0,879.0,0,0,0,0,0
5,9,4,2024-05-09,B6,53.0,JFK,PBI,740,920,180.0,1028.0,0,0,0,0,0
10,5,6,2024-10-05,UA,2305.0,SFO,DEN,1065,1283,158.0,967.0,0,0,0,0,0
9,22,7,2024-09-22,DL,347.0,MCO,SEA,560,750,370.0,2554.0,0,0,0,0,0
11,15,5,2024-11-15,OO,5056.0,DEN,LBL,984,1116,72.0,280.0,0,0,0,0,0
1,1,1,2024-01-01,AA,495.0,BZN,DFW,707,950,183.0,1163.0,0,0,0,0,0
9,25,3,2024-09-25,OO,5564.0,ORD,SGF,1210,1320,110.0,438.0,0,0,0,0,0
1,28,7,2024-01-28,OO,3187.0,DFW,SAF,922,981,119.0,551.0,0,0,0,0,0
5,7,2,2024-05-07,OO,5667.0,SFO,GEG,1200,1334,134.0,733.0,0,0,0,0,0
9,13,5,2024-09-13,DL,1347.0,FLL,ATL,670,776,106.0,581.0,0,0,0,0,0
5,31,5,2024-05-31,WN,1425.0,PHX,DAL,300,555,135.0,879.0,0,0,0,0,0
8,15,4,2024-08-15,NK,2207.0,MCO,BOS,875,1062,187.0,1121.0,1,0,1,0,1
5,15,3,2024-05-15,F9,4173.0,MCO,CLE,1200,1360,160.0,895.0,0,0,1,0,0
2,12,1,2024-02-12,UA,2196.0,AUS,IAH,585,650,65.0,140.0,0,0,0,0,0
11,20,3,2024-11-20,WN,1451.0,MCI,LGA,980,1200,160.0,1107.0,1,0,1,0,1
1,20,6,2024-01-20,OH,5633.0,CLT,MKE,1001,1079,138.0,651.0,1,0,1,0,0
10,2,3,2024-10-02,AA,1788.0,DFW,PHX,845,876,151.0,868.0,0,0,0,0,0
8,5,1,2024-08-05,DL,2860.0,ATL,SAV,1370,1435,65.0,214.0,1,0,0,0,0
3,10,7,2024-03-10,F9,2161.0,MCO,GRR,1004,1186,182.0,1024.0,1,0,1,0,1
8,28,3,2024-08-28,YX,4571.0,PWM,LGA,679,760,81.0,269.0,0,0,0,0,0
3,19,2,2024-03-19,WN,5526.0,LAS,BUR,1205,1270,65.0,223.0,0,0,0,0,0
6,28,5,2024-06-28,YX,4343.0,RDU,ORD,1072,1164,152.0,646.0,1,0,1,0,1
8,22,4,2024-08-22,DL,1563.0,MSP,ORD,1185,1278,93.0,334.0,0,0,0,0,0
11,9,6,2024-11-09,HA,517.0,KOA,HNL,1159,1209,50.0,163.0,0,0,0,0,0
3,5,2,2024-03-05,9E,5331.0,JFK,ROC,780,864,84.0,264.0,0,0,0,0,0
10,15,2,2024-10-15,UA,2620.0,RAP,ORD,825,1024,139.0,779.0,0,0,0,0,0
7,13,6,2024-07-13,WN,4636.0,SMF,EUG,680,760,80.0,384.0,0,0,0,0,0
12,13,5,2024-12-13,UA,755.0,IAD,BOS,1342,1439,97.0,413.0,0,0,0,0,0
6,22,6,2024-06-22,WN,3856.0,SJC,ONT,450,525,75.0,333.0,0,0,0,0,0
8,7,3,2024-08-07,NK,3704.0,MCI,DFW,1190,1280,90.0,460.0,0,0,1,0,1
11,7,4,2024-11-07,AA,46.0,DFW,CMH,1240,1439,139.0,926.0,0,0,0,0,0
12,7,6,2024-12-07,DL,1652.0,DTW,MCO,1149,1312,163.0,957.0,0,0,0,0,0
7,9,2,2024-07-09,UA,208.0,BUR,SFO,831,914,83.0,326.0,0,0,0,0,0
6,24,1,2024-06-24,WN,1952.0,BUR,AUS,450,755,185.0,1241.0,0,0,0,0,0
4,4,4,2024-04-04,DL,2913.0,GRR,MSP,414,459,105.0,408.0,0,0,0,0,0
9,4,3,2024-09-04,DL,831.0,SEA,AUS,683,1054,251.0,1770.0,0,0,0,0,0
3,21,4,2024-03-21,AS,503.0,AUS,SEA,815,975,280.0,1770.0,0,0,0,0,1
9,11,3,2024-09-11,B6,932.0,IAH,BOS,730,1023,233.0,1597.0,0,0,1,0,1
12,28,6,2024-12-28,G4,231.0,AVL,BOS,390,516,126.0,783.0,0,0,0,0,0
12,30,1,2024-12-30,DL,2331.0,ATL,JAX,1064,1133,69.0,270.0,0,0,0,0,0
4,30,2,2024-04-30,MQ,3771.0,EWR,ORD,1055,1154,159.0,719.0,0,0,1,0,0
11,3,7,2024-11-03,AA,2895.0,CLT,DFW,930,1047,177.0,936.0,1,0,1,0,0
10,1,2,2024-10-01,WN,102.0,OAK,LGB,1105,1190,85.0,353.0,0,0,0,0,0
8,9,5,2024-08-09,OH,5181.0,PHL,SDF,1169,1308,139.0,576.0,0,0,0,0,1
9,21,6,2024-09-21,MQ,3870.0,GGG,DFW,847,913,66.0,140.0,0,0,0,0,0
12,14,6,2024-12-14,B6,301.0,BUF,JFK,1182,1271,89.0,301.0,0,0,0,0,0
7,15,1,2024-07-15,B6,1680.0,FLL,DCA,629,784,155.0,899.0,0,0,0,0,0
5,20,1,2024-05-20,WN,2529.0,BWI,RSW,935,1095,160.0,919.0,0,0,0,0,0
3,24,7,2024-03-24,YX,4278.0,PHL,CMH,1154,1253,99.0,406.0,0,0,0,0,0
3,6,3,2024-03-06,UA,379.0,IAD,MCO,505,648,143.0,758.0,1,0,1,0,1
4,10,3,2024-04-10,OH,5077.0,CLT,BHM,438,472,94.0,350.0,1,0,1,0,0
7,14,7,2024-07-14,WN,971.0,DAL,MCO,1200,1415,155.0,973.0,0,0,0,0,0
6,5,3,2024-06-05,AA,702.0,DCA,BGR,620,746,126.0,590.0,0,0,0,0,1
4,6,6,2024-04-06,DL,1635.0,LGA,FLL,425,618,193.0,1076.0,0,0,0,0,0
8,28,3,2024-08-28,DL,3018.0,GSO,ATL,360,437,77.0,306.0,0,0,0,0,0
10,2,3,2024-10-02,AS,835.0,OGG,PDX,805,1311,326.0,2562.0,0,0,0,0,0
10,4,5,2024-10-04,DL,2301.0,MSP,TPA,425,673,188.0,1306.0,0,0,0,0,0
12,4,3,2024-12-04,B6,2390.0,SJU,EWR,945,1143,258.0,1608.0,0,0,0,0,0
4,8,1,2024-04-08,WN,1265.0,MKE,STL,525,605,80.0,317.0,0,0,0,0,0
2,29,4,2024-02-29,MQ,4160.0,BNA,ORD,632,741,109.0,409.0,0,0,0,0,0
5,29,3,2024-05-29,DL,2072.0,ATL,VPS,622,635,73.0,250.0,0,0,0,0,0
6,27,4,2024-06-27,WN,3140.0,AUS,ONT,920,970,170.0,1196.0,1,0,1,0,1
12,8,7,2024-12-08,AA,2111.0,CLT,MIA,1028,1161,133.0,650.0,0,0,0,0,0
12,6,5,2024-12-06,G4,902.0,IAD,PGD,1100,1261,161.0,869.0,0,0,0,0,0
1,8,1,2024-01-08,OO,4795.0,BNA,IAH,935,1087,152.0,657.0,0,0,1,0,0
6,17,1,2024-06-17,OO,3643.0,PSC,SLC,1050,1213,103.0,521.0,0,0,0,0,0
1,20,6,2024-01-20,DL,558.0,BOS,SLC,980,1211,351.0,2105.0,0,0,0,0,0
11,30,6,2024-11-30,DL,705.0,SLC,JFK,1439,385,266.0,1990.0,0,0,0,0,0
9,20,5,2024-09-20,UA,570.0,BOS,EWR,450,533,83.0,200.0,0,0,0,0,0
10,11,5,2024-10-11,WN,1743.0,STL,MCI,580,650,70.0,237.0,0,0,0,0,0
5,12,7,2024-05-12,B6,2416.0,SFO,JFK,1334,420,346.0,2586.0,0,0,0,0,0
9,5,4,2024-09-05,B6,560.0,PHL,BOS,380,459,79.0,280.0,0,0,0,0,0
5,1,3,2024-05-01,MQ,3674.0,MIA,PNS,1373,1427,114.0,530.0,0,0,0,0,0
1,8,1,2024-01-08,DL,903.0,ATL,SEA,1280,1433,333.0,2182.0,0,0,0,0,0
12,28,6,2024-12-28,WN,3429.0,OMA,DAL,1170,1285,115.0,586.0,0,0,0,0,1
9,13,5,2024-09-13,DL,1427.0,DTW,RDU,425,527,102.0,501.0,0,0,0,0,0
11,3,7,2024-11-03,OO,6387.0,SGU,DFW,822,1048,166.0,976.0,0,1,0,0,0
11,26,2,2024-11-26,9E,4894.0,DTW,CHA,525,639,114.0,505.0,0,0,0,0,0
7,15,1,2024-07-15,AS,1152.0,SEA,OAK,1304,1435,131.0,672.0,1,0,0,0,0
3,12,2,2024-03-12,AS,307.0,TPA,SEA,1106,1315,389.0,2520.0,0,0,0,0,0
6,14,5,2024-06-14,DL,2904.0,ABQ,MSP,405,619,154.0,981.0,0,0,0,0,0
2,9,5,2024-02-09,B6,768.0,PSE,MCO,190,319,189.0,1179.0,0,0,0,0,0
10,28,1,2024-10-28,WN,2837.0,MHT,MDW,395,485,150.0,838.0,0,0,0,0,0
3,24,7,2024-03-24,F9,1918.0,DEN,CLE,395,701,186.0,1201.0,0,0,0,0,0
11,3,7,2024-11-03,DL,3052.0,GSO,ATL,743,826,83.0,306.0,0,0,0,0,0
5,21,2,2024-05-21,DL,1551.0,MIA,RDU,1105,1237,132.0,700.0,0,0,0,0,0
10,14,1,2024-10-14,DL,867.0,LAX,MCO,655,1125,290.0,2218.0,0,0,0,0,0
1,2,2,2024-01-02,AA,1886.0,LAX,MIA,1370,402,292.0,2342.0,0,0,0,0,0
7,24,3,2024-07-24,AA,1287.0,MIA,DFW,708,837,189.0,1121.0,1,0,1,0,1
10,24,4,2024-10-24,9E,4967.0,ATL,CAE,540,598,58.0,192.0,0,0,0,0,0
10,22,2,2024-10-22,WN,1523.0,SMF,DEN,355,560,145.0,909.0,0,0,0,0,0
4,5,5,2024-04-05,YX,4342.0,LGA,XNA,674,826,212.0,1147.0,0,0,0,0,0
1,18,4,2024-01-18,AA,1768.0,LAX,CLT,400,858,278.0,2125.0,0,0,0,0,0
5,20,1,2024-05-20,DL,800.0,FLL,LAX,420,582,342.0,2343.0,0,0,1,0,0
5,8,3,2024-05-08,AS,51.0,ANC,BRW,892,1005,113.0,725.0,0,0,0,0,0
6,13,4,2024-06-13,WN,1525.0,AUS,TPA,930,1135,145.0,928.0,0,0,0,0,0
8,3,6,2024-08-03,WN,463.0,BNA,ECP,715,795,80.0,401.0,0,0,0,0,0
10,10,4,2024-10-10,OO,5273.0,ORD,CAE,825,1009,124.0,666.0,0,0,0,0,0
1,17,3,2024-01-17,DL,2943.0,MIA,MCO,1165,1238,73.0,192.0,0,0,0,0,0
4,24,3,2024-04-24,WN,503.0,PHX,MCI,560,830,150.0,1044.0,0,0,0,0,0
10,25,5,2024-10-25,WN,4754.0,BUR,OAK,1005,1080,75.0,325.0,0,0,0,0,0
12,11,3,2024-12-11,YX,4588.0,CLE,JFK,640,750,110.0,425.0,0,0,0,0,0
6,29,6,2024-06-29,WN,700.0,MCO,SAT,465,565,160.0,1041.0,0,0,0,0,0
3,18,1,2024-03-18,OH,5462.0,DCA,BNA,1059,1125,126.0,562.0,0,0,0,0,0
10,8,2,2024-10-08,OO,4629.0,DEN,FAR,810,993,123.0,627.0,0,0,0,0,0
9,16,1,2024-09-16,WN,4362.0,ELP,DAL,350,515,105.0,562.0,0,0,0,0,0
4,28,7,2024-04-28,9E,5493.0,LGA,ALB,1310,1383,73.0,136.0,0,0,0,0,0
12,12,4,2024-12-12,MQ,3409.0,ORD,ROC,910,1065,95.0,528.0,1,0,0,0,0
12,30,1,2024-12-30,G4,3190.0,PIE,ATW,657,776,179.0,1173.0,0,1,1,0,0
10,11,5,2024-10-11,AA,1101.0,ORD,TPA,795,1014,159.0,1012.0,0,0,0,0,0
11,25,1,2024-11-25,OO,4694.0,BIS,DEN,835,899,124.0,516.0,0,0,0,0,0
8,22,4,2024-08-22,UA,2660.0,DEN,SBA,1175,1271,156.0,916.0,1,0,0,0,1
1,7,7,2024-01-07,WN,1542.0,SMF,ONT,635,715,80.0,390.0,0,0,0,0,0
4,20,6,2024-04-20,WN,1766.0,DAL,TPA,1050,1250,140.0,917.0,0,1,0,0,1
4,1,1,2024-04-01,AA,114.0,HNL,DFW,1050,345,435.0,3784.0,0,0,0,0,0
12,2,1,2024-12-02,OH,5060.0,CLT,GSO,1370,1438,68.0,83.0,0,0,0,0,0
8,5,1,2024-08-05,DL,385.0,BOS,ATL,1110,1292,182.0,946.0,0,0,0,0,1
11,26,2,2024-11-26,OO,3957.0,MSP,FSD,545,620,75.0,196.0,0,0,0,0,0
4,26,5,2024-04-26,WN,1328.0,MCO,MDW,1305,1410,165.0,990.0,0,0,0,0,0
9,30,1,2024-09-30,DL,1530.0,RDU,ATL,1041,1130,89.0,356.0,0,0,0,0,0
12,27,5,2024-12-27,DL,2674.0,LAS,SLC,385,535,90.0,368.0,0,0,0,0,0
7,29,1,2024-07-29,WN,1563.0,MDW,BWI,450,615,105.0,611.0,0,0,0,0,0
9,28,6,2024-09-28,WN,2286.0,SJU,BWI,965,1210,245.0,1565.0,0,0,0,0,0
7,22,1,2024-07-22,AA,1733.0,MKE,DFW,1050,1200,150.0,853.0,1,0,0,0,1
12,26,4,2024-12-26,MQ,3876.0,GRK,DFW,603,663,60.0,134.0,0,1,0,0,0
3,26,2,2024-03-26,UA,2142.0,LAS,SFO,1090,1198,108.0,414.0,0,0,0,0,0
6,13,4,2024-06-13,WN,2527.0,MCI,OAK,1025,1125,220.0,1489.0,0,0,0,0,0
12,22,7,2024-12-22,WN,110.0,HOU,PHX,480,600,180.0,1020.0,1,0,1,0,0
2,8,4,2024-02-08,WN,4634.0,MDW,MSP,790,880,90.0,349.0,0,0,0,0,0
2,1,4,2024-02-01,B6,106.0,ORD,JFK,1060,1260,140.0,740.0,0,0,0,0,0
1,26,5,2024-01-26,UA,2117.0,SAN,SFO,964,1070,106.0,447.0,0,0,0,0,0
11,28,4,2024-11-28,WN,487.0,DTW,STL,520,565,105.0,440.0,0,0,0,0,0
5,1,3,2024-05-01,F9,4612.0,LAS,DEN,1143,1324,121.0,628.0,0,0,0,0,0
6,10,1,2024-06-10,AA,1600.0,DFW,XNA,996,1067,71.0,280.0,0,0,0,0,1
10,13,7,2024-10-13,AA,1617.0,DEN,CLT,596,921,205.0,1337.0,0,0,0,0,0
4,23,2,2024-04-23,MQ,3615.0,MEM,DFW,1050,1157,107.0,431.0,0,0,0,0,0
7,3,3,2024-07-03,WN,3200.0,BUR,LAS,780,855,75.0,223.0,0,0,0,0,1
2,20,2,2024-02-20,AA,1732.0,CLT,FLL,803,923,120.0,632.0,0,0,0,0,0
11,10,7,2024-11-10,DL,2709.0,MSP,AUS,530,702,172.0,1042.0,0,0,0,0,0
4,23,2,2024-04-23,OO,3688.0,SEA,BOI,1019,1159,80.0,399.0,0,0,0,0,0
5,27,1,2024-05-27,DL,2042.0,MSP,EWR,438,655,157.0,1008.0,0,0,0,0,0
11,29,5,2024-11-29,DL,361.0,SFO,DTW,734,1183,269.0,2079.0,0,0,0,0,0
10,6,7,2024-10-06,UA,1046.0,ATL,ORD,1126,1205,139.0,606.0,0,0,0,0,0
7,31,3,2024-07-31,DL,2205.0,BNA,SLC,1152,1308,216.0,1404.0,0,0,0,0,0
5,18,6,2024-05-18,UA,2397.0,MSY,IAH,420,502,82.0,305.0,1,0,0,0,0
12,18,3,2024-12-18,B6,959.0,BDL,FLL,360,560,200.0,1173.0,0,0,1,0,0
3,29,5,2024-03-29,YX,4407.0,CVG,JFK,763,885,122.0,589.0,0,0,0,0,0
8,16,5,2024-08-16,UA,798.0,DEN,IAD,960,1282,202.0,1452.0,1,0,0,0,1
4,14,7,2024-04-14,DL,1603.0,LAX,LAS,950,1023,73.0,236.0,1,0,1,0,1
9,24,2,2024-09-24,OO,3947.0,ATL,AGS,600,655,55.0,143.0,1,0,1,0,0
12,21,6,2024-12-21,OO,5955.0,LAX,SBA,615,674,59.0,89.0,0,0,0,0,0
5,15,3,2024-05-15,AS,332.0,DTW,SEA,420,538,298.0,1927.0,0,0,0,0,0
9,26,4,2024-09-26,AA,1802.0,PHL,AUS,647,832,245.0,1430.0,0,0,0,0,0
9,24,2,2024-09-24,WN,51.0,DAL,HOU,1140,1210,70.0,239.0,0,0,0,0,0
7,5,5,2024-07-05,YX,5851.0,LGA,ACK,839,914,75.0,202.0,0,0,0,0,0
12,22,7,2024-12-22,DL,3091.0,ATL,CHS,490,562,72.0,259.0,0,0,0,0,0
8,10,6,2024-08-10,WN,2645.0,CHS,BNA,1045,1075,90.0,439.0,0,0,0,0,0
12,2,1,2024-12-02,B6,2592.0,MIA,JFK,787,963,176.0,1089.0,0,0,0,0,0
1,15,1,2024-01-15,AS,189.0,SEA,ANC,805,974,229.0,1448.0,0,0,0,0,1
1,6,6,2024-01-06,UA,1914.0,MTJ,ORD,770,997,167.0,1081.0,0,0,1,0,1
4,29,1,2024-04-29,AA,2068.0,SBP,DFW,752,1070,198.0,1360.0,0,0,0,0,0
12,6,5,2024-12-06,9E,5108.0,LGA,CLT,1040,1180,140.0,544.0,1,0,0,0,1
11,8,5,2024-11-08,UA,1491.0,DEN,SLC,1040,1136,96.0,391.0,0,0,1,0,1
5,11,6,2024-05-11,AA,2646.0,JFK,PHX,516,678,342.0,2153.0,0,0,0,0,0
3,9,6,2024-03-09,UA,1066.0,DEN,HDN,805,864,59.0,141.0,1,0,0,0,1
2,22,4,2024-02-22,AA,2247.0,BOS,MIA,766,987,221.0,1258.0,0,0,0,0,0
6,28,5,2024-06-28,DL,706.0,DEN,ATL,818,1125,187.0,1199.0,1,0,0,0,1
11,16,6,2024-11-16,OO,5861.0,DEN,COS,1084,1139,55.0,73.0,0,0,0,0,0
12,11,3,2024-12-11,YX,4447.0,DCA,CMH,610,719,109.0,323.0,0,0,0,0,0
9,28,6,2024-09-28,YX,5748.0,BOS,LGA,780,864,84.0,184.0,0,0,0,0,0
10,28,1,2024-10-28,WN,1580.0,SJC,BUR,890,960,70.0,296.0,0,0,0,0,0
9,5,4,2024-09-05,AA,490.0,ORD,PHL,1259,3,124.0,678.0,0,0,0,0,1
4,27,6,2024-04-27,WN,5821.0,PHX,SLC,900,1055,95.0,507.0,0,0,0,0,0
1,21,7,2024-01-21,F9,4462.0,PHL,SJU,1163,1439,216.0,1576.0,0,0,0,0,0
9,20,5,2024-09-20,AA,2172.0,CLT,MYR,780,839,59.0,157.0,0,0,0,0,0
12,21,6,2024-12-21,UA,2226.0,ORD,CLE,872,1014,82.0,316.0,0,0,0,0,0
6,22,6,2024-06-22,AA,143.0,LAX,HNL,832,996,344.0,2556.0,0,0,0,0,0
11,8,5,2024-11-08,YX,4522.0,DCA,JFK,776,856,80.0,213.0,0,0,0,0,0
7,3,3,2024-07-03,DL,3198.0,ATL,PNS,610,622,72.0,271.0,0,0,0,0,0
1,4,4,2024-01-04,AS,1227.0,SJC,SEA,770,911,141.0,696.0,0,0,0,0,0
10,14,1,2024-10-14,MQ,3500.0,CMH,DCA,1067,1149,82.0,323.0,0,0,0,0,0
5,7,2,2024-05-07,WN,1919.0,OKC,HOU,875,960,85.0,419.0,0,0,0,0,0
3,25,1,2024-03-25,AA,2912.0,STL,PHL,395,579,124.0,814.0,0,0,0,0,0
11,5,2,2024-11-05,HA,267.0,KOA,HNL,800,854,54.0,163.0,0,0,0,0,0
3,5,2,2024-03-05,DL,928.0,PHX,JFK,769,1181,292.0,2153.0,0,0,0,0,0
6,3,1,2024-06-03,B6,2592.0,MIA,JFK,593,774,181.0,1089.0,0,0,0,0,0
3,27,3,2024-03-27,WN,2556.0,FLL,MDW,670,810,200.0,1167.0,0,0,0,0,0
6,14,5,2024-06-14,WN,2218.0,HNL,PHX,660,1200,360.0,2917.0,0,0,0,0,0
4,26,5,2024-04-26,UA,1864.0,DEN,IAH,466,672,146.0,862.0,0,0,1,0,1
3,20,3,2024-03-20,AA,1204.0,BUF,CLT,385,508,123.0,546.0,1,0,0,0,0
5,19,7,2024-05-19,UA,352.0,SEA,IAD,780,1261,301.0,2306.0,0,0,0,0,0
12,11,3,2024-12-11,AA,1902.0,ORD,DFW,407,570,163.0,802.0,0,0,0,0,0
8,28,3,2024-08-28,OO,6232.0,LAX,DEN,882,1087,145.0,862.0,0,0,0,0,0
8,5,1,2024-08-05,DL,489.0,SEA,RDU,935,1416,301.0,2354.0,0,0,0,0,0
3,22,5,2024-03-22,OH,5402.0,MLI,CLT,988,1175,127.0,674.0,0,0,1,0,1
3,21,4,2024-03-21,DL,2030.0,DTW,DCA,1079,1168,89.0,405.0,0,0,0,0,0
12,23,1,2024-12-23,B6,1514.0,JFK,LAX,599,798,379.0,2475.0,0,0,0,0,0
8,31,6,2024-08-31,WN,899.0,BNA,BWI,430,595,105.0,587.0,0,0,0,0,0
2,2,5,2024-02-02,AA,2186.0,DFW,MCO,1125,1335,150.0,985.0,0,0,0,0,0
3,1,5,2024-03-01,DL,709.0,JFK,SAN,1006,1214,388.0,2446.0,0,0,0,0,0
5,20,1,2024-05-20,UA,2142.0,LAS,SFO,1086,1192,106.0,414.0,0,0,0,0,0
7,20,6,2024-07-20,B6,836.0,MSP,BOS,1090,1320,170.0,1124.0,0,0,1,0,0
8,27,2,2024-08-27,WN,428.0,HOU,HRL,540,615,75.0,277.0,0,0,0,0,0
4,25,4,2024-04-25,AA,1793.0,DFW,MFE,609,705,96.0,469.0,0,0,0,0,0
9,20,5,2024-09-20,MQ,3532.0,RAP,DFW,997,1199,142.0,835.0,1,0,0,0,0
11,18,1,2024-11-18,UA,2334.0,PDX,DEN,1145,1356,151.0,991.0,0,0,0,0,0
10,7,1,2024-10-07,WN,3385.0,SMF,BOI,910,1055,85.0,437.0,0,0,0,0,0
6,2,7,2024-06-02,WN,1719.0,MSP,DEN,930,1000,130.0,680.0,1,0,1,0,1
10,15,2,2024-10-15,AA,1071.0,SEA,ORD,302,665,243.0,1721.0,0,0,0,0,0
9,9,1,2024-09-09,OO,4066.0,BIS,MSP,679,769,90.0,386.0,0,0,0,0,0
8,17,6,2024-08-17,AA,2300.0,CLT,AVP,1345,8,103.0,509.0,1,0,0,0,0
4,7,7,2024-04-07,NK,1142.0,BOS,RSW,686,901,215.0,1249.0,0,0,0,0,0
9,27,5,2024-09-27,G4,866.0,MYR,LCK,878,967,89.0,478.0,0,0,1,0,0
12,22,7,2024-12-22,OO,6481.0,HRL,DFW,1199,1299,100.0,461.0,0,0,0,0,0
10,17,4,2024-10-17,F9,3018.0,FLL,SJU,586,740,154.0,1046.0,1,0,1,0,1
11,7,4,2024-11-07,AA,2526.0,TPA,MIA,915,987,72.0,204.0,0,0,0,0,0
5,20,1,2024-05-20,WN,5765.0,TPA,MCI,485,595,170.0,1048.0,0,0,0,0,0
11,22,5,2024-11-22,NK,3155.0,IAH,ATL,400,577,117.0,689.0,0,0,1,0,0
12,4,3,2024-12-04,AA,3009.0,OKC,DFW,420,490,70.0,175.0,0,0,0,0,0
11,11,1,2024-11-11,OO,5897.0,SBP,LAX,465,538,73.0,156.0,0,0,0,0,0
9,29,7,2024-09-29,F9,4965.0,CLE,LAS,900,998,278.0,1824.0,1,0,0,0,1
7,30,2,2024-07-30,OO,4066.0,MSP,BIS,535,633,98.0,386.0,0,0,0,0,0
4,16,2,2024-04-16,WN,102.0,BWI,ATL,435,550,115.0,577.0,0,0,0,0,0
9,6,5,2024-09-06,AS,542.0,SEA,DFW,1365,272,227.0,1660.0,1,0,1,0,0
2,19,1,2024-02-19,OH,5185.0,BHM,CLT,898,1050,92.0,350.0,0,0,0,0,0
11,20,3,2024-11-20,MQ,3551.0,DFW,FAR,1151,1313,162.0,968.0,0,0,0,0,0
12,30,1,2024-12-30,DL,2089.0,MSP,SFO,1290,1430,260.0,1589.0,1,0,0,0,1
6,7,5,2024-06-07,AS,575.0,DFW,SEA,1180,1319,259.0,1660.0,0,0,0,0,1
9,20,5,2024-09-20,UA,543.0,IAH,SJC,1198,1319,241.0,1608.0,0,0,0,0,0
4,17,3,2024-04-17,WN,2383.0,MDW,BOS,1155,1350,135.0,861.0,0,0,0,0,0
1,30,2,2024-01-30,MQ,3380.0,ORD,ROC,499,664,105.0,528.0,0,0,0,0,0
11,19,2,2024-11-19,F9,3055.0,ISP,MCO,345,535,190.0,971.0,0,0,0,0,0
10,20,7,2024-10-20,NK,3783.0,MCO,DTW,1040,1206,166.0,957.0,0,0,0,0,0
10,9,3,2024-10-09,OO,4158.0,MOT,MSP,300,390,90.0,449.0,0,0,0,0,0
7,28,7,2024-07-28,WN,2790.0,TPA,HOU,345,420,135.0,781.0,0,0,0,0,0
8,15,4,2024-08-15,WN,4423.0,ATL,TPA,735,820,85.0,406.0,0,0,0,0,0
9,24,2,2024-09-24,DL,1219.0,MCI,ATL,485,664,119.0,692.0,0,0,0,0,0
12,30,1,2024-12-30,DL,1729.0,SAV,ATL,340,414,74.0,214.0,0,0,0,0,0
9,6,5,2024-09-06,AS,806.0,OGG,SAN,627,1125,318.0,2541.0,0,0,0,0,0
2,19,1,2024-02-19,UA,1148.0,EWR,SFO,1080,1285,385.0,2565.0,1,0,1,0,0
8,10,6,2024-08-10,DL,1718.0,DTW,IAH,969,1083,174.0,1075.0,0,0,0,0,0
12,30,1,2024-12-30,AA,684.0,PHX,LIH,715,968,433.0,2979.0,0,0,0,0,0
4,1,1,2024-04-01,AA,2123.0,MCO,CLT,641,750,109.0,468.0,0,0,0,0,0
11,11,1,2024-11-11,MQ,3469.0,DTW,ORD,510,535,85.0,235.0,0,0,0,0,0
4,22,1,2024-04-22,B6,2283.0,BOS,RDU,870,994,124.0,612.0,0,0,0,0,0
10,10,4,2024-10-10,UA,1995.0,SFO,LAS,1364,25,101.0,414.0,1,0,0,0,0
8,12,1,2024-08-12,WN,3416.0,PHX,LAX,710,800,90.0,370.0,0,0,0,0,0
7,22,1,2024-07-22,OO,4890.0,TUL,LAX,920,1002,202.0,1283.0,0,0,0,0,0
11,3,7,2024-11-03,DL,470.0,LAS,DTW,580,991,231.0,1749.0,0,0,0,0,1
3,23,6,2024-03-23,NK,3169.0,EWR,MCO,1130,1310,180.0,937.0,0,0,0,0,0
1,12,5,2024-01-12,WN,4597.0,LAS,ONT,725,790,65.0,197.0,0,0,0,0,1
7,26,5,2024-07-26,DL,767.0,JFK,LAX,540,705,345.0,2475.0,0,0,0,0,0
8,16,5,2024-08-16,OO,4763.0,DEN,COS,990,1044,54.0,73.0,0,0,0,0,0
7,8,1,2024-07-08,NK,1115.0,FLL,TPA,490,556,66.0,197.0,0,0,0,0,0
1,11,4,2024-01-11,WN,4432.0,PDX,PHX,655,865,150.0,1009.0,0,0,0,0,0
7,20,6,2024-07-20,AA,2485.0,DFW,PHL,500,762,202.0,1303.0,0,0,0,0,0
10,4,5,2024-10-04,UA,521.0,BOS,EWR,1085,1184,99.0,200.0,0,0,0,0,0
9,8,7,2024-09-08,WN,3378.0,MSY,BWI,1085,1295,150.0,998.0,0,0,0,0,0
8,9,5,2024-08-09,WN,2589.0,LAS,LAX,1300,1375,75.0,236.0,0,0,0,0,1
6,18,2,2024-06-18,WN,3332.0,PHX,HOU,630,905,155.0,1020.0,0,0,1,0,0
4,29,1,2024-04-29,MQ,3422.0,ORD,EWR,1171,1362,131.0,719.0,0,0,0,0,0
3,2,6,2024-03-02,WN,2471.0,BNA,BOS,1005,1205,140.0,942.0,0,0,1,0,1
1,20,6,2024-01-20,AA,2752.0,DFW,DCA,1150,1380,170.0,1192.0,0,0,0,0,0
4,25,4,2024-04-25,AA,2939.0,DCA,FLL,500,659,159.0,899.0,0,0,0,0,0
4,9,2,2024-04-09,AS,369.0,BNA,SEA,540,730,310.0,1978.0,0,0,0,0,0
1,11,4,2024-01-11,OO,3994.0,SEA,SJC,1185,1324,139.0,696.0,1,0,0,0,0
8,2,5,2024-08-02,WN,2291.0,DEN,MKE,490,690,140.0,896.0,0,0,0,0,0
3,21,4,2024-03-21,WN,2722.0,SMF,SNA,595,685,90.0,404.0,0,0,0,0,0
1,6,6,2024-01-06,OO,4663.0,DEN,BIS,600,775,115.0,516.0,0,0,0,0,0
3,21,4,2024-03-21,UA,2224.0,SFO,BZN,717,918,141.0,807.0,0,0,0,0,1
5,1,3,2024-05-01,B6,975.0,JFK,MSY,826,968,202.0,1182.0,1,0,0,0,1
5,15,3,2024-05-15,NK,680.0,MSY,FLL,390,563,113.0,674.0,0,0,1,0,0
9,7,6,2024-09-07,OO,5695.0,BUF,ORD,653,712,119.0,474.0,1,0,0,0,0
2,2,5,2024-02-02,AS,880.0,KOA,SEA,1327,361,354.0,2688.0,0,0,0,0,0
9,15,7,2024-09-15,OO,3774.0,SLC,FAT,1255,1299,104.0,501.0,0,0,0,0,0
9,30,1,2024-09-30,DL,32.0,DFW,ATL,1078,1270,132.0,731.0,0,0,0,0,0
4,19,5,2024-04-19,AA,2294.0,PHX,PSP,630,706,76.0,261.0,0,0,0,0,0
5,30,4,2024-05-30,OO,4139.0,MSP,RAP,885,930,105.0,489.0,0,0,0,0,0
6,6,4,2024-06-06,WN,674.0,ONT,HOU,345,660,195.0,1345.0,0,0,0,0,0
8,18,7,2024-08-18,HA,11.0,SFO,HNL,475,625,330.0,2398.0,0,0,0,0,0
3,13,3,2024-03-13,WN,3332.0,BNA,PHX,345,465,240.0,1449.0,0,0,0,0,0
4,17,3,2024-04-17,AA,580.0,RDU,CLT,311,379,68.0,130.0,0,0,0,0,0
9,9,1,2024-09-09,YX,3603.0,EWR,RDU,665,774,109.0,416.0,0,0,0,0,0
10,17,4,2024-10-17,AA,1890.0,DFW,LAS,420,482,182.0,1055.0,0,0,0,0,0
2,5,1,2024-02-05,WN,3018.0,MDW,PHL,795,965,110.0,668.0,0,0,0,0,0
11,24,7,2024-11-24,WN,1265.0,SDF,ATL,485,570,85.0,321.0,0,0,0,0,0
5,20,1,2024-05-20,WN,5007.0,BWI,SYR,575,650,75.0,273.0,0,0,0,0,0
3,26,2,2024-03-26,WN,1256.0,CVG,DEN,770,825,175.0,1069.0,0,0,0,0,0
8,4,7,2024-08-04,MQ,3745.0,RST,ORD,360,438,78.0,268.0,0,0,0,0,0
6,21,5,2024-06-21,AA,131.0,PHL,IND,799,919,120.0,588.0,0,0,0,0,0
1,10,3,2024-01-10,AA,1539.0,DFW,MSP,555,696,141.0,852.0,0,0,0,0,0
2,21,3,2024-02-21,9E,5262.0,RDU,AUS,430,585,215.0,1162.0,0,0,1,0,0
9,16,1,2024-09-16,OH,5527.0,ICT,DCA,1045,1270,165.0,1110.0,0,0,0,0,0
10,26,6,2024-10-26,9E,5527.0,MSP,TYS,1191,1378,127.0,792.0,0,0,0,0,0
10,2,3,2024-10-02,AA,2239.0,PHX,PHL,435,894,279.0,2075.0,0,0,0,0,0
7,27,6,2024-07-27,WN,2394.0,SJU,BNA,910,1100,250.0,1753.0,1,0,0,0,1
11,25,1,2024-11-25,AA,1754.0,EGE,DFW,761,955,134.0,721.0,0,0,0,0,0
7,5,5,2024-07-05,OO,6320.0,DFW,HSV,914,1029,115.0,603.0,0,0,0,0,0
8,25,7,2024-08-25,WN,3291.0,BNA,LAX,1335,40,265.0,1797.0,0,0,0,0,0
7,21,7,2024-07-21,G4,437.0,HOU,DSM,1279,1409,130.0,825.0,0,0,0,0,0
9,9,1,2024-09-09,WN,2999.0,FLL,BNA,610,685,135.0,793.0,0,0,0,0,0
4,4,4,2024-04-04,DL,2683.0,MEM,ATL,360,495,75.0,332.0,0,0,0,0,0
9,17,2,2024-09-17,9E,5161.0,MGM,ATL,1081,1207,66.0,147.0,0,0,0,0,0
2,10,6,2024-02-10,WN,1410.0,PHX,SFO,835,900,125.0,651.0,1,0,0,0,1
10,27,7,2024-10-27,MQ,3616.0,MIA,CMH,1181,1348,167.0,990.0,0,0,0,0,0
11,21,4,2024-11-21,OO,5911.0,HLN,DEN,872,991,119.0,594.0,0,0,0,0,0
12,11,3,2024-12-11,OO,4961.0,DFW,SWO,1281,1359,78.0,225.0,0,0,0,0,0
11,23,6,2024-11-23,UA,2309.0,SFO,PDX,800,910,110.0,550.0,1,0,0,0,1
10,12,6,2024-10-12,MQ,3671.0,DFW,SGF,1085,1170,85.0,364.0,0,0,0,0,0
9,7,6,2024-09-07,WN,4530.0,BUR,SJC,480,550,70.0,296.0,0,0,0,0,0
7,2,2,2024-07-02,AA,1100.0,BNA,DFW,956,1080,124.0,631.0,0,0,0,0,1
3,17,7,2024-03-17,UA,1678.0,MFR,SFO,360,453,93.0,329.0,0,0,0,0,0
4,10,3,2024-04-10,AA,2537.0,MIA,MEM,1286,1397,171.0,859.0,1,0,0,0,1
10,20,7,2024-10-20,UA,702.0,MSN,ORD,1050,1114,64.0,108.0,0,0,0,0,0
6,18,2,2024-06-18,UA,2398.0,TPA,IAD,820,962,142.0,811.0,0,0,0,0,0
9,4,3,2024-09-04,OH,5440.0,GSP,CLT,868,940,72.0,75.0,0,0,0,0,0
11,23,6,2024-11-23,OO,3741.0,LAS,SAN,1065,1145,80.0,258.0,1,0,0,0,0
9,19,4,2024-09-19,OH,5293.0,ILM,CLT,541,621,80.0,185.0,0,0,0,0,0
11,16,6,2024-11-16,DL,507.0,LAX,BOS,1285,350,325.0,2611.0,0,0,0,0,0
9,24,2,2024-09-24,AA,1200.0,MIA,PIT,1266,1435,169.0,1013.0,0,0,0,0,0
6,10,1,2024-06-10,OO,4961.0,DFW,SWO,1280,1357,77.0,225.0,0,0,0,0,0
5,19,7,2024-05-19,YX,3507.0,IND,EWR,530,663,133.0,645.0,0,0,0,0,0
11,4,1,2024-11-04,AA,882.0,TUL,DFW,300,379,79.0,237.0,0,0,0,0,0
10,4,5,2024-10-04,DL,2504.0,ATL,TLH,1375,1439,64.0,223.0,0,0,0,0,0
3,19,2,2024-03-19,OO,3410.0,SMF,SAN,1190,1284,94.0,480.0,0,0,0,0,0
6,5,3,2024-06-05,9E,5368.0,CHA,ATL,1125,1178,53.0,106.0,0,0,0,0,1
4,7,7,2024-04-07,AA,1375.0,FLL,DFW,1159,1300,201.0,1119.0,0,0,0,0,0
1,1,1,2024-01-01,MQ,3620.0,BMI,DFW,940,1091,151.0,690.0,0,0,0,0,0
7,24,3,2024-07-24,OO,4956.0,GRI,DFW,917,1025,108.0,561.0,0,0,0,0,0
12,16,1,2024-12-16,MQ,3836.0,ORD,IAH,590,766,176.0,925.0,0,0,0,0,0
12,6,5,2024-12-06,AA,1304.0,DFW,AUS,500,579,79.0,190.0,1,0,0,0,1
3,8,5,2024-03-08,WN,2514.0,BWI,BNA,690,750,120.0,587.0,0,0,0,0,0
10,20,7,2024-10-20,DL,1295.0,ATL,FLL,1005,1114,109.0,581.0,0,0,0,0,0
11,21,4,2024-11-21,9E,5047.0,LGA,CLT,1019,1154,135.0,544.0,0,0,0,0,0
2,7,3,2024-02-07,F9,1719.0,PHX,SNA,792,821,89.0,338.0,0,0,0,0,0
1,20,6,2024-01-20,WN,1462.0,MCI,STL,390,455,65.0,237.0,0,0,0,0,0
6,18,2,2024-06-18,OO,3364.0,SLC,SEA,405,474,129.0,689.0,0,0,1,0,0
4,26,5,2024-04-26,YX,3494.0,IND,IAD,345,448,103.0,476.0,0,0,0,0,0
4,18,4,2024-04-18,9E,5119.0,CHO,ATL,1116,1226,110.0,457.0,0,0,0,0,0
1,14,7,2024-01-14,WN,867.0,IND,DEN,620,670,170.0,977.0,1,0,1,0,1
11,3,7,2024-11-03,HA,355.0,OGG,HNL,1030,1071,41.0,100.0,0,0,0,0,0
4,12,5,2024-04-12,WN,2975.0,LAX,LAS,400,470,70.0,236.0,0,0,0,0,0
11,18,1,2024-11-18,DL,1335.0,ATL,AUS,1380,35,155.0,813.0,0,0,1,0,0
10,8,2,2024-10-08,MQ,4262.0,MEM,PHX,485,574,209.0,1264.0,0,0,0,0,0
2,9,5,2024-02-09,WN,1672.0,SAT,PHX,375,465,150.0,843.0,0,0,0,0,0
5,6,1,2024-05-06,AA,1813.0,ICT,DFW,1113,1199,86.0,328.0,0,0,0,0,1
7,25,4,2024-07-25,AA,2979.0,BNA,CLT,1148,1294,86.0,328.0,1,0,0,0,1
1,19,5,2024-01-19,MQ,3907.0,GPT,DFW,636,752,116.0,500.0,0,0,0,0,0
6,2,7,2024-06-02,DL,1398.0,LGA,MCO,1130,1306,176.0,950.0,0,0,0,0,0
1,24,3,2024-01-24,OH,5455.0,DCA,AGS,1208,1322,114.0,468.0,0,0,0,0,0
4,6,6,2024-04-06,UA,2247.0,SFO,IAD,1370,429,319.0,2419.0,1,0,0,0,0
6,24,1,2024-06-24,DL,719.0,ATL,IAD,741,845,104.0,534.0,0,0,0,0,0
4,15,1,2024-04-15,B6,168.0,CHS,BOS,811,955,144.0,818.0,1,0,0,0,1
10,17,4,2024-10-17,AA,147.0,PHX,SBP,609,715,106.0,509.0,0,0,0,0,1
6,30,7,2024-06-30,UA,2219.0,SJU,EWR,65,314,249.0,1608.0,0,0,0,0,0
5,15,3,2024-05-15,AS,894.0,KOA,SAN,1379,440,321.0,2556.0,0,0,0,0,0
5,6,1,2024-05-06,AA,357.0,MCI,ORD,440,533,93.0,403.0,1,0,0,0,0
11,21,4,2024-11-21,B6,2101.0,JFK,SYR,584,659,75.0,209.0,0,0,0,0,0
9,2,1,2024-09-02,WN,1913.0,DEN,MCO,975,1320,225.0,1546.0,0,0,0,0,0
6,30,7,2024-06-30,OH,5098.0,CLT,CAK,701,798,97.0,394.0,0,0,0,0,0
4,23,2,2024-04-23,OO,3961.0,DTW,IAD,435,522,87.0,383.0,0,0,0,0,0
9,3,2,2024-09-03,WN,944.0,LAX,LAS,555,635,80.0,236.0,0,0,0,0,0
6,6,4,2024-06-06,G4,35.0,GEG,LAS,583,719,136.0,806.0,0,0,0,0,0
3,27,3,2024-03-27,B6,1062.0,SJU,BOS,892,1158,266.0,1674.0,0,0,0,0,0
2,4,7,2024-02-04,AA,1340.0,MEM,MIA,357,558,141.0,859.0,0,0,0,0,0
10,30,3,2024-10-30,WN,3322.0,ECP,BNA,640,725,85.0,401.0,0,0,0,0,0
12,9,1,2024-12-09,UA,1872.0,FLL,EWR,1230,1410,180.0,1065.0,0,0,0,0,0
12,20,5,2024-12-20,WN,1472.0,LAS,SAT,375,650,155.0,1069.0,0,0,0,0,0
7,25,4,2024-07-25,AA,1471.0,PHL,CHS,935,1054,119.0,550.0,1,0,0,0,1
12,28,6,2024-12-28,UA,1299.0,DEN,LAS,985,1051,126.0,628.0,0,0,0,0,0
9,10,2,2024-09-10,UA,1749.0,SFO,OGG,1105,1253,328.0,2338.0,0,0,0,0,0
2,8,4,2024-02-08,AA,2343.0,RDU,LAX,1086,1256,350.0,2239.0,0,0,0,0,0
8,5,1,2024-08-05,WN,4552.0,OMA,MDW,935,1025,90.0,423.0,0,0,1,0,0
7,20,6,2024-07-20,WN,3955.0,TUL,AUS,765,845,80.0,426.0,0,0,0,0,0
2,29,4,2024-02-29,G4,2254.0,SFB,IND,787,926,139.0,807.0,0,0,0,0,0
4,27,6,2024-04-27,G4,1853.0,SFB,AVL,1091,1184,93.0,465.0,0,0,0,0,0
9,22,7,2024-09-22,AA,2053.0,SAT,PHX,520,547,147.0,843.0,0,0,0,0,0
4,16,2,2024-04-16,OO,5225.0,IAH,MAF,440,539,99.0,429.0,0,0,0,0,0
2,1,4,2024-02-01,G4,41.0,OKC,LAS,712,757,165.0,986.0,0,0,1,0,0
11,10,7,2024-11-10,DL,516.0,DAL,ATL,362,545,123.0,721.0,0,0,0,0,0
6,9,7,2024-06-09,UA,1855.0,LAX,IAH,792,1119,207.0,1379.0,0,0,0,0,0
12,13,5,2024-12-13,9E,5249.0,HPN,ATL,610,767,157.0,780.0,0,0,0,0,0
10,3,4,2024-10-03,DL,1740.0,JFK,MCO,1180,1367,187.0,944.0,0,0,0,0,0
6,10,1,2024-06-10,WN,3328.0,DAL,TUL,1265,1330,65.0,238.0,0,0,0,0,0
4,14,7,2024-04-14,WN,5972.0,SJC,MDW,440,805,245.0,1838.0,0,0,0,0,0
6,6,4,2024-06-06,WN,4594.0,MCO,CMH,1100,1245,145.0,802.0,0,0,1,0,0
1,5,5,2024-01-05,NK,2725.0,DTW,IAH,840,967,187.0,1075.0,0,0,0,0,0
8,27,2,2024-08-27,UA,569.0,EWR,BQN,1149,1389,240.0,1585.0,0,0,0,0,0
8,24,6,2024-08-24,B6,164.0,SRQ,JFK,655,830,175.0,1041.0,0,0,0,0,0
1,2,2,2024-01-02,WN,3081.0,DAL,ABQ,1270,1320,110.0,580.0,0,0,0,0,0
5,24,5,2024-05-24,DL,1008.0,CVG,ATL,1111,1206,95.0,373.0,0,0,0,0,0
10,18,5,2024-10-18,MQ,3951.0,SEA,PHX,687,873,186.0,1107.0,0,0,0,0,0
3,12,2,2024-03-12,B6,2454.0,DCA,BOS,815,908,93.0,399.0,0,0,0,0,0
12,29,7,2024-12-29,F9,3192.0,PDX,SLC,480,658,118.0,630.0,0,0,0,0,0
8,3,6,2024-08-03,DL,1548.0,MCO,ATL,330,416,86.0,404.0,0,0,0,0,0
7,17,3,2024-07-17,WN,4053.0,DAL,MCI,770,860,90.0,461.0,1,0,1,0,1
10,28,1,2024-10-28,AA,1645.0,CLT,RDU,1219,1276,57.0,130.0,0,0,0,0,0
1,19,5,2024-01-19,OO,5149.0,DEN,SGU,1250,1364,114.0,517.0,0,0,0,0,0
8,8,4,2024-08-08,9E,5314.0,ATL,AEX,915,958,103.0,500.0,0,0,0,0,0
10,9,3,2024-10-09,UA,1889.0,DEN,DTW,610,902,172.0,1123.0,0,0,0,0,0
7,3,3,2024-07-03,AS,1102.0,SEA,STS,709,830,121.0,618.0,0,0,1,0,1
11,1,5,2024-11-01,AA,308.0,MCO,CLT,642,750,108.0,468.0,0,0,0,0,0
10,19,6,2024-10-19,OO,5057.0,DEN,BFF,980,1036,56.0,150.0,1,0,0,0,0
9,5,4,2024-09-05,F9,1992.0,LAS,OKC,370,647,157.0,986.0,0,0,0,0,0
9,27,5,2024-09-27,F9,1263.0,DTW,ATL,962,1084,122.0,594.0,0,0,0,0,1
12,21,6,2024-12-21,OH,5388.0,DCA,DSM,600,708,168.0,897.0,1,0,0,0,1
6,18,2,2024-06-18,UA,2251.0,IAD,DEN,658,765,227.0,1452.0,0,0,0,0,0
12,19,4,2024-12-19,AA,2460.0,ORD,BOS,720,918,138.0,867.0,0,0,0,0,0
7,29,1,2024-07-29,WN,4077.0,MCI,AUS,725,830,105.0,650.0,0,0,0,0,0
12,21,6,2024-12-21,MQ,3454.0,DFW,GJT,617,718,161.0,773.0,0,0,0,0,0
7,21,7,2024-07-21,UA,1757.0,JAX,IAD,855,968,113.0,630.0,0,0,0,0,0
4,8,1,2024-04-08,WN,6050.0,SAT,DAL,540,610,70.0,247.0,0,0,0,0,0
2,6,2,2024-02-06,AA,1721.0,DCA,MCO,959,1112,153.0,759.0,0,0,0,0,0
3,19,2,2024-03-19,WN,6582.0,CMH,RSW,925,1075,150.0,930.0,0,0,0,0,0
8,3,6,2024-08-03,AA,697.0,LIH,PHX,1270,375,365.0,2979.0,0,0,0,0,0
5,23,4,2024-05-23,AA,1345.0,EUG,DFW,1439,353,234.0,1606.0,0,0,0,0,0
7,16,2,2024-07-16,WN,826.0,BWI,DEN,1285,1400,235.0,1491.0,0,0,0,0,1
1,12,5,2024-01-12,WN,1440.0,FLL,BWI,1220,1370,150.0,925.0,0,0,0,0,0
5,26,7,2024-05-26,AA,1729.0,FAT,DFW,640,954,194.0,1313.0,0,0,0,0,0
9,15,7,2024-09-15,WN,3649.0,SAN,MDW,905,1260,235.0,1728.0,0,0,0,0,1
4,26,5,2024-04-26,OO,3315.0,PDX,SEA,1165,1224,59.0,129.0,0,0,1,0,1
1,13,6,2024-01-13,MQ,3925.0,GSP,CLT,681,739,58.0,75.0,0,0,0,0,0
8,21,3,2024-08-21,AA,2264.0,DFW,SNA,615,698,203.0,1205.0,0,0,0,0,0
10,21,1,2024-10-21,WN,161.0,LAX,BWI,330,815,305.0,2329.0,0,0,0,0,0
2,4,7,2024-02-04,F9,4111.0,CVG,PHX,810,958,268.0,1569.0,0,0,0,0,0
10,7,1,2024-10-07,DL,709.0,JFK,SAN,1079,1269,370.0,2446.0,0,0,0,0,0
7,16,2,2024-07-16,OO,6302.0,PHX,OKC,750,1010,140.0,833.0,0,0,1,0,0
5,7,2,2024-05-07,DL,726.0,ATL,BOS,860,1023,163.0,946.0,0,0,0,0,0
1,1,1,2024-01-01,F9,2484.0,ATL,MIA,1275,1395,120.0,594.0,0,0,0,0,0
5,12,7,2024-05-12,UA,1746.0,LIH,SFO,1370,420,310.0,2447.0,0,0,0,0,0
2,2,5,2024-02-02,WN,4265.0,IND,BWI,785,875,90.0,516.0,0,0,0,0,0
6,5,3,2024-06-05,OO,3961.0,GRR,MSP,934,970,96.0,408.0,0,0,0,0,0
11,21,4,2024-11-21,OO,6208.0,PHX,OKC,584,786,142.0,833.0,0,0,0,0,0
9,10,2,2024-09-10,OO,3894.0,LAX,PHX,845,935,90.0,370.0,0,0,0,0,0
12,20,5,2024-12-20,DL,1446.0,MCO,ATL,420,513,93.0,404.0,1,0,1,0,0
12,11,3,2024-12-11,AA,2498.0,PHL,CLT,512,630,118.0,449.0,1,0,0,0,0
9,5,4,2024-09-05,MQ,3777.0,ABQ,DFW,879,1047,108.0,569.0,0,0,0,0,0
10,7,1,2024-10-07,UA,2327.0,DEN,OMA,822,972,90.0,472.0,0,0,0,0,0
5,16,4,2024-05-16,OO,5343.0,DEN,PSP,1230,1320,150.0,776.0,0,0,0,0,0
5,5,7,2024-05-05,AA,1582.0,LAX,DFW,895,1199,184.0,1235.0,0,0,0,0,0
11,6,3,2024-11-06,F9,1291.0,MSP,DEN,1205,1280,135.0,680.0,0,0,0,0,0
1,24,3,2024-01-24,AA,2636.0,RDU,PHX,435,620,305.0,1891.0,0,0,0,0,0
2,18,7,2024-02-18,DL,485.0,KOA,SEA,1412,450,358.0,2688.0,0,0,0,0,0
9,6,5,2024-09-06,HA,254.0,LIH,HNL,746,788,42.0,102.0,0,0,0,0,0
9,22,7,2024-09-22,OO,5535.0,RDM,LAX,952,1087,135.0,726.0,0,0,0,0,0
11,21,4,2024-11-21,MQ,3499.0,ORD,HPN,1119,1313,134.0,738.0,0,1,1,0,1
4,25,4,2024-04-25,AA,1164.0,LGA,CLT,805,931,126.0,544.0,0,0,0,0,0
5,18,6,2024-05-18,AA,3005.0,MSY,MIA,647,825,118.0,675.0,1,0,1,0,1
2,13,2,2024-02-13,DL,739.0,SMF,SLC,810,973,103.0,532.0,0,0,0,0,0
6,27,4,2024-06-27,OO,5566.0,DEN,SLC,1140,1242,102.0,391.0,0,0,0,0,0
10,16,3,2024-10-16,WN,1401.0,RSW,MDW,1070,1180,170.0,1105.0,0,0,0,0,0
10,29,2,2024-10-29,OH,5186.0,PWM,DCA,1020,1144,124.0,482.0,0,0,0,0,1
2,22,4,2024-02-22,WN,827.0,DEN,PHL,720,1045,205.0,1558.0,1,0,1,0,0
12,22,7,2024-12-22,WN,865.0,DAL,SAT,465,535,70.0,247.0,0,0,0,0,0
8,16,5,2024-08-16,DL,2825.0,ATL,MSP,802,898,156.0,907.0,0,0,1,0,0
6,30,7,2024-06-30,DL,1664.0,CHS,ATL,510,582,72.0,259.0,0,0,0,0,0
8,5,1,2024-08-05,WN,3708.0,BWI,ORF,785,840,55.0,159.0,0,0,0,0,0
10,15,2,2024-10-15,AA,2687.0,PHL,RDU,964,1049,85.0,337.0,0,0,0,0,0
12,12,4,2024-12-12,UA,1274.0,IAD,CHS,495,607,112.0,441.0,0,0,0,0,0
4,12,5,2024-04-12,MQ,3596.0,ORD,MSP,538,643,105.0,334.0,0,0,0,0,0
6,7,5,2024-06-07,WN,3066.0,MDW,OAK,830,980,270.0,1844.0,0,0,0,0,0
6,25,2,2024-06-25,AA,1643.0,CLT,ILM,432,497,65.0,185.0,1,0,0,0,0
3,19,2,2024-03-19,AA,2834.0,SJC,DFW,864,1196,212.0,1438.0,0,0,0,0,0
12,28,6,2024-12-28,UA,1842.0,ORD,MCI,1205,1310,105.0,403.0,0,0,0,0,0
3,16,6,2024-03-16,UA,1814.0,GRR,DEN,930,997,187.0,1015.0,0,0,0,0,0
11,4,1,2024-11-04,AA,1020.0,DTW,MIA,360,545,185.0,1145.0,0,0,0,0,0
6,3,1,2024-06-03,AA,2646.0,JFK,PHX,540,700,340.0,2153.0,0,0,0,0,0
1,26,5,2024-01-26,G4,1559.0,ATW,BNA,951,1070,119.0,570.0,0,0,0,0,0
2,15,4,2024-02-15,OH,5500.0,SAV,CLT,398,484,86.0,213.0,0,0,0,0,0
1,18,4,2024-01-18,DL,1740.0,SLC,SEA,910,985,135.0,689.0,0,0,0,0,0
6,19,3,2024-06-19,AA,868.0,OKC,DFW,885,951,66.0,175.0,0,0,0,0,0
9,1,7,2024-09-01,WN,3577.0,OAK,MDW,660,1030,250.0,1844.0,0,0,0,0,0
10,23,3,2024-10-23,OO,6310.0,AEX,DFW,334,427,93.0,285.0,0,0,0,0,0
6,24,1,2024-06-24,AS,472.0,SEA,STL,1090,1439,229.0,1709.0,0,0,0,0,0
8,20,2,2024-08-20,YX,5805.0,DTW,SDF,739,819,80.0,306.0,0,0,0,0,0
6,3,1,2024-06-03,WN,1585.0,DAL,DEN,455,515,120.0,651.0,0,0,0,0,0
4,21,7,2024-04-21,HA,383.0,HNL,LIH,1010,1052,42.0,102.0,1,0,0,0,1
8,21,3,2024-08-21,YX,5603.0,PWM,JFK,303,389,86.0,273.0,0,0,0,0,0
4,5,5,2024-04-05,AA,2333.0,PHX,EWR,932,1392,280.0,2133.0,1,0,0,0,0
2,4,7,2024-02-04,UA,308.0,EWR,TPA,980,1165,185.0,997.0,0,0,0,0,0
10,26,6,2024-10-26,DL,2351.0,ATL,CHA,1175,1226,51.0,106.0,0,0,0,0,0
12,6,5,2024-12-06,WN,2467.0,ISP,MCO,730,910,180.0,971.0,0,0,0,0,0
12,17,2,2024-12-17,AA,2013.0,MIA,DCA,985,1139,154.0,919.0,0,0,0,0,0
7,30,2,2024-07-30,DL,3156.0,CLT,ATL,420,495,75.0,226.0,0,0,0,0,0
3,12,2,2024-03-12,OO,4768.0,LNK,ORD,918,1030,112.0,466.0,0,0,0,0,0
12,26,4,2024-12-26,WN,3840.0,ATL,DAL,640,720,140.0,721.0,0,0,1,0,1
2,21,3,2024-02-21,AS,20.0,SFO,JFK,874,1379,325.0,2586.0,0,0,0,0,0
5,16,4,2024-05-16,AA,1667.0,SEA,DFW,437,801,244.0,1660.0,0,0,1,0,0
1,9,2,2024-01-09,OO,3903.0,SLC,OAK,930,992,122.0,588.0,0,1,0,0,0
9,27,5,2024-09-27,F9,3545.0,JFK,SJU,668,903,235.0,1598.0,0,0,0,0,0
3,8,5,2024-03-08,OO,6209.0,DFW,LCH,992,1072,80.0,295.0,0,0,0,0,0
4,9,2,2024-04-09,WN,2016.0,MDW,GRR,1320,1435,55.0,137.0,0,0,0,0,0
11,14,4,2024-11-14,AS,762.0,SEA,RNO,1335,1439,104.0,564.0,0,0,0,0,0
1,21,7,2024-01-21,WN,3208.0,MDW,TPA,520,735,155.0,997.0,0,0,0,0,0
1,17,3,2024-01-17,DL,1723.0,SEA,SLC,345,531,126.0,689.0,0,0,0,0,0
8,9,5,2024-08-09,AA,2680.0,PNS,DFW,425,542,117.0,604.0,0,0,0,0,0
5,30,4,2024-05-30,WN,1087.0,PWM,BWI,1030,1125,95.0,452.0,0,0,0,0,0
1,1,1,2024-01-01,WN,440.0,BWI,SAN,1205,1375,350.0,2295.0,0,0,0,0,0
3,25,1,2024-03-25,AA,2621.0,MKE,DFW,379,547,168.0,853.0,1,0,1,0,0
2,8,4,2024-02-08,9E,5066.0,FWA,ATL,1006,1121,115.0,508.0,0,0,0,0,0
8,29,4,2024-08-29,MQ,4174.0,ORD,MSP,855,955,100.0,334.0,0,0,0,0,0
11,6,3,2024-11-06,B6,733.0,BOS,SFO,1045,1282,417.0,2704.0,0,0,0,0,0
6,11,2,2024-06-11,WN,1813.0,DEN,DAL,435,610,115.0,651.0,0,0,0,0,0
2,5,1,2024-02-05,UA,323.0,EWR,ORD,780,880,160.0,719.0,0,0,0,0,0
4,30,2,2024-04-30,OH,5304.0,CLT,CHA,547,625,78.0,241.0,0,0,0,0,0
2,24,6,2024-02-24,HA,388.0,HNL,KOA,1005,1051,46.0,163.0,0,0,0,0,0
10,23,3,2024-10-23,AS,342.0,SAN,AUS,1112,1411,179.0,1164.0,0,0,0,0,0
2,12,1,2024-02-12,WN,1408.0,BWI,ROC,1285,1360,75.0,277.0,0,0,0,0,0
7,25,4,2024-07-25,YX,5694.0,LGA,PIT,625,729,104.0,335.0,0,0,0,0,0
6,19,3,2024-06-19,DL,2553.0,PHX,MSP,360,667,187.0,1276.0,0,0,0,0,0
12,9,1,2024-12-09,G4,1635.0,LAS,MFE,405,701,176.0,1210.0,0,0,1,0,0
6,28,5,2024-06-28,MQ,3945.0,ORD,MEM,1109,1225,116.0,491.0,1,0,1,0,1
5,9,4,2024-05-09,NK,203.0,LAX,CLT,507,972,285.0,2125.0,0,0,0,0,0
11,6,3,2024-11-06,F9,3162.0,DEN,LGA,360,699,219.0,1620.0,0,0,0,0,0
5,9,4,2024-05-09,WN,138.0,LAS,ABQ,1265,1415,90.0,486.0,0,0,0,0,0
11,11,1,2024-11-11,B6,1807.0,BOS,BNA,1142,1270,188.0,942.0,0,0,0,0,0
11,14,4,2024-11-14,WN,1044.0,STL,PHL,835,1020,125.0,814.0,0,0,0,0,0
3,2,6,2024-03-02,NK,298.0,FLL,BOS,1057,1251,194.0,1237.0,0,0,0,0,0
2,19,1,2024-02-19,9E,5374.0,LGA,ORH,809,877,68.0,146.0,0,0,0,0,0
4,27,6,2024-04-27,WN,2590.0,BNA,SRQ,695,870,115.0,648.0,0,0,0,0,0
8,4,7,2024-08-04,UA,1649.0,PWM,ORD,365,474,169.0,900.0,0,0,0,0,0
5,20,1,2024-05-20,WN,2012.0,STL,LAS,845,940,215.0,1371.0,0,0,0,0,0
9,29,7,2024-09-29,DL,3078.0,ATL,LEX,835,904,69.0,304.0,0,0,0,0,0
6,17,1,2024-06-17,AA,571.0,PHL,MIA,1125,1308,183.0,1013.0,1,0,0,0,0
10,25,5,2024-10-25,WN,359.0,MDW,LAS,750,865,235.0,1521.0,0,0,0,0,0
4,25,4,2024-04-25,YX,3678.0,EWR,SDF,555,702,147.0,642.0,0,0,0,0,0
9,28,6,2024-09-28,UA,2237.0,IAH,BOS,1110,1403,233.0,1597.0,0,0,0,0,0
3,6,3,2024-03-06,UA,2013.0,MCO,SFO,1100,1294,374.0,2446.0,0,0,1,0,0
11,7,4,2024-11-07,NK,839.0,DFW,TPA,439,642,143.0,929.0,1,0,0,0,0
9,23,1,2024-09-23,DL,2322.0,EWR,ATL,970,1111,141.0,746.0,0,0,0,0,0
4,7,7,2024-04-07,WN,2007.0,BUF,LAS,400,530,310.0,1986.0,0,0,0,0,0
2,14,3,2024-02-14,AA,2101.0,MCI,PHX,868,988,180.0,1044.0,0,0,0,0,0
5,30,4,2024-05-30,AA,1952.0,OKC,CLT,397,610,153.0,940.0,0,0,0,0,0
5,2,4,2024-05-02,DL,2690.0,ATL,SYR,918,1047,129.0,794.0,0,0,0,0,0
5,15,3,2024-05-15,WN,692.0,MDW,DCA,715,885,110.0,601.0,0,0,0,0,0
4,6,6,2024-04-06,AA,2925.0,SAN,MIA,390,864,294.0,2267.0,0,0,0,0,0
8,7,3,2024-08-07,WN,4028.0,OKC,LAS,490,525,155.0,986.0,0,0,0,0,0
10,3,4,2024-10-03,DL,2292.0,TVC,DTW,380,447,67.0,207.0,0,0,0,0,0
10,15,2,2024-10-15,MQ,3917.0,MEM,DFW,1202,1310,108.0,431.0,0,0,0,0,0
7,31,3,2024-07-31,WN,4068.0,IAH,BNA,920,1035,115.0,657.0,0,0,0,0,0
3,8,5,2024-03-08,YX,4719.0,PHL,IND,805,940,135.0,588.0,0,0,0,0,0
3,8,5,2024-03-08,OO,5315.0,DEN,TUL,620,794,114.0,541.0,0,0,1,0,0
9,24,2,2024-09-24,WN,2981.0,MKE,DCA,920,1090,110.0,634.0,0,0,1,0,1
7,21,7,2024-07-21,OH,5093.0,BUF,DCA,734,815,81.0,296.0,0,0,0,0,0
7,20,6,2024-07-20,AA,2871.0,DFW,SNA,454,516,182.0,1205.0,0,0,0,0,0
3,16,6,2024-03-16,WN,438.0,LAS,PSP,555,615,60.0,173.0,1,0,0,0,1
7,23,2,2024-07-23,NK,2066.0,DTW,MYR,962,1079,117.0,636.0,0,0,0,0,0
2,3,6,2024-02-03,OO,3152.0,DEN,LAX,760,857,157.0,862.0,1,0,1,0,0
10,10,4,2024-10-10,AS,439.0,IAH,SEA,1113,1288,295.0,1874.0,0,0,0,0,0
11,3,7,2024-11-03,OO,3640.0,DTW,ORF,1275,1381,106.0,529.0,0,0,0,0,0
8,4,7,2024-08-04,OH,5042.0,DCA,AGS,1200,1307,107.0,468.0,1,0,1,0,1
2,6,2,2024-02-06,DL,1073.0,RSW,DTW,779,958,179.0,1084.0,0,0,0,0,0
1,8,1,2024-01-08,UA,1076.0,EWR,MIA,909,1100,191.0,1085.0,0,0,0,0,0
6,15,6,2024-06-15,OO,3702.0,ATL,CRW,605,692,87.0,363.0,0,0,0,0,0
9,20,5,2024-09-20,UA,2115.0,PHL,DEN,956,1090,254.0,1558.0,0,0,0,0,0
11,7,4,2024-11-07,AS,907.0,RDM,SEA,502,579,77.0,228.0,0,0,0,0,0
4,27,6,2024-04-27,WN,194.0,DAL,ATL,400,580,120.0,721.0,0,0,0,0,0
7,28,7,2024-07-28,B6,524.0,LAX,JFK,970,48,338.0,2475.0,0,0,0,0,0
3,14,4,2024-03-14,DL,861.0,IND,LAX,394,502,288.0,1814.0,0,0,0,0,0
4,29,1,2024-04-29,DL,2902.0,IAD,ATL,1195,1310,115.0,534.0,1,0,0,0,1
1,18,4,2024-01-18,F9,4667.0,LAS,SEA,1049,1224,175.0,867.0,0,0,0,0,0
9,6,5,2024-09-06,UA,291.0,ORD,BDL,1098,1296,138.0,783.0,0,0,0,0,0
11,25,1,2024-11-25,WN,6437.0,MSY,BNA,875,965,90.0,471.0,0,0,0,0,0
5,17,5,2024-05-17,DL,2081.0,IND,DTW,1129,1199,70.0,231.0,0,0,0,0,0
5,28,2,2024-05-28,OO,5456.0,AVL,ORD,420,485,125.0,536.0,0,0,0,0,0
10,30,3,2024-10-30,F9,1358.0,ONT,LAS,860,941,81.0,197.0,0,0,0,0,0
10,21,1,2024-10-21,DL,3074.0,ATL,MYR,1366,1439,73.0,317.0,0,0,0,0,0
6,12,3,2024-06-12,DL,841.0,SLC,LAX,955,1016,121.0,590.0,0,0,0,0,0
10,1,2,2024-10-01,AA,1100.0,BNA,DFW,954,1080,126.0,631.0,0,0,0,0,0
4,4,4,2024-04-04,WN,284.0,ECP,STL,600,715,115.0,634.0,0,0,0,0,0
9,11,3,2024-09-11,DL,638.0,BOS,ATL,1030,1204,174.0,946.0,0,0,0,0,0
5,23,4,2024-05-23,DL,489.0,SLC,DTW,580,909,209.0,1481.0,0,0,0,0,0
5,24,5,2024-05-24,OH,5314.0,DCA,BNA,463,520,117.0,562.0,0,0,0,0,0
3,29,5,2024-03-29,OH,5274.0,GSP,CLT,558,621,63.0,75.0,0,0,0,0,0
6,6,4,2024-06-06,DL,2957.0,ATL,AUS,505,586,141.0,813.0,0,0,0,0,0
3,15,5,2024-03-15,UA,2280.0,EWR,TPA,963,1147,184.0,997.0,0,0,0,0,0
3,11,1,2024-03-11,G4,1076.0,PIE,SBN,765,917,152.0,973.0,0,0,0,0,0
3,30,6,2024-03-30,AA,1844.0,PBI,DFW,931,1073,202.0,1102.0,0,0,0,0,0
4,16,2,2024-04-16,OO,5692.0,XNA,DEN,695,765,130.0,616.0,0,0,0,0,0
3,2,6,2024-03-02,AS,441.0,PDX,MIA,550,1075,345.0,2700.0,0,0,1,0,0
12,13,5,2024-12-13,WN,933.0,SJC,ONT,435,510,75.0,333.0,0,0,0,0,0
1,19,5,2024-01-19,WN,169.0,ALB,MCO,965,1150,185.0,1073.0,0,0,1,0,1
2,15,4,2024-02-15,WN,1880.0,SLC,BUR,730,785,115.0,574.0,0,0,0,0,0
1,25,4,2024-01-25,OO,4672.0,DEN,BFL,1155,1264,169.0,845.0,0,0,0,0,0
10,1,2,2024-10-01,UA,734.0,ORD,DCA,1185,1363,118.0,612.0,0,0,0,0,0
6,14,5,2024-06-14,DL,2980.0,MSP,AVL,903,1106,143.0,861.0,0,0,1,0,0
9,26,4,2024-09-26,DL,2005.0,SLC,BOI,920,989,69.0,290.0,0,0,0,0,0
1,26,5,2024-01-26,OO,4834.0,OKC,LAX,960,1042,202.0,1187.0,0,0,0,0,0
6,30,7,2024-06-30,WN,4199.0,SAT,HOU,785,845,60.0,192.0,0,0,0,0,0
2,16,5,2024-02-16,DL,2731.0,MSP,GEG,1319,1391,192.0,1175.0,1,0,0,0,0
1,23,2,2024-01-23,WN,1713.0,ATL,MDW,1070,1120,110.0,591.0,0,0,0,0,0
12,13,5,2024-12-13,DL,1676.0,ATL,SAT,490,592,162.0,874.0,1,0,0,0,0
6,9,7,2024-06-09,WN,3062.0,MDW,MSP,1115,1200,85.0,349.0,0,0,1,0,1
11,12,2,2024-11-12,UA,2376.0,MSY,IAH,590,671,81.0,305.0,0,0,0,0,0
7,17,3,2024-07-17,NK,794.0,ORD,MCO,1096,1333,177.0,1005.0,1,0,1,0,0
10,1,2,2024-10-01,UA,2492.0,SFO,SAT,645,977,212.0,1482.0,1,0,0,0,1
6,18,2,2024-06-18,OH,5159.0,DCA,MYR,1025,1121,96.0,372.0,0,0,0,0,0
9,7,6,2024-09-07,AA,1915.0,RIC,DFW,942,1080,198.0,1158.0,0,0,0,0,0
3,13,3,2024-03-13,WN,1708.0,MDW,IAH,855,1020,165.0,917.0,0,0,0,0,0
3,14,4,2024-03-14,WN,1880.0,COS,LAS,400,460,120.0,604.0,0,1,1,0,0
10,18,5,2024-10-18,DL,540.0,ATL,OAK,1175,1296,301.0,2130.0,0,0,0,0,0
2,12,1,2024-02-12,WN,845.0,TUS,LAS,515,535,80.0,365.0,0,0,0,0,0
11,8,5,2024-11-08,WN,1906.0,SMF,SAN,540,635,95.0,480.0,0,0,0,0,0
11,12,2,2024-11-12,OO,6307.0,TUS,PHX,582,639,57.0,110.0,0,0,0,0,0
4,25,4,2024-04-25,WN,677.0,TPA,BWI,855,995,140.0,842.0,0,0,0,0,0
2,19,1,2024-02-19,B6,1142.0,PBI,BDL,491,665,174.0,1133.0,0,0,0,0,0
5,10,5,2024-05-10,MQ,3927.0,DFW,STL,623,751,128.0,550.0,0,0,0,0,0
3,9,6,2024-03-09,MQ,3459.0,HRL,DFW,1173,1267,94.0,461.0,0,0,1,0,0
10,16,3,2024-10-16,B6,1076.0,MCO,PVD,585,755,170.0,1072.0,1,0,0,0,1
7,3,3,2024-07-03,WN,1194.0,SNA,SJC,1010,1085,75.0,342.0,0,0,0,0,0
2,8,4,2024-02-08,AA,1802.0,AUS,DFW,1230,1298,68.0,190.0,1,0,0,0,0
8,21,3,2024-08-21,DL,2776.0,CVG,FLL,435,585,150.0,932.0,0,0,0,0,0
5,3,5,2024-05-03,WN,2283.0,TPA,IND,940,1075,135.0,837.0,1,0,1,0,1
8,19,1,2024-08-19,UA,2292.0,BUR,DEN,787,990,143.0,850.0,0,0,0,0,0
12,2,1,2024-12-02,MQ,3340.0,BNA,ORD,607,714,107.0,409.0,0,0,0,0,0
9,28,6,2024-09-28,OH,5192.0,CLT,LEX,793,880,87.0,281.0,1,0,0,0,1
3,19,2,2024-03-19,MQ,3373.0,DFW,LIT,497,575,78.0,304.0,0,0,0,0,0
1,11,4,2024-01-11,WN,1110.0,MDW,MCO,685,900,155.0,990.0,0,0,0,0,0
8,4,7,2024-08-04,WN,6200.0,BUR,BNA,490,850,240.0,1791.0,0,0,0,0,0
10,16,3,2024-10-16,AA,1544.0,SMF,DFW,345,668,203.0,1431.0,0,0,0,0,0
6,17,1,2024-06-17,UA,1389.0,CMH,DEN,934,1000,186.0,1154.0,0,0,0,0,0
7,19,5,2024-07-19,HA,71.0,LGB,OGG,540,700,340.0,2498.0,0,0,0,0,0
3,5,2,2024-03-05,AA,1100.0,DFW,BNA,792,899,107.0,631.0,0,0,0,0,0
10,26,6,2024-10-26,HA,326.0,HNL,OGG,860,903,43.0,100.0,0,0,0,0,0
10,21,1,2024-10-21,MQ,3848.0,MLU,DFW,350,443,93.0,293.0,0,0,0,0,0
10,17,4,2024-10-17,AS,677.0,SMF,SEA,1010,1134,124.0,605.0,0,0,0,0,0
11,13,3,2024-11-13,AA,1700.0,MCO,MIA,1132,1205,73.0,192.0,0,0,1,0,0
1,28,7,2024-01-28,DL,2289.0,SEA,TUS,570,814,184.0,1216.0,1,0,0,0,0
12,13,5,2024-12-13,B6,934.0,TPA,BDL,540,706,166.0,1111.0,0,0,0,0,0
8,13,2,2024-08-13,WN,4708.0,DEN,PDX,725,820,155.0,991.0,0,0,0,0,0
9,26,4,2024-09-26,OH,5091.0,DCA,GRR,1030,1143,113.0,524.0,0,0,0,0,0
3,25,1,2024-03-25,UA,2478.0,PIT,SFO,1146,1320,354.0,2254.0,0,0,1,0,0
3,27,3,2024-03-27,YX,4299.0,DCA,ROC,618,719,101.0,296.0,0,0,0,0,0
5,18,6,2024-05-18,DL,400.0,SFO,DTW,1375,390,275.0,2079.0,0,0,0,0,0
6,27,4,2024-06-27,DL,814.0,ATL,SEA,990,1134,324.0,2182.0,0,0,1,0,0
11,30,6,2024-11-30,DL,2348.0,BHM,ATL,823,945,62.0,134.0,0,0,0,0,0
12,31,2,2024-12-31,G4,3240.0,MSO,AZA,848,996,148.0,948.0,0,0,0,0,0
7,14,7,2024-07-14,NK,203.0,LAX,CLT,513,977,284.0,2125.0,0,0,1,0,1
5,16,4,2024-05-16,DL,1640.0,ATL,DTW,1300,1412,112.0,594.0,0,0,0,0,0
4,29,1,2024-04-29,YX,4462.0,LGA,CMH,1025,1138,113.0,479.0,0,0,0,0,0
5,8,3,2024-05-08,B6,1274.0,CHS,JFK,1136,1265,129.0,636.0,0,0,1,0,0
4,23,2,2024-04-23,UA,2669.0,BNA,SFO,390,568,298.0,1969.0,0,0,1,0,1
6,13,4,2024-06-13,UA,1503.0,MIA,SFO,540,721,361.0,2585.0,1,0,0,0,0
1,22,1,2024-01-22,F9,2143.0,ATL,MDW,792,856,124.0,591.0,0,0,0,0,0
12,2,1,2024-12-02,UA,684.0,SEA,ORD,1435,352,237.0,1721.0,0,0,0,0,0
9,28,6,2024-09-28,AA,1340.0,FLL,DFW,705,839,194.0,1119.0,0,0,0,0,0
1,21,7,2024-01-21,AA,16.0,SFO,JFK,802,1319,337.0,2586.0,0,0,0,0,0
7,4,4,2024-07-04,AA,709.0,ABQ,DFW,495,662,107.0,569.0,0,0,0,0,0
7,24,3,2024-07-24,G4,1415.0,TYS,PGD,570,682,112.0,624.0,0,0,0,0,0
8,23,5,2024-08-23,OO,4296.0,XWA,MSP,367,477,110.0,553.0,0,0,0,0,0
3,1,5,2024-03-01,OO,3699.0,SFO,SEA,365,505,140.0,679.0,0,0,0,0,0
10,25,5,2024-10-25,WN,323.0,ELP,DAL,330,490,100.0,562.0,0,0,0,0,0
5,18,6,2024-05-18,AA,384.0,DFW,LAS,545,602,177.0,1055.0,0,0,0,0,0
2,5,1,2024-02-05,UA,297.0,DEN,RAP,1146,1219,73.0,300.0,0,0,0,0,0
12,20,5,2024-12-20,G4,2720.0,PIE,GRR,1028,1189,161.0,1044.0,0,0,0,0,0
1,30,2,2024-01-30,AS,1058.0,PDX,SNA,652,795,143.0,859.0,0,0,0,0,0
7,17,3,2024-07-17,DL,2567.0,DTW,EWR,1070,1170,100.0,488.0,0,0,1,0,0
2,16,5,2024-02-16,9E,5527.0,OMA,DTW,720,891,111.0,651.0,0,0,0,0,0
12,27,5,2024-12-27,DL,391.0,ATL,RNO,597,720,303.0,1993.0,0,0,0,0,1
5,31,5,2024-05-31,NK,2014.0,CLE,MYR,1020,1117,97.0,557.0,0,0,0,0,0
5,19,7,2024-05-19,AA,1373.0,FLL,DFW,1064,1200,196.0,1119.0,0,0,1,0,0
10,26,6,2024-10-26,AA,1235.0,SYR,CLT,378,505,127.0,603.0,0,0,0,0,0
4,9,2,2024-04-09,WN,3815.0,MDW,PHX,585,690,225.0,1444.0,0,0,0,0,0
4,9,2,2024-04-09,WN,5608.0,SAT,SAN,625,680,175.0,1129.0,0,0,0,0,1
12,27,5,2024-12-27,DL,2132.0,MSP,SMF,1111,1238,247.0,1517.0,0,0,0,0,0
3,18,1,2024-03-18,WN,5261.0,OKC,AUS,995,1075,80.0,358.0,1,0,0,0,1
9,20,5,2024-09-20,G4,1297.0,ROA,SFB,916,1023,107.0,594.0,0,0,0,0,0
1,23,2,2024-01-23,DL,760.0,DFW,BOS,730,1002,212.0,1562.0,0,0,0,0,1
4,8,1,2024-04-08,B6,18.0,FLL,JAX,1011,1093,82.0,319.0,0,0,0,0,0
5,2,4,2024-05-02,OO,5550.0,GRB,ORD,652,725,73.0,173.0,0,0,0,0,0
4,17,3,2024-04-17,WN,1305.0,BNA,DAL,1250,1365,115.0,623.0,0,0,0,0,0
9,17,2,2024-09-17,9E,5290.0,MSP,CID,1305,1375,70.0,220.0,0,0,0,0,0
6,2,7,2024-06-02,WN,2429.0,DTW,DEN,420,490,190.0,1123.0,0,0,0,0,0
5,27,1,2024-05-27,OO,4743.0,AMA,DEN,1060,1100,100.0,359.0,0,0,0,0,0
8,11,7,2024-08-11,OO,3669.0,GEG,SEA,785,866,81.0,224.0,0,0,0,0,0
9,28,6,2024-09-28,DL,1658.0,MCO,ATL,725,819,94.0,404.0,0,0,0,0,0
6,15,6,2024-06-15,WN,4248.0,BUR,ABQ,490,665,115.0,672.0,0,0,0,0,0
7,4,4,2024-07-04,WN,265.0,HOU,OAK,980,1090,230.0,1642.0,0,0,0,0,0
3,19,2,2024-03-19,WN,5957.0,TPA,IND,935,1075,140.0,837.0,0,0,0,0,0
7,26,5,2024-07-26,WN,157.0,MSY,LGA,700,940,180.0,1183.0,0,0,0,0,0
3,7,4,2024-03-07,AA,446.0,DFW,SFO,1362,47,245.0,1464.0,0,1,0,0,0
12,12,4,2024-12-12,OO,3347.0,PSP,SFO,791,890,99.0,421.0,1,0,0,0,0
2,21,3,2024-02-21,DL,2828.0,DEN,LAX,788,880,152.0,862.0,0,0,0,0,0
9,4,3,2024-09-04,DL,738.0,JFK,LAX,950,1140,370.0,2475.0,0,0,0,0,0
6,25,2,2024-06-25,F9,1225.0,SJU,RDU,660,880,220.0,1433.0,0,0,0,0,0
3,2,6,2024-03-02,OH,5240.0,CLT,CVG,588,689,101.0,335.0,0,0,0,0,0
10,28,1,2024-10-28,WN,1003.0,LAS,HOU,320,615,175.0,1235.0,0,0,0,0,0
5,3,5,2024-05-03,WN,1198.0,BWI,CMH,1320,1400,80.0,337.0,0,0,0,0,0
10,8,2,2024-10-08,OH,5162.0,DCA,ORF,691,756,65.0,142.0,0,0,0,0,0
10,17,4,2024-10-17,YX,4611.0,JFK,PIT,1200,1308,108.0,340.0,0,0,0,0,0
6,26,3,2024-06-26,OO,4891.0,TUS,PHX,1036,1091,55.0,110.0,0,0,0,0,0
7,28,7,2024-07-28,UA,1180.0,DEN,CID,675,851,116.0,692.0,0,0,0,0,0
10,6,7,2024-10-06,WN,2849.0,OGG,HNL,680,730,50.0,100.0,0,0,0,0,0
1,24,3,2024-01-24,OO,5644.0,SFO,BOI,1105,1274,109.0,522.0,0,0,0,0,0
4,15,1,2024-04-15,G4,218.0,AVL,BOS,390,522,132.0,783.0,0,0,0,0,0
1,6,6,2024-01-06,UA,352.0,LAX,IAD,760,1227,287.0,2288.0,0,0,0,0,0
2,19,1,2024-02-19,G4,1180.0,SFB,CAK,911,1048,137.0,837.0,0,0,0,0,0
8,22,4,2024-08-22,G4,3100.0,VPS,BLV,1026,1134,108.0,587.0,0,0,0,0,0
6,8,6,2024-06-08,OO,5224.0,DEN,DRO,805,885,80.0,251.0,0,0,0,0,0
10,16,3,2024-10-16,OO,5384.0,SFO,MFR,982,1064,82.0,329.0,0,0,0,0,0
12,16,1,2024-12-16,NK,1507.0,CMH,LAS,1257,1351,274.0,1771.0,0,0,0,0,0
10,29,2,2024-10-29,AA,9.0,DFW,ABQ,870,925,115.0,569.0,0,0,0,0,0
2,1,4,2024-02-01,DL,1254.0,ATL,HOU,920,997,137.0,696.0,0,0,0,0,0
12,6,5,2024-12-06,AA,526.0,CLT,BNA,1250,1284,94.0,328.0,0,0,0,0,0
7,22,1,2024-07-22,WN,3960.0,CLT,BNA,640,665,85.0,328.0,1,0,0,0,1
6,27,4,2024-06-27,WN,280.0,ELP,SAT,1010,1155,85.0,496.0,1,0,0,0,1
2,23,5,2024-02-23,MQ,3899.0,CLT,AVL,788,845,57.0,91.0,0,0,0,0,0
6,26,3,2024-06-26,DL,2877.0,DEN,MSP,866,1050,124.0,680.0,0,0,0,0,1
8,30,5,2024-08-30,OO,5886.0,DEN,SGF,1050,1227,117.0,637.0,1,0,1,0,0
5,16,4,2024-05-16,DL,553.0,SLC,DCA,583,960,257.0,1851.0,0,0,0,0,0
10,31,4,2024-10-31,DL,2274.0,PHX,MSP,735,1038,183.0,1276.0,0,0,0,0,0
7,26,5,2024-07-26,MQ,3763.0,TYR,DFW,365,425,60.0,102.0,0,0,0,0,0
7,13,6,2024-07-13,F9,3976.0,ATL,MCO,665,768,103.0,404.0,1,0,0,0,0
9,23,1,2024-09-23,OH,5530.0,LFT,DFW,1040,1139,99.0,351.0,1,0,0,0,1
12,4,3,2024-12-04,AA,1211.0,ABQ,DFW,500,671,111.0,569.0,0,0,0,0,0
8,13,2,2024-08-13,AA,2361.0,PHL,SEA,1144,1334,370.0,2378.0,1,0,0,0,0
7,20,6,2024-07-20,HA,520.0,LIH,KOA,1005,1059,54.0,263.0,0,0,0,0,0
1,28,7,2024-01-28,DL,1678.0,BZN,MSP,360,570,150.0,874.0,0,0,0,0,0
8,9,5,2024-08-09,DL,1423.0,SMF,SLC,810,972,102.0,532.0,0,0,0,0,0
1,8,1,2024-01-08,OO,4074.0,MEM,LGA,725,944,159.0,963.0,1,0,0,0,0
12,9,1,2024-12-09,OO,3860.0,MSP,RST,1365,1426,61.0,76.0,0,0,0,0,0
10,21,1,2024-10-21,UA,2196.0,AUS,IAH,580,645,65.0,140.0,0,0,1,0,0
7,3,3,2024-07-03,WN,2722.0,EUG,OAK,340,435,95.0,445.0,0,0,0,0,0
8,7,3,2024-08-07,AA,1107.0,LAS,DFW,997,1290,173.0,1055.0,0,0,1,0,1
11,25,1,2024-11-25,DL,2992.0,MIA,RDU,1100,1237,137.0,700.0,0,0,0,0,0
2,5,1,2024-02-05,OO,5443.0,IAH,MSY,1300,1377,77.0,305.0,0,0,0,0,0
8,2,5,2024-08-02,WN,1419.0,DAL,MSY,360,445,85.0,436.0,0,0,0,0,0
2,5,1,2024-02-05,DL,2706.0,BOS,TPA,430,653,223.0,1185.0,0,0,0,0,0
5,13,1,2024-05-13,WN,2107.0,DEN,MDW,720,915,135.0,895.0,0,0,0,0,0
3,25,1,2024-03-25,UA,660.0,MEM,ORD,450,565,115.0,491.0,0,0,0,0,0
10,12,6,2024-10-12,WN,4088.0,DEN,BOS,565,920,235.0,1754.0,0,0,0,0,0
11,22,5,2024-11-22,DL,337.0,JFK,SEA,660,869,389.0,2422.0,0,0,0,0,0
2,27,2,2024-02-27,DL,2508.0,BNA,ATL,673,802,69.0,214.0,0,0,0,0,0
9,16,1,2024-09-16,WN,1890.0,MSY,LGA,750,985,175.0,1183.0,0,0,0,0,0
12,1,7,2024-12-01,OO,5052.0,DEN,HYS,1264,1401,77.0,298.0,0,0,0,0,0
10,8,2,2024-10-08,UA,343.0,SAT,ORD,420,594,174.0,1041.0,0,0,0,0,0
9,28,6,2024-09-28,AA,2057.0,PHX,SAN,462,537,75.0,304.0,0,0,0,0,0
9,11,3,2024-09-11,OH,5235.0,CLT,ECP,927,968,101.0,437.0,0,0,0,0,0
5,23,4,2024-05-23,WN,3607.0,ONT,OAK,870,945,75.0,362.0,0,0,0,0,0
4,15,1,2024-04-15,OO,5443.0,ORD,SDF,865,1014,89.0,286.0,0,0,0,0,0
6,25,2,2024-06-25,WN,3367.0,ITO,HNL,1155,1210,55.0,216.0,0,0,0,0,0
3,8,5,2024-03-08,OO,6223.0,GRK,DFW,1113,1181,68.0,134.0,0,0,1,0,1
9,13,5,2024-09-13,OO,4804.0,IAH,LGA,593,874,221.0,1416.0,0,0,0,0,1
5,26,7,2024-05-26,AA,1267.0,CLT,CLE,1059,1150,91.0,430.0,0,0,0,0,0
4,4,4,2024-04-04,OO,5427.0,ORD,MSN,940,1001,61.0,108.0,1,0,1,0,0
5,10,5,2024-05-10,AA,2579.0,DFW,DEN,615,699,144.0,641.0,0,0,0,0,0
8,23,5,2024-08-23,F9,1323.0,DFW,DEN,557,636,139.0,641.0,0,0,0,0,0
11,10,7,2024-11-10,WN,1662.0,STL,DEN,465,550,145.0,770.0,0,0,0,0,0
2,3,6,2024-02-03,WN,215.0,LAS,LAX,770,850,80.0,236.0,0,0,0,0,0
11,25,1,2024-11-25,OO,4120.0,FAR,MSP,1051,1123,72.0,223.0,0,0,0,0,0
1,22,1,2024-01-22,OO,4836.0,DFW,SWO,1280,1356,76.0,225.0,0,0,0,0,0
6,30,7,2024-06-30,AS,233.0,STL,SEA,1172,1320,268.0,1709.0,0,0,0,0,0
10,18,5,2024-10-18,YX,5634.0,BOS,CLE,515,642,127.0,563.0,0,0,0,0,0
7,5,5,2024-07-05,AA,1341.0,EGE,DFW,879,1069,130.0,721.0,1,0,0,0,1
9,22,7,2024-09-22,UA,2013.0,LAX,SEA,523,694,171.0,954.0,0,0,0,0,0
11,21,4,2024-11-21,DL,3127.0,ATL,MLB,738,826,88.0,442.0,0,0,0,0,0
10,10,4,2024-10-10,AA,899.0,MKE,PHX,890,1004,234.0,1460.0,0,0,0,0,0
1,18,4,2024-01-18,WN,406.0,AUS,DAL,365,430,65.0,189.0,0,0,0,0,0
9,8,7,2024-09-08,NK,3185.0,PIT,FLL,1113,1277,164.0,994.0,0,0,0,0,0
11,19,2,2024-11-19,9E,5050.0,SHV,ATL,1139,1308,109.0,551.0,0,0,0,0,0
3,9,6,2024-03-09,NK,2368.0,LAS,DTW,770,1188,238.0,1749.0,0,0,0,0,0
1,17,3,2024-01-17,OO,5149.0,DEN,SGU,1250,1364,114.0,517.0,0,0,0,0,0
3,22,5,2024-03-22,UA,2488.0,IAH,MCI,1215,1335,120.0,643.0,0,0,0,0,0
8,20,2,2024-08-20,AA,1408.0,PHX,ORD,415,754,219.0,1440.0,0,0,0,0,0
3,24,7,2024-03-24,G4,426.0,CVG,PBI,390,542,152.0,892.0,0,0,0,0,0
7,19,5,2024-07-19,AA,1224.0,PHX,ATL,947,1355,228.0,1587.0,1,0,1,0,1
3,13,3,2024-03-13,G4,546.0,GRR,SFB,510,673,163.0,1001.0,0,0,0,0,0
12,11,3,2024-12-11,OH,5532.0,DCA,MYR,1050,1155,105.0,372.0,0,0,0,0,1
7,19,5,2024-07-19,OO,5019.0,JMS,DEN,820,877,117.0,573.0,0,0,0,0,0
4,22,1,2024-04-22,G4,991.0,PIE,GSP,782,871,89.0,482.0,0,0,0,0,0
9,8,7,2024-09-08,AS,609.0,LAS,SEA,840,1004,164.0,867.0,0,0,1,0,0
8,7,3,2024-08-07,MQ,3696.0,ORD,COU,1212,1294,82.0,315.0,0,0,0,0,0
10,4,5,2024-10-04,WN,419.0,STL,AUS,580,705,125.0,721.0,0,0,0,0,0
5,24,5,2024-05-24,AS,700.0,SEA,PHX,711,884,173.0,1107.0,0,0,0,0,0
7,2,2,2024-07-02,YX,5612.0,PWM,LGA,360,446,86.0,269.0,0,0,0,0,0
7,18,4,2024-07-18,WN,4232.0,MDW,TUL,670,775,105.0,583.0,0,0,0,0,0
4,18,4,2024-04-18,DL,2153.0,JFK,MCO,716,892,176.0,944.0,1,0,0,0,0
7,28,7,2024-07-28,UA,455.0,BWI,ORD,650,722,132.0,622.0,0,0,0,0,0
1,23,2,2024-01-23,DL,2492.0,SAN,ATL,390,825,255.0,1892.0,0,0,0,0,0
3,13,3,2024-03-13,YX,3404.0,AVL,ORD,416,485,129.0,536.0,0,0,0,0,0
5,24,5,2024-05-24,WN,2010.0,SMF,GEG,665,775,110.0,649.0,0,0,0,0,0
6,19,3,2024-06-19,AA,1314.0,DFW,MIA,1241,38,177.0,1121.0,0,0,0,0,0
1,16,2,2024-01-16,WN,1748.0,BNA,ATL,725,850,65.0,214.0,1,0,0,0,0
4,8,1,2024-04-08,DL,1620.0,JAX,DTW,1116,1259,143.0,813.0,0,0,0,0,0
1,1,1,2024-01-01,WN,3289.0,DAL,BNA,1035,1135,100.0,623.0,0,0,0,0,0
11,14,4,2024-11-14,DL,3196.0,ATL,SRQ,515,603,88.0,444.0,0,0,0,0,0
5,13,1,2024-05-13,OH,5071.0,BDL,DCA,748,834,86.0,313.0,0,0,0,0,0
2,7,3,2024-02-07,WN,3515.0,MDW,ALB,765,930,105.0,717.0,0,0,0,0,0
11,7,4,2024-11-07,DL,2642.0,ATL,PHL,1369,46,117.0,666.0,0,0,0,0,0
3,17,7,2024-03-17,AA,471.0,ORD,PHL,525,707,122.0,678.0,0,0,0,0,0
10,7,1,2024-10-07,9E,4911.0,IAD,MSP,1109,1226,177.0,908.0,0,0,0,0,0
2,18,7,2024-02-18,F9,3347.0,BOS,MCO,691,911,220.0,1121.0,0,0,0,0,0
7,18,4,2024-07-18,DL,1583.0,IAH,SLC,435,562,187.0,1195.0,0,0,0,0,0
6,26,3,2024-06-26,DL,1172.0,DTW,MCI,1215,1273,118.0,629.0,0,0,0,0,0
11,29,5,2024-11-29,MQ,4035.0,CMH,DCA,370,455,85.0,323.0,0,0,0,0,0
5,25,6,2024-05-25,DL,1197.0,SJC,SEA,380,523,143.0,696.0,1,0,0,0,1
4,28,7,2024-04-28,OO,5624.0,ATW,ORD,649,725,76.0,160.0,0,0,0,0,0
3,18,1,2024-03-18,AS,112.0,ANC,SEA,540,814,214.0,1448.0,0,0,0,0,0
12,21,6,2024-12-21,AA,985.0,ORD,MCO,425,649,164.0,1005.0,0,0,0,0,0
11,22,5,2024-11-22,B6,394.0,DEN,BOS,1399,305,226.0,1754.0,0,0,1,0,1
5,3,5,2024-05-03,AA,844.0,PHX,AUS,546,821,155.0,872.0,0,0,0,0,0
10,25,5,2024-10-25,OH,5462.0,VPS,DCA,642,839,137.0,789.0,1,0,1,0,1
12,2,1,2024-12-02,G4,1564.0,BNA,ATW,1295,1401,106.0,570.0,0,1,1,0,1
6,9,7,2024-06-09,YX,4673.0,LGA,RIC,1050,1143,93.0,292.0,0,0,0,0,0
3,14,4,2024-03-14,WN,2012.0,PDX,LAS,855,985,130.0,763.0,0,0,1,0,0
2,6,2,2024-02-06,9E,4989.0,JAX,LGA,1158,1304,146.0,833.0,0,0,0,0,0
2,22,4,2024-02-22,UA,2683.0,PIT,ORD,650,696,106.0,413.0,0,0,0,0,0
7,28,7,2024-07-28,UA,1022.0,DEN,SAT,815,1005,130.0,794.0,0,0,0,0,0
6,27,4,2024-06-27,AS,64.0,PSG,WRG,906,932,26.0,31.0,0,0,0,0,0
12,5,4,2024-12-05,WN,1511.0,BNA,CLE,1115,1265,90.0,448.0,0,0,0,0,0
2,29,4,2024-02-29,UA,569.0,EWR,BQN,1145,1437,232.0,1585.0,0,0,0,0,0
10,26,6,2024-10-26,F9,4251.0,DEN,SLC,1111,1201,90.0,391.0,0,0,0,0,0
11,24,7,2024-11-24,AA,540.0,GEG,PHX,916,1146,170.0,1020.0,0,0,0,0,0
7,4,4,2024-07-04,DL,374.0,DFW,ATL,1103,1302,139.0,731.0,0,0,0,0,0
12,10,2,2024-12-10,WN,2152.0,SLC,LAS,970,995,85.0,368.0,0,0,0,0,0
11,23,6,2024-11-23,AA,518.0,SAN,ORD,405,775,250.0,1723.0,0,0,0,0,0
10,13,7,2024-10-13,YX,5668.0,BWI,BOS,1195,1297,102.0,369.0,0,0,0,0,0
4,25,4,2024-04-25,OO,3437.0,SAN,SFO,1065,1163,98.0,447.0,0,0,0,0,0
2,1,4,2024-02-01,OO,5541.0,DAY,ORD,1090,1119,89.0,240.0,0,0,0,0,0
5,28,2,2024-05-28,AA,1743.0,FLL,CLT,703,832,129.0,632.0,0,0,0,0,0
4,23,2,2024-04-23,DL,840.0,ATL,DEN,915,994,199.0,1199.0,0,0,0,0,0
7,15,1,2024-07-15,DL,359.0,SEA,MCO,1415,486,331.0,2554.0,0,0,0,0,0
6,28,5,2024-06-28,AA,1281.0,RSW,DFW,450,565,175.0,1017.0,0,0,0,0,0
7,19,5,2024-07-19,WN,1145.0,SJC,BUR,405,475,70.0,296.0,0,0,0,0,0
7,2,2,2024-07-02,NK,2886.0,FLL,BOS,930,1127,197.0,1237.0,0,0,0,0,0
1,11,4,2024-01-11,NK,1198.0,MCO,MCI,1201,1325,184.0,1072.0,0,0,1,0,0
12,8,7,2024-12-08,UA,2147.0,TPA,ORD,875,992,177.0,1012.0,0,0,0,0,0
5,4,6,2024-05-04,F9,2448.0,PBI,ISP,577,746,169.0,1052.0,0,0,0,0,0
7,31,3,2024-07-31,NK,1505.0,FLL,PIT,1340,59,159.0,994.0,1,0,1,0,0
11,25,1,2024-11-25,OH,5514.0,FWA,CLT,725,835,110.0,460.0,0,0,0,0,0
9,25,3,2024-09-25,F9,3022.0,DFW,ATL,599,794,135.0,731.0,0,0,1,0,1
7,29,1,2024-07-29,G4,2843.0,MFE,SFB,1112,1336,164.0,1059.0,0,0,0,0,0
5,1,3,2024-05-01,G4,2957.0,MLI,SFB,755,966,151.0,1018.0,0,0,0,0,0
5,27,1,2024-05-27,WN,5261.0,ISP,BWI,1100,1175,75.0,220.0,0,0,0,0,0
7,15,1,2024-07-15,NK,672.0,DTW,ATL,1275,1402,127.0,594.0,1,0,0,0,0
8,31,6,2024-08-31,UA,281.0,BNA,SFO,420,587,287.0,1969.0,0,0,0,0,0
6,19,3,2024-06-19,DL,1103.0,BOS,MSP,675,811,196.0,1124.0,0,0,0,0,0
12,8,7,2024-12-08,OO,5839.0,BFL,DEN,325,540,155.0,845.0,0,0,0,0,0
1,8,1,2024-01-08,WN,2779.0,MDW,CLT,550,720,110.0,584.0,0,0,0,0,0
4,9,2,2024-04-09,AA,2638.0,DFW,ORF,651,887,176.0,1212.0,0,0,1,0,1
12,29,7,2024-12-29,9E,4987.0,LGA,CVG,530,680,150.0,585.0,0,0,0,0,0
1,22,1,2024-01-22,WN,2300.0,RSW,IND,975,1130,155.0,945.0,0,0,0,0,0
7,15,1,2024-07-15,DL,1679.0,TPA,CVG,1095,1229,134.0,773.0,0,0,0,0,0
12,24,2,2024-12-24,DL,665.0,ATL,ONT,535,646,291.0,1900.0,0,0,0,0,0
8,31,6,2024-08-31,DL,2906.0,LAX,SLC,340,524,124.0,590.0,0,0,0,0,0
3,21,4,2024-03-21,UA,2315.0,ORD,TPA,370,594,164.0,1012.0,0,0,0,0,0
11,21,4,2024-11-21,WN,2231.0,DAL,STL,1155,1255,100.0,546.0,1,0,1,0,1
12,24,2,2024-12-24,DL,1209.0,PDX,SLC,826,996,110.0,630.0,0,0,0,0,0
9,7,6,2024-09-07,DL,487.0,CVG,SEA,1123,1240,297.0,1965.0,0,0,0,0,0
10,24,4,2024-10-24,DL,1066.0,SAT,ATL,425,620,135.0,874.0,0,0,0,0,0
7,23,2,2024-07-23,UA,2323.0,ORD,MCO,532,767,175.0,1005.0,0,0,0,0,0
8,24,6,2024-08-24,AA,143.0,LAX,HNL,858,1023,345.0,2556.0,0,0,0,0,0
9,30,1,2024-09-30,WN,1351.0,ORF,MCO,1055,1175,120.0,655.0,0,0,0,0,0
4,8,1,2024-04-08,WN,2657.0,RSW,MDW,560,670,170.0,1105.0,0,0,0,0,0
9,3,2,2024-09-03,WN,246.0,MCO,LAS,530,650,300.0,2039.0,0,0,0,0,0
7,1,1,2024-07-01,AA,2608.0,SFO,PHX,1121,1242,121.0,651.0,0,0,0,0,0
7,27,6,2024-07-27,WN,2989.0,AUS,PHX,1035,1055,140.0,872.0,0,0,0,0,1
12,15,7,2024-12-15,WN,1427.0,BDL,BNA,700,795,155.0,852.0,0,0,0,0,0
4,29,1,2024-04-29,OO,3735.0,RDM,SEA,670,755,85.0,228.0,0,0,0,0,0
6,7,5,2024-06-07,UA,1657.0,IAH,EWR,360,635,215.0,1400.0,0,0,0,0,0
11,2,6,2024-11-02,UA,1337.0,PDX,SFO,1190,1303,113.0,550.0,0,0,0,0,0
6,11,2,2024-06-11,HA,254.0,LIH,HNL,745,784,39.0,102.0,0,0,0,0,0
6,22,6,2024-06-22,NK,3996.0,PHL,MCO,377,540,163.0,861.0,1,0,1,0,0
3,23,6,2024-03-23,AS,1.0,DCA,SEA,480,656,356.0,2329.0,0,0,0,0,0
4,13,6,2024-04-13,AA,2522.0,SRQ,CLT,612,725,113.0,547.0,0,0,0,0,0
6,13,4,2024-06-13,OO,3908.0,DTW,CMH,855,916,61.0,155.0,1,0,0,0,0
3,9,6,2024-03-09,DL,1299.0,MOB,ATL,360,504,84.0,302.0,0,0,0,0,0
10,12,6,2024-10-12,AA,592.0,RDU,PHX,425,541,296.0,1891.0,0,0,0,0,0
2,1,4,2024-02-01,DL,1608.0,MSP,LAX,655,788,253.0,1535.0,0,0,0,0,0
1,23,2,2024-01-23,DL,1042.0,AUS,MSP,991,1155,164.0,1042.0,1,0,0,0,0
10,22,2,2024-10-22,WN,4347.0,TUS,DAL,855,1110,135.0,824.0,0,0,0,0,0
2,2,5,2024-02-02,UA,1513.0,SYR,EWR,360,447,87.0,195.0,0,0,0,0,0
5,26,7,2024-05-26,WN,4957.0,OAK,PSP,505,585,80.0,418.0,0,0,0,0,0
8,12,1,2024-08-12,WN,2813.0,RDU,TPA,1015,1125,110.0,587.0,0,0,0,0,0
2,2,5,2024-02-02,AA,2716.0,DFW,TUL,889,955,66.0,237.0,0,0,0,0,0
10,29,2,2024-10-29,AA,1470.0,PHX,TPA,562,980,238.0,1788.0,0,0,0,0,0
10,20,7,2024-10-20,DL,410.0,DCA,ATL,360,474,114.0,547.0,0,0,0,0,0
8,25,7,2024-08-25,AA,2305.0,JFK,SFO,989,1201,392.0,2586.0,0,0,0,0,0
10,30,3,2024-10-30,9E,5140.0,BTR,ATL,1020,1179,99.0,448.0,0,0,1,0,0
1,11,4,2024-01-11,HA,136.0,HNL,OGG,395,435,40.0,100.0,0,0,0,0,0
7,28,7,2024-07-28,OO,4644.0,CRW,ORD,1061,1114,113.0,416.0,1,0,0,0,0
10,24,4,2024-10-24,OH,5643.0,BHM,DCA,374,558,124.0,653.0,0,0,0,0,0
4,26,5,2024-04-26,OO,5522.0,ORD,BNA,1265,1362,97.0,409.0,0,0,0,0,0
7,28,7,2024-07-28,G4,1957.0,BNA,XNA,770,858,88.0,426.0,0,0,0,0,0
6,9,7,2024-06-09,AA,1577.0,CLT,MIA,1092,1220,128.0,650.0,0,0,0,0,0
7,31,3,2024-07-31,YX,4474.0,LGA,PHL,1113,1184,71.0,96.0,0,0,1,0,0
10,31,4,2024-10-31,UA,2374.0,LAS,DEN,525,706,121.0,628.0,0,0,0,0,0
7,10,3,2024-07-10,WN,1954.0,MDW,BWI,720,890,110.0,611.0,0,0,0,0,0
10,21,1,2024-10-21,DL,1306.0,SNA,SLC,775,950,115.0,588.0,0,0,0,0,0
8,1,4,2024-08-01,WN,867.0,TPA,CMH,355,490,135.0,829.0,0,0,0,0,0
12,5,4,2024-12-05,NK,1161.0,BOS,ATL,1230,1414,184.0,946.0,0,0,1,0,0
2,14,3,2024-02-14,OO,4282.0,SLC,SGU,1030,1100,70.0,272.0,1,0,0,0,0
12,22,7,2024-12-22,WN,4298.0,CMH,BWI,360,440,80.0,337.0,0,0,0,0,0
8,28,3,2024-08-28,NK,200.0,EWR,MCO,1325,58,173.0,937.0,0,0,0,0,1
10,15,2,2024-10-15,AA,3123.0,IND,PHL,1100,1209,109.0,588.0,0,0,1,0,0
4,6,6,2024-04-06,WN,3064.0,MDW,ORF,510,685,115.0,704.0,0,0,0,0,0
12,12,4,2024-12-12,AA,2389.0,EYW,PHL,1019,1200,181.0,1121.0,0,0,0,0,0
8,30,5,2024-08-30,WN,1718.0,LAS,RNO,1310,1390,80.0,345.0,0,0,0,0,1
8,5,1,2024-08-05,AA,1318.0,PHX,DSM,755,1040,165.0,1150.0,0,0,0,0,0
3,10,7,2024-03-10,UA,286.0,AUS,DEN,1236,1320,144.0,775.0,0,0,0,0,0
5,20,1,2024-05-20,YX,3646.0,IAD,CMH,1327,1410,83.0,299.0,0,0,0,0,0
12,26,4,2024-12-26,OH,5239.0,BNA,PHL,631,809,118.0,675.0,1,0,1,0,0
5,10,5,2024-05-10,UA,1356.0,DEN,MIA,1060,1433,253.0,1709.0,0,0,0,0,0
1,24,3,2024-01-24,WN,1678.0,MCO,HOU,1035,1135,160.0,849.0,0,0,0,0,0
3,22,5,2024-03-22,WN,662.0,LAS,PDX,410,555,145.0,763.0,1,0,0,0,0
12,27,5,2024-12-27,AS,641.0,TUS,SEA,918,1068,210.0,1216.0,0,0,1,0,0
4,26,5,2024-04-26,UA,2207.0,ORD,PIT,860,1015,95.0,413.0,0,0,0,0,0
7,6,6,2024-07-06,DL,745.0,FLL,SLC,435,624,309.0,2084.0,0,0,0,0,0
11,8,5,2024-11-08,B6,163.0,JFK,SRQ,492,685,193.0,1041.0,0,0,0,0,0
12,4,3,2024-12-04,WN,3169.0,HOU,OKC,1005,1090,85.0,419.0,0,0,0,0,0
9,29,7,2024-09-29,DL,3153.0,ATL,IND,1365,16,91.0,432.0,0,0,0,0,0
5,5,7,2024-05-05,YX,4391.0,DCA,PVD,721,808,87.0,356.0,0,0,0,0,0
5,17,5,2024-05-17,AA,1207.0,DFW,TUS,1136,1154,138.0,813.0,0,0,0,0,1
11,12,2,2024-11-12,AA,3153.0,BOS,MIA,409,630,221.0,1258.0,0,0,0,0,0
3,25,1,2024-03-25,AA,2666.0,EWR,CLT,419,556,137.0,529.0,0,0,0,0,0
9,19,4,2024-09-19,AA,1051.0,ATL,DFW,1114,1199,145.0,731.0,1,0,0,0,1
8,11,7,2024-08-11,UA,2374.0,PHX,ORD,1085,1416,211.0,1440.0,0,0,0,0,0
2,20,2,2024-02-20,UA,2195.0,MIA,ORD,435,587,212.0,1197.0,0,0,0,0,0
4,3,3,2024-04-03,AA,2883.0,MIA,SMF,1170,1369,379.0,2552.0,0,0,0,0,0
7,2,2,2024-07-02,AA,2976.0,ORD,CLT,1238,1427,129.0,599.0,0,0,0,0,0
10,7,1,2024-10-07,UA,255.0,AUS,EWR,1120,1410,230.0,1504.0,0,0,0,0,0
5,16,4,2024-05-16,WN,2353.0,LAS,BOI,540,705,105.0,519.0,0,0,0,0,0
3,18,1,2024-03-18,DL,2241.0,HSV,ATL,1133,1255,62.0,151.0,0,0,0,0,0
8,8,4,2024-08-08,WN,1420.0,DEN,SAT,970,1160,130.0,794.0,0,0,0,0,0
3,4,1,2024-03-04,OO,5948.0,EGE,DEN,684,764,80.0,120.0,0,0,1,0,0
8,28,3,2024-08-28,DL,991.0,LAX,JFK,780,1300,340.0,2475.0,0,0,0,0,0
6,13,4,2024-06-13,OO,5567.0,ABE,ORD,400,480,140.0,655.0,0,0,0,0,0
2,20,2,2024-02-20,WN,1353.0,KOA,HNL,635,685,50.0,163.0,0,0,0,0,0
12,9,1,2024-12-09,DL,3083.0,VPS,ATL,1020,1155,75.0,250.0,0,0,0,0,0
11,10,7,2024-11-10,MQ,3497.0,ORD,STL,914,990,76.0,258.0,0,0,0,0,0
5,27,1,2024-05-27,WN,5558.0,DEN,STL,760,940,120.0,770.0,0,0,0,0,0
4,12,5,2024-04-12,MQ,3935.0,PHX,ELP,944,1077,73.0,347.0,0,0,0,0,0
9,6,5,2024-09-06,OH,5320.0,DCA,ATL,837,952,115.0,547.0,0,0,0,0,0
9,26,4,2024-09-26,OO,5888.0,ORD,ABQ,1205,1351,206.0,1118.0,0,0,0,0,0
10,28,1,2024-10-28,AA,2152.0,JAX,MIA,1144,1225,81.0,335.0,0,0,0,0,0
9,8,7,2024-09-08,DL,1267.0,ATL,BWI,917,1025,108.0,577.0,0,0,0,0,0
2,10,6,2024-02-10,UA,2343.0,RSW,DEN,959,1100,261.0,1607.0,0,0,0,0,0
1,27,6,2024-01-27,F9,3363.0,MCO,DTW,1260,1432,172.0,957.0,0,0,0,0,0
11,28,4,2024-11-28,UA,2609.0,ORD,SNA,540,700,280.0,1726.0,0,0,0,0,0
6,9,7,2024-06-09,UA,1924.0,SAN,DEN,1130,1340,150.0,853.0,0,0,0,0,0
6,30,7,2024-06-30,AA,2303.0,PHX,STL,744,1041,177.0,1262.0,0,0,0,0,0
11,2,6,2024-11-02,WN,4702.0,BNA,LAX,1150,1305,275.0,1797.0,1,0,0,0,1
12,2,1,2024-12-02,OO,4678.0,BOI,SFO,405,470,125.0,522.0,0,0,0,0,0
5,27,1,2024-05-27,OO,3200.0,BNA,ORD,330,444,114.0,409.0,1,0,0,0,0
6,25,2,2024-06-25,WN,1129.0,PBI,BWI,425,565,140.0,883.0,0,0,0,0,0
4,9,2,2024-04-09,OO,3905.0,GTF,SLC,1105,1202,97.0,463.0,0,0,0,0,0
5,20,1,2024-05-20,9E,5179.0,LGA,MYR,1250,1374,124.0,563.0,0,0,0,0,0
6,24,1,2024-06-24,UA,549.0,SFO,EWR,1420,495,335.0,2565.0,0,0,0,0,0
10,11,5,2024-10-11,DL,2023.0,PHL,SLC,425,609,304.0,1927.0,0,0,0,0,0
4,24,3,2024-04-24,YX,4771.0,IAH,PHL,840,1105,205.0,1325.0,1,0,0,0,1
6,22,6,2024-06-22,OO,4021.0,IND,DTW,618,689,71.0,231.0,0,0,0,0,0
6,5,3,2024-06-05,OO,5850.0,SGF,ORD,920,1029,109.0,438.0,0,1,0,0,0
8,24,6,2024-08-24,AA,802.0,RDU,DFW,415,536,181.0,1061.0,0,0,0,0,0
5,27,1,2024-05-27,AA,1603.0,EWR,DFW,527,699,232.0,1372.0,0,0,0,0,0
5,6,1,2024-05-06,UA,2675.0,IAH,LAX,727,829,222.0,1379.0,1,0,0,0,1
10,30,3,2024-10-30,AA,2776.0,SYR,DCA,1071,1155,84.0,298.0,0,0,0,0,0
11,21,4,2024-11-21,AA,1608.0,DFW,LGA,553,810,197.0,1389.0,0,0,1,0,0
4,26,5,2024-04-26,AA,2.0,LAX,JFK,480,992,332.0,2475.0,0,0,0,0,0
7,28,7,2024-07-28,MQ,3736.0,DFW,ABI,1136,1188,52.0,158.0,0,0,0,0,0
7,19,5,2024-07-19,MQ,3436.0,CVG,BOS,545,672,127.0,752.0,1,0,0,0,0
9,23,1,2024-09-23,WN,2526.0,LAS,DAL,1115,1395,160.0,1067.0,0,0,0,0,0
11,4,1,2024-11-04,WN,3913.0,HOU,BNA,830,940,110.0,670.0,0,0,0,0,0
5,8,3,2024-05-08,AS,365.0,DFW,SEA,360,499,259.0,1660.0,0,0,0,0,0
7,13,6,2024-07-13,AA,1987.0,ORD,LAX,1228,1369,261.0,1744.0,1,0,0,0,1
3,20,3,2024-03-20,AA,1827.0,EYW,DFW,795,935,200.0,1089.0,0,0,0,1,1
4,28,7,2024-04-28,YX,4747.0,IND,LGA,963,1087,124.0,660.0,0,0,0,0,0
6,11,2,2024-06-11,YX,3423.0,CMH,EWR,525,636,111.0,463.0,0,0,0,0,0
3,8,5,2024-03-08,WN,3232.0,MSP,MDW,615,700,85.0,349.0,0,0,0,0,0
4,22,1,2024-04-22,9E,5237.0,DTW,CMH,735,795,60.0,155.0,0,0,0,0,0
2,7,3,2024-02-07,WN,4167.0,PHX,OAK,760,820,120.0,646.0,0,0,0,0,0
11,20,3,2024-11-20,MQ,4026.0,PHX,SLC,795,892,97.0,507.0,0,0,0,0,0
4,25,4,2024-04-25,WN,968.0,FLL,BWI,1315,25,150.0,925.0,0,0,0,0,0
4,12,5,2024-04-12,B6,355.0,JFK,ONT,1150,1336,366.0,2429.0,0,0,0,0,1
2,12,1,2024-02-12,NK,1079.0,ATL,FLL,570,687,117.0,581.0,1,0,1,0,0
11,10,7,2024-11-10,OO,5506.0,DEN,ACV,680,809,189.0,1026.0,0,0,0,0,0
10,18,5,2024-10-18,WN,3688.0,MDW,MSP,1050,1135,85.0,349.0,0,0,0,0,0
1,3,3,2024-01-03,9E,5038.0,SDF,DTW,1077,1165,88.0,306.0,1,0,0,0,1
11,21,4,2024-11-21,WN,1218.0,MCO,PIT,430,570,140.0,834.0,0,0,0,0,0
2,11,7,2024-02-11,UA,356.0,DEN,FLL,835,1186,231.0,1703.0,0,0,0,0,0
8,14,3,2024-08-14,UA,2472.0,IAH,DCA,1010,1257,187.0,1208.0,0,0,0,0,0
11,16,6,2024-11-16,YX,5598.0,JFK,SAV,1100,1252,152.0,718.0,0,0,0,0,0
5,4,6,2024-05-04,WN,1307.0,PHX,STL,695,990,175.0,1262.0,0,0,0,0,0
12,19,4,2024-12-19,B6,1083.0,JFK,MCO,599,779,180.0,944.0,1,0,0,0,0
11,4,1,2024-11-04,OO,4802.0,DEN,GJT,1264,1335,71.0,212.0,0,0,0,0,0
9,9,1,2024-09-09,9E,5217.0,LGA,PWM,850,937,87.0,269.0,0,0,0,0,0
4,20,6,2024-04-20,AS,95.0,SEA,JNU,1334,1421,147.0,909.0,0,0,0,0,0
3,21,4,2024-03-21,WN,1326.0,MDW,RDU,480,655,115.0,632.0,0,0,0,0,0
1,3,3,2024-01-03,OH,5146.0,SAV,DCA,459,567,108.0,519.0,0,0,0,0,0
10,15,2,2024-10-15,WN,2221.0,SLC,DAL,630,840,150.0,999.0,0,0,0,0,0
3,15,5,2024-03-15,G4,129.0,LAS,MEM,430,749,199.0,1416.0,0,0,0,0,0
1,11,4,2024-01-11,OO,3793.0,SLC,LGB,915,978,123.0,588.0,0,0,0,0,0
2,24,6,2024-02-24,DL,994.0,ATL,PHX,985,1124,259.0,1587.0,1,0,0,0,0
9,24,2,2024-09-24,DL,2433.0,LGA,TPA,1167,1343,176.0,1010.0,0,0,0,0,0
4,22,1,2024-04-22,AA,613.0,BUF,CLT,360,477,117.0,546.0,0,0,0,0,0
11,2,6,2024-11-02,NK,302.0,MCI,LAX,325,420,215.0,1363.0,0,0,0,0,0
11,14,4,2024-11-14,AS,1018.0,SEA,BOI,682,831,89.0,399.0,0,0,0,0,0
5,14,2,2024-05-14,AS,70.0,ANC,JNU,1180,1278,98.0,571.0,0,0,0,0,0
4,20,6,2024-04-20,AA,2907.0,CLT,ORF,662,743,81.0,290.0,0,0,0,0,0
6,24,1,2024-06-24,WN,651.0,FAT,LAS,650,725,75.0,259.0,0,0,0,0,0
11,7,4,2024-11-07,HA,181.0,ITO,HNL,630,691,61.0,216.0,1,0,0,0,0
10,11,5,2024-10-11,WN,996.0,HOU,MDW,835,980,145.0,937.0,0,0,0,0,0
6,28,5,2024-06-28,DL,1525.0,ATL,TPA,735,818,83.0,406.0,0,0,0,0,0
7,7,7,2024-07-07,9E,5093.0,CVG,LGA,1133,1260,127.0,585.0,0,0,0,0,0
9,6,5,2024-09-06,WN,1447.0,BUR,SJC,665,740,75.0,296.0,0,0,0,0,0
1,31,3,2024-01-31,YX,4303.0,BOS,CMH,1075,1219,144.0,640.0,0,0,0,0,0
2,23,5,2024-02-23,UA,2469.0,IAH,CVG,1198,1400,142.0,871.0,0,0,0,0,1
9,9,1,2024-09-09,OH,5502.0,CLT,ABE,890,1003,113.0,481.0,0,0,0,0,0
8,23,5,2024-08-23,DL,1400.0,ATL,IAD,505,609,104.0,534.0,0,0,0,0,0
8,14,3,2024-08-14,UA,1733.0,IAH,EWR,865,1146,221.0,1400.0,0,0,0,0,0
7,31,3,2024-07-31,UA,2240.0,LGA,DEN,748,891,263.0,1620.0,1,0,0,0,1
7,18,4,2024-07-18,WN,944.0,BWI,MCO,1120,1265,145.0,787.0,0,0,1,0,1
2,20,2,2024-02-20,B6,468.0,PBI,HPN,618,788,170.0,1056.0,0,0,0,0,0
8,18,7,2024-08-18,F9,3209.0,PHL,ATL,653,790,137.0,666.0,0,0,0,0,0
6,29,6,2024-06-29,WN,4095.0,DCA,MDW,1095,1160,125.0,601.0,0,0,0,0,0
5,29,3,2024-05-29,AS,1294.0,PDX,BUR,899,1035,136.0,817.0,0,0,0,0,0
3,12,2,2024-03-12,F9,1324.0,DEN,DFW,301,484,123.0,641.0,0,0,0,0,0
4,4,4,2024-04-04,OO,3776.0,LAX,TUS,880,963,83.0,451.0,0,0,0,0,0
5,20,1,2024-05-20,AA,309.0,ORD,MCI,1141,1241,100.0,403.0,1,0,0,0,1
8,19,1,2024-08-19,B6,349.0,BOS,SAV,885,1048,163.0,901.0,0,0,0,0,0
4,28,7,2024-04-28,UA,1333.0,DEN,LGA,1063,1410,227.0,1620.0,0,0,0,0,0
4,11,4,2024-04-11,AA,844.0,PHX,AUS,546,821,155.0,872.0,0,0,0,0,0
7,30,2,2024-07-30,UA,1095.0,SFO,RDM,635,733,98.0,462.0,0,0,0,0,0
8,21,3,2024-08-21,DL,2531.0,LGA,TPA,420,589,169.0,1010.0,0,0,0,0,0
5,30,4,2024-05-30,WN,502.0,MCO,BHM,490,530,100.0,479.0,0,0,0,0,0
1,6,6,2024-01-06,OO,3297.0,LCH,DFW,1103,1189,86.0,295.0,0,0,0,0,0
4,21,7,2024-04-21,UA,1260.0,SFO,LAX,360,455,95.0,337.0,0,0,0,0,0
7,3,3,2024-07-03,OO,5294.0,DEN,CPR,940,1012,72.0,230.0,0,0,0,0,0
8,14,3,2024-08-14,OH,5619.0,DCA,PVD,773,859,86.0,356.0,0,0,0,0,0
4,7,7,2024-04-07,9E,5009.0,MSP,PIT,539,725,126.0,726.0,0,0,0,0,0
11,5,2,2024-11-05,UA,789.0,DEN,AUS,805,998,133.0,775.0,0,0,0,0,0
7,4,4,2024-07-04,AA,2461.0,DCA,PWM,901,1005,104.0,482.0,0,0,0,0,0
2,10,6,2024-02-10,YX,4676.0,DCA,BNA,1048,1122,134.0,562.0,0,0,0,0,0
1,7,7,2024-01-07,OH,5159.0,MHT,DCA,747,863,116.0,406.0,0,0,1,0,0
10,13,7,2024-10-13,AA,2135.0,CLT,PHL,610,709,99.0,449.0,0,0,0,0,0
9,24,2,2024-09-24,WN,1905.0,AUS,HOU,835,895,60.0,148.0,0,0,0,0,0
12,28,6,2024-12-28,YX,3567.0,IND,EWR,320,450,130.0,645.0,0,0,0,0,0
4,30,2,2024-04-30,AA,1581.0,MIA,STL,1273,1406,193.0,1068.0,0,0,0,0,0
6,24,1,2024-06-24,AS,1319.0,SFO,SEA,1311,1439,128.0,679.0,0,0,0,0,0
5,9,4,2024-05-09,WN,6139.0,HNL,OGG,980,1025,45.0,100.0,0,0,0,0,0
2,18,7,2024-02-18,WN,1822.0,SAN,PHX,1015,1155,80.0,304.0,0,0,0,0,0
8,10,6,2024-08-10,AA,2360.0,TUL,DFW,1117,1195,78.0,237.0,0,0,1,0,0
10,3,4,2024-10-03,DL,1679.0,CVG,TPA,916,1039,123.0,773.0,0,0,1,0,0
3,24,7,2024-03-24,MQ,3429.0,EWR,ORD,420,533,173.0,719.0,0,0,0,0,0
6,2,7,2024-06-02,9E,5497.0,DTW,CLE,525,581,56.0,95.0,0,0,0,0,0
1,24,3,2024-01-24,DL,2574.0,LGA,PBI,668,860,192.0,1035.0,0,0,0,0,0
10,22,2,2024-10-22,UA,1850.0,ORD,IAH,455,626,171.0,925.0,0,0,0,0,0
7,6,6,2024-07-06,B6,455.0,BOS,DCA,420,525,105.0,399.0,0,0,0,0,0
9,30,1,2024-09-30,DL,1254.0,HOU,ATL,1140,1320,120.0,696.0,0,0,0,0,0
6,18,2,2024-06-18,MQ,3363.0,CLE,ORD,781,813,92.0,316.0,0,0,0,0,0
8,17,6,2024-08-17,OO,4719.0,DEN,AMA,1155,1304,89.0,359.0,0,0,0,0,1
6,20,4,2024-06-20,WN,4118.0,COS,LAS,935,990,115.0,604.0,1,0,1,0,1
11,2,6,2024-11-02,AA,2527.0,BOS,DFW,328,544,276.0,1562.0,0,0,0,0,0
7,2,2,2024-07-02,AA,2934.0,SAT,CLT,1074,1310,176.0,1095.0,0,0,0,0,0
1,31,3,2024-01-31,OO,5612.0,RDM,LAX,1180,1315,135.0,726.0,0,0,0,0,0
6,13,4,2024-06-13,UA,1905.0,IAH,SEA,1200,1363,283.0,1874.0,1,0,0,0,0
2,24,6,2024-02-24,WN,1537.0,HOU,DEN,410,500,150.0,883.0,0,0,0,0,0
1,6,6,2024-01-06,UA,1734.0,SAN,SFO,450,551,101.0,447.0,1,0,0,0,0
2,10,6,2024-02-10,MQ,3996.0,AUS,MIA,1000,1220,160.0,1103.0,0,0,0,0,0
9,14,6,2024-09-14,OH,5308.0,MLI,CLT,810,1002,132.0,674.0,0,0,0,0,0
8,4,7,2024-08-04,OO,5658.0,MOT,DEN,1020,1084,124.0,604.0,0,0,0,0,0
3,8,5,2024-03-08,YX,5734.0,MSN,DCA,1075,1259,124.0,707.0,0,0,0,0,0
6,19,3,2024-06-19,DL,1253.0,ATL,DTW,1199,1314,115.0,594.0,0,0,0,0,0
7,11,4,2024-07-11,G4,3066.0,EWR,VPS,775,880,165.0,988.0,0,0,0,0,0
3,10,7,2024-03-10,G4,2689.0,PIE,TOL,390,536,146.0,945.0,0,0,0,0,0
4,11,4,2024-04-11,AA,2809.0,BNA,PHL,360,540,120.0,675.0,0,0,0,0,0
9,26,4,2024-09-26,WN,1916.0,BUR,SMF,770,850,80.0,358.0,0,0,0,0,0
12,16,1,2024-12-16,YX,3692.0,ORF,IAD,380,444,64.0,157.0,0,0,0,0,0
2,2,5,2024-02-02,WN,1416.0,OMA,MDW,685,770,85.0,423.0,0,0,0,0,0
9,14,6,2024-09-14,WN,1204.0,HNL,SJC,730,1215,305.0,2417.0,0,0,0,0,0
6,25,2,2024-06-25,WN,239.0,SAT,STL,995,1120,125.0,786.0,0,0,1,0,0
3,22,5,2024-03-22,DL,2629.0,ATL,ILM,1330,1407,77.0,377.0,1,0,1,0,0
11,11,1,2024-11-11,AA,1700.0,MCO,MIA,1132,1205,73.0,192.0,0,0,0,0,0
9,12,4,2024-09-12,OO,5431.0,LNK,DEN,1041,1095,114.0,423.0,0,0,0,0,0
7,19,5,2024-07-19,AS,473.0,STL,SEA,420,565,265.0,1709.0,1,0,1,0,0
7,19,5,2024-07-19,OO,3956.0,SLC,FCA,665,772,107.0,531.0,0,0,0,0,0
2,12,1,2024-02-12,WN,3957.0,BNA,SAT,1250,1405,155.0,822.0,0,0,0,0,0
4,5,5,2024-04-05,WN,2605.0,MIA,MDW,385,520,195.0,1182.0,0,0,0,0,0
10,26,6,2024-10-26,AA,699.0,AUS,PHX,1137,1171,154.0,872.0,0,0,0,0,0
9,5,4,2024-09-05,WN,1601.0,ONT,SMF,985,1065,80.0,390.0,0,0,0,0,0
9,19,4,2024-09-19,AA,1468.0,MIA,SAT,1270,1400,190.0,1143.0,0,0,0,0,0
8,28,3,2024-08-28,B6,1079.0,DCA,FLL,645,800,155.0,899.0,0,0,0,0,0
6,19,3,2024-06-19,UA,737.0,SEA,SFO,703,840,137.0,679.0,1,0,1,0,1
9,15,7,2024-09-15,F9,3087.0,BWI,MDW,929,985,116.0,611.0,1,0,0,0,1
12,21,6,2024-12-21,WN,3062.0,LAS,BHM,560,890,210.0,1618.0,0,0,0,0,0
4,21,7,2024-04-21,OO,4858.0,PDX,PHX,525,683,158.0,1009.0,0,0,0,0,0
8,11,7,2024-08-11,F9,3736.0,CLE,FLL,370,537,167.0,1062.0,0,0,0,0,0
3,15,5,2024-03-15,UA,2045.0,TPA,IAD,1141,1280,139.0,811.0,0,0,0,0,0
10,22,2,2024-10-22,UA,711.0,ORD,DEN,434,537,163.0,888.0,1,0,0,0,1
11,29,5,2024-11-29,OO,4893.0,YUM,PHX,390,452,62.0,160.0,0,0,0,0,0
8,8,4,2024-08-08,MQ,3905.0,MSO,ORD,757,1013,196.0,1332.0,0,0,0,0,0
5,18,6,2024-05-18,MQ,3504.0,DFW,MAF,500,589,89.0,309.0,0,0,0,0,0
2,2,5,2024-02-02,OH,5421.0,MLI,CLT,415,613,138.0,674.0,0,0,0,0,0
7,11,4,2024-07-11,UA,2104.0,IAH,EWR,1110,1385,215.0,1400.0,0,0,0,0,0
7,26,5,2024-07-26,WN,4465.0,BNA,LAS,1365,40,235.0,1587.0,0,0,0,0,0
6,30,7,2024-06-30,B6,2465.0,BUF,FLL,537,711,174.0,1166.0,1,0,0,0,1
4,29,1,2024-04-29,WN,2044.0,MAF,DAL,905,985,80.0,319.0,0,0,0,0,0
3,18,1,2024-03-18,WN,2636.0,RNO,SJC,1140,1205,65.0,188.0,0,0,0,0,0
3,6,3,2024-03-06,WN,3643.0,ORD,BNA,345,445,100.0,409.0,0,0,0,0,0
6,27,4,2024-06-27,AA,2725.0,DCA,CLT,901,1005,104.0,331.0,0,0,0,0,0
10,13,7,2024-10-13,NK,1098.0,FLL,DFW,780,912,192.0,1119.0,0,0,0,0,0
6,16,7,2024-06-16,DL,2669.0,SAT,MSP,694,871,177.0,1097.0,0,0,0,0,0
4,24,3,2024-04-24,WN,2785.0,LAS,DSM,695,990,175.0,1216.0,0,0,0,0,0
2,15,4,2024-02-15,G4,2972.0,SFB,EVV,1110,1181,131.0,734.0,1,0,1,0,1
12,4,3,2024-12-04,MQ,3544.0,HOU,DFW,362,448,86.0,247.0,0,0,0,0,0
12,1,7,2024-12-01,WN,799.0,SMF,BUR,1235,1315,80.0,358.0,0,0,0,0,0
12,31,2,2024-12-31,OO,5279.0,SBP,DEN,767,990,163.0,931.0,0,0,0,0,0
12,30,1,2024-12-30,UA,1141.0,HNL,SFO,865,1295,310.0,2398.0,0,0,0,0,0
3,9,6,2024-03-09,OH,5132.0,MYR,CLT,395,471,76.0,157.0,0,0,0,0,0
3,18,1,2024-03-18,YX,5614.0,LGA,DCA,1005,1091,86.0,214.0,0,0,0,0,0
6,2,7,2024-06-02,DL,2723.0,SRQ,ATL,759,857,98.0,444.0,0,0,0,0,0
3,23,6,2024-03-23,DL,923.0,BOS,ATL,435,625,190.0,946.0,0,0,0,0,0
6,6,4,2024-06-06,NK,566.0,LAS,IND,1373,333,220.0,1590.0,1,0,1,0,0
4,2,2,2024-04-02,F9,1094.0,SFO,DEN,47,260,153.0,967.0,1,0,1,0,0
1,15,1,2024-01-15,WN,62.0,HOU,DAL,1290,1355,65.0,239.0,0,0,1,0,1
1,23,2,2024-01-23,DL,2093.0,JFK,TPA,720,897,177.0,1005.0,0,0,0,0,0
6,12,3,2024-06-12,AA,1653.0,LAX,DFW,755,1063,188.0,1235.0,1,0,0,0,1
8,23,5,2024-08-23,UA,2327.0,DEN,OMA,825,974,89.0,472.0,0,0,0,0,0
9,12,4,2024-09-12,WN,4004.0,LAS,ONT,1310,1370,60.0,197.0,0,0,0,0,0
2,25,7,2024-02-25,WN,286.0,PHX,DEN,900,1005,105.0,602.0,0,0,0,0,0
6,16,7,2024-06-16,DL,549.0,ATL,SJC,1079,1197,298.0,2116.0,0,0,0,0,0
3,24,7,2024-03-24,DL,2622.0,MSP,PHL,433,649,156.0,980.0,0,0,0,0,0
1,5,5,2024-01-05,DL,1217.0,ATL,RSW,1355,16,101.0,515.0,0,0,0,0,0
8,27,2,2024-08-27,DL,2805.0,MCI,ATL,595,771,116.0,692.0,0,0,0,0,0
11,10,7,2024-11-10,OO,3401.0,BUR,STS,629,719,90.0,387.0,1,0,0,0,0
12,7,6,2024-12-07,9E,5304.0,ATL,MGM,535,539,64.0,147.0,0,0,0,0,0
9,7,6,2024-09-07,DL,561.0,FAT,ATL,1350,348,258.0,1997.0,0,0,0,0,0
7,2,2,2024-07-02,UA,2091.0,ORD,SEA,810,968,278.0,1721.0,0,0,0,0,0
10,7,1,2024-10-07,F9,1665.0,BWI,MIA,789,964,175.0,946.0,0,0,0,0,0
10,1,2,2024-10-01,WN,3043.0,LAX,DEN,790,995,145.0,862.0,0,0,0,0,0
1,14,7,2024-01-14,B6,2613.0,ATL,LGA,1013,1139,126.0,762.0,0,0,1,0,1
1,21,7,2024-01-21,DL,2732.0,ATL,STL,1315,1358,103.0,484.0,0,0,0,0,0
3,19,2,2024-03-19,WN,3244.0,CLT,BWI,420,505,85.0,361.0,0,0,0,0,0
1,9,2,2024-01-09,WN,1548.0,TPA,BDL,930,1095,165.0,1111.0,1,0,0,0,1
12,11,3,2024-12-11,AA,2475.0,SRQ,CLT,704,819,115.0,547.0,1,0,1,0,0
6,24,1,2024-06-24,WN,513.0,MDW,SJC,1215,1365,270.0,1838.0,1,0,0,0,1
6,18,2,2024-06-18,UA,2341.0,ORD,IAH,765,938,173.0,925.0,0,0,0,0,0
8,8,4,2024-08-08,AS,751.0,PHX,PDX,600,756,156.0,1009.0,0,0,0,0,0
7,23,2,2024-07-23,AA,1698.0,LGA,MIA,1110,1302,192.0,1096.0,0,0,0,0,0
6,13,4,2024-06-13,DL,1439.0,BOS,TPA,940,1144,204.0,1185.0,1,0,1,0,1
9,29,7,2024-09-29,WN,4003.0,STL,DSM,620,685,65.0,259.0,0,0,0,0,0
4,20,6,2024-04-20,MQ,3535.0,RAP,DFW,739,942,143.0,835.0,0,1,1,0,1
9,25,3,2024-09-25,AA,402.0,SFO,DFW,340,672,212.0,1464.0,0,0,1,0,0
7,8,1,2024-07-08,DL,1198.0,SNA,SLC,601,771,110.0,588.0,0,0,0,0,0
12,19,4,2024-12-19,DL,1060.0,ATL,AUS,1079,1176,157.0,813.0,0,0,0,0,0
6,5,3,2024-06-05,OO,3428.0,FAT,SAN,730,805,75.0,314.0,0,0,0,0,0
6,21,5,2024-06-21,WN,3330.0,MCI,DEN,1025,1075,110.0,533.0,0,0,1,0,0
4,1,1,2024-04-01,WN,5237.0,AUS,HOU,525,585,60.0,148.0,0,0,0,0,0
1,11,4,2024-01-11,DL,2254.0,ATL,GNV,525,597,72.0,300.0,0,0,0,0,0
5,22,3,2024-05-22,YX,3548.0,IAD,CVG,512,611,99.0,388.0,0,0,0,0,0
2,7,3,2024-02-07,OO,5364.0,OKC,ORD,463,595,132.0,693.0,0,0,0,0,0
10,24,4,2024-10-24,AA,1772.0,MCO,DFW,1055,1178,183.0,985.0,0,0,0,0,0
7,21,7,2024-07-21,WN,2235.0,SMF,SAN,535,625,90.0,480.0,0,0,0,0,0
1,14,7,2024-01-14,DL,426.0,DCA,ATL,600,723,123.0,547.0,0,0,0,0,0
10,16,3,2024-10-16,WN,3079.0,LAS,SJC,450,540,90.0,386.0,0,0,0,0,0
2,11,7,2024-02-11,DL,1913.0,SJU,DTW,930,1168,298.0,1930.0,0,0,0,0,0
7,8,1,2024-07-08,DL,1488.0,ATL,RDU,675,759,84.0,356.0,0,0,0,0,0
10,17,4,2024-10-17,WN,3414.0,OGG,HNL,820,870,50.0,100.0,0,0,0,0,0
6,29,6,2024-06-29,AA,2002.0,PNS,DFW,958,1083,125.0,604.0,1,0,0,0,1
12,17,2,2024-12-17,YX,3408.0,EWR,BGR,1187,1285,98.0,393.0,0,0,0,0,0
3,18,1,2024-03-18,YX,4294.0,IND,DCA,1285,1385,100.0,500.0,0,0,0,0,0
2,24,6,2024-02-24,UA,700.0,IAD,SFO,510,703,373.0,2419.0,0,0,0,0,0
10,25,5,2024-10-25,OO,4093.0,ATL,FWA,949,1052,103.0,508.0,0,0,0,0,0
2,6,2,2024-02-06,AA,1663.0,PHX,DFW,979,1180,141.0,868.0,0,0,0,0,0
7,25,4,2024-07-25,DL,1148.0,BUF,ATL,959,1085,126.0,712.0,0,0,0,0,0
9,24,2,2024-09-24,UA,642.0,DEN,BWI,1075,1401,206.0,1491.0,0,0,0,0,0
9,3,2,2024-09-03,G4,636.0,AZA,PIA,600,905,185.0,1312.0,0,0,0,0,0
9,8,7,2024-09-08,WN,660.0,BNA,HOU,860,985,125.0,670.0,0,0,0,0,0
2,21,3,2024-02-21,WN,250.0,CMH,MCO,550,695,145.0,802.0,0,0,0,0,0
1,26,5,2024-01-26,B6,1371.0,LGA,FLL,569,756,187.0,1076.0,1,0,1,0,0
11,9,6,2024-11-09,UA,1790.0,SLC,DEN,880,976,96.0,391.0,0,0,0,0,0
8,9,5,2024-08-09,AA,2909.0,CLT,VPS,915,953,98.0,460.0,1,0,1,0,1
10,8,2,2024-10-08,DL,1699.0,SRQ,MSP,898,1053,215.0,1342.0,0,0,0,0,0
5,15,3,2024-05-15,WN,3207.0,MCO,PIT,660,800,140.0,834.0,1,0,1,0,0
10,27,7,2024-10-27,G4,225.0,FLL,AVL,1268,1387,119.0,661.0,0,0,0,0,0
7,4,4,2024-07-04,B6,767.0,MCO,PSE,1080,1260,180.0,1179.0,0,1,1,0,0
5,5,7,2024-05-05,AS,1084.0,SEA,SJC,945,1073,128.0,696.0,0,0,0,0,1
6,3,1,2024-06-03,WN,2341.0,BWI,MCO,720,855,135.0,787.0,0,0,0,0,0
10,29,2,2024-10-29,WN,2006.0,DEN,MDW,1040,1240,140.0,895.0,0,0,0,0,0
9,4,3,2024-09-04,AA,2437.0,LGA,DFW,660,832,232.0,1389.0,1,0,0,0,1
4,25,4,2024-04-25,DL,2079.0,PBI,BOS,750,945,195.0,1197.0,0,0,1,0,1
9,29,7,2024-09-29,G4,886.0,PGD,ALB,540,710,170.0,1185.0,0,0,0,0,0
1,14,7,2024-01-14,UA,314.0,DEN,TPA,1063,1392,209.0,1506.0,0,0,0,0,1
12,15,7,2024-12-15,YX,5712.0,DCA,BOS,825,933,108.0,399.0,0,0,0,0,0
2,29,4,2024-02-29,AS,1073.0,SAN,PDX,625,788,163.0,933.0,0,0,0,0,0
7,11,4,2024-07-11,AA,2164.0,RDU,CLT,592,658,66.0,130.0,0,0,0,0,0
12,7,6,2024-12-07,B6,1534.0,TPA,BDL,885,1053,168.0,1111.0,0,0,0,0,0
8,22,4,2024-08-22,UA,441.0,DEN,RAP,1248,1320,72.0,300.0,0,0,0,0,0
5,14,2,2024-05-14,DL,2020.0,ICT,ATL,682,870,128.0,782.0,0,0,0,0,1
7,17,3,2024-07-17,UA,1730.0,LAX,MCO,1380,422,302.0,2218.0,0,0,0,0,0
9,8,7,2024-09-08,OO,3472.0,SAN,FAT,1229,1305,76.0,314.0,0,0,0,0,0
3,13,3,2024-03-13,WN,1155.0,SRQ,DAL,720,835,175.0,934.0,0,0,0,0,0
8,1,4,2024-08-01,9E,5445.0,CHS,JFK,420,542,122.0,636.0,0,0,0,0,0
8,12,1,2024-08-12,WN,4709.0,BWI,MYR,910,995,85.0,399.0,0,0,0,0,0
9,10,2,2024-09-10,UA,200.0,GUM,HNL,420,1105,445.0,3801.0,1,0,0,0,0
1,3,3,2024-01-03,WN,2847.0,ORD,AUS,980,1150,170.0,977.0,1,0,0,0,1
2,28,3,2024-02-28,WN,995.0,MCO,BHM,995,1035,100.0,479.0,0,0,0,0,0
7,7,7,2024-07-07,WN,2710.0,BLI,LAS,360,515,155.0,954.0,0,0,0,0,0
10,25,5,2024-10-25,AA,869.0,ORD,PHL,390,572,122.0,678.0,0,0,0,0,0
3,28,4,2024-03-28,F9,1257.0,TPA,LAS,480,617,317.0,1984.0,1,0,1,0,0
12,8,7,2024-12-08,F9,2349.0,DEN,LAS,800,871,131.0,628.0,0,0,0,0,0
7,5,5,2024-07-05,DL,31.0,ATL,DFW,1080,1161,141.0,731.0,0,1,0,0,0
2,4,7,2024-02-04,G4,662.0,AZA,XNA,480,687,147.0,1006.0,0,0,0,0,0
2,29,4,2024-02-29,DL,1673.0,EWR,ATL,435,586,151.0,746.0,0,0,0,0,0
5,22,3,2024-05-22,AA,1515.0,SAN,DFW,561,869,188.0,1171.0,1,0,1,0,1
11,16,6,2024-11-16,WN,2010.0,LAS,DAL,1085,1360,155.0,1067.0,0,0,0,0,0
6,19,3,2024-06-19,WN,16.0,HOU,DAL,600,665,65.0,239.0,0,0,0,0,0
2,7,3,2024-02-07,DL,1393.0,IAH,ATL,360,539,119.0,689.0,0,0,0,0,0
8,30,5,2024-08-30,NK,2059.0,PHL,FLL,1080,1257,177.0,992.0,0,0,0,0,0
10,7,1,2024-10-07,MQ,3959.0,SHV,DFW,618,697,79.0,190.0,0,0,0,0,0
3,14,4,2024-03-14,F9,2290.0,MCO,SYR,360,533,173.0,1053.0,0,0,0,0,0
6,17,1,2024-06-17,NK,1716.0,SLC,LAS,964,994,90.0,368.0,0,0,0,0,0
11,21,4,2024-11-21,OO,3443.0,PDX,SJC,992,1102,110.0,569.0,0,0,0,0,0
2,23,5,2024-02-23,AA,1065.0,BNA,CLT,370,510,80.0,328.0,1,0,0,0,0
7,24,3,2024-07-24,WN,4253.0,DAL,BNA,1295,1400,105.0,623.0,1,0,0,0,1
4,3,3,2024-04-03,F9,2826.0,CVG,RSW,301,456,155.0,879.0,0,0,0,0,0
7,5,5,2024-07-05,DL,935.0,DTW,SLC,755,870,235.0,1481.0,0,0,0,0,0
7,31,3,2024-07-31,DL,958.0,LAX,JFK,540,1074,354.0,2475.0,0,0,0,0,0
11,13,3,2024-11-13,YX,3682.0,GRR,EWR,360,479,119.0,605.0,0,0,0,0,0
2,2,5,2024-02-02,9E,5253.0,DTW,ALB,615,712,97.0,489.0,0,0,0,0,0
3,25,1,2024-03-25,DL,725.0,SAN,ATL,692,1120,248.0,1892.0,0,0,0,0,0
6,15,6,2024-06-15,NK,2701.0,DFW,LAS,558,613,175.0,1055.0,0,0,0,0,0
8,18,7,2024-08-18,NK,3998.0,ACY,MCO,425,576,151.0,852.0,0,0,0,0,0
8,12,1,2024-08-12,WN,6655.0,BWI,RIC,1300,1350,50.0,121.0,0,0,0,0,0
1,27,6,2024-01-27,UA,1464.0,MSP,EWR,460,689,169.0,1008.0,0,0,0,0,0
1,29,1,2024-01-29,B6,171.0,LGA,FLL,360,541,181.0,1076.0,0,0,0,0,0
4,27,6,2024-04-27,AS,355.0,FLL,SAN,1022,1195,353.0,2269.0,0,0,0,0,0
11,18,1,2024-11-18,NK,3133.0,MCO,CMH,1291,1429,138.0,802.0,0,0,0,0,0
6,20,4,2024-06-20,MQ,3396.0,DFW,MHK,869,961,92.0,431.0,0,0,0,0,0
5,24,5,2024-05-24,DL,959.0,MSP,MYR,420,642,162.0,1085.0,0,0,0,0,0
8,22,4,2024-08-22,AA,1361.0,RNO,DFW,363,677,194.0,1345.0,0,0,0,0,0
2,19,1,2024-02-19,MQ,3436.0,DFW,COU,752,858,106.0,490.0,0,0,0,0,0
6,19,3,2024-06-19,YX,4534.0,LGA,GSP,760,886,126.0,610.0,0,0,0,0,0
6,2,7,2024-06-02,AA,2956.0,CLT,PHX,1005,1090,265.0,1773.0,0,0,0,0,0
7,15,1,2024-07-15,AS,167.0,SEA,SFO,1125,1255,130.0,679.0,0,0,0,0,0
11,8,5,2024-11-08,DL,462.0,RDU,LAX,455,605,330.0,2239.0,0,0,0,0,0
11,25,1,2024-11-25,9E,5423.0,ATL,CHO,754,845,91.0,457.0,0,0,0,0,0
11,1,5,2024-11-01,AA,373.0,CLT,MIA,545,669,124.0,650.0,1,0,0,0,0
6,21,5,2024-06-21,DL,1128.0,SEA,SLC,330,513,123.0,689.0,0,0,0,0,0
1,10,3,2024-01-10,YX,3424.0,CVG,EWR,1161,1289,128.0,569.0,0,0,0,0,0
8,10,6,2024-08-10,YX,4726.0,IND,BOS,1099,1238,139.0,818.0,0,0,0,0,0
8,4,7,2024-08-04,DL,1485.0,ATL,STL,939,980,101.0,484.0,0,0,1,0,0
4,10,3,2024-04-10,UA,2301.0,EWR,TPA,773,950,177.0,997.0,1,0,0,0,1
5,15,3,2024-05-15,WN,2405.0,OMA,HOU,895,1035,140.0,804.0,1,0,0,0,1
1,30,2,2024-01-30,B6,1761.0,LGA,PBI,1020,1201,181.0,1035.0,0,0,0,0,0
12,17,2,2024-12-17,F9,3952.0,CVG,RSW,1100,1247,147.0,879.0,1,0,0,0,1
1,7,7,2024-01-07,F9,1431.0,MCO,MSY,953,1014,121.0,551.0,0,0,1,0,1
6,22,6,2024-06-22,AA,889.0,PHX,BOS,530,1016,306.0,2300.0,0,0,1,0,0
1,16,2,2024-01-16,DL,2167.0,MKE,SLC,460,626,226.0,1247.0,0,0,0,0,0
1,19,5,2024-01-19,DL,2465.0,RDU,ATL,905,998,93.0,356.0,0,0,0,0,0
3,25,1,2024-03-25,WN,5962.0,DAL,MCO,1045,1250,145.0,973.0,1,0,1,0,1
12,26,4,2024-12-26,AA,2226.0,MCO,PHX,1063,1234,291.0,1849.0,0,0,0,0,0
4,7,7,2024-04-07,YX,5826.0,RIC,LGA,632,719,87.0,292.0,0,0,0,0,0
8,4,7,2024-08-04,OO,6245.0,DFW,SBN,1154,1364,150.0,846.0,0,0,0,0,0
12,2,1,2024-12-02,DL,364.0,LGA,ATL,479,638,159.0,762.0,0,0,0,0,0
9,11,3,2024-09-11,OO,3849.0,SLC,TWF,1275,1329,54.0,175.0,1,0,0,0,0
6,22,6,2024-06-22,UA,2722.0,LAS,IAH,915,1224,189.0,1222.0,1,0,0,0,0
2,7,3,2024-02-07,DL,1164.0,CVG,MCO,835,960,125.0,757.0,0,0,0,0,0
2,14,3,2024-02-14,AA,298.0,PHX,SBA,666,705,99.0,455.0,0,0,0,0,0
9,17,2,2024-09-17,AA,3108.0,CLT,STL,664,718,114.0,575.0,1,0,0,0,1
4,6,6,2024-04-06,WN,2534.0,LAX,OGG,420,590,350.0,2486.0,1,0,1,0,0
8,23,5,2024-08-23,WN,597.0,SAN,DEN,640,840,140.0,853.0,0,0,0,0,0
8,26,1,2024-08-26,DL,1303.0,DTW,MSP,1070,1127,117.0,528.0,0,0,0,0,0
4,27,6,2024-04-27,AA,398.0,DFW,CMH,1220,1424,144.0,926.0,0,0,0,0,0
7,12,5,2024-07-12,UA,1875.0,DEN,SMF,1280,1372,152.0,909.0,0,0,0,0,0
1,31,3,2024-01-31,DL,780.0,IAH,LAX,365,479,234.0,1379.0,0,0,0,0,0
10,5,6,2024-10-05,UA,349.0,SAN,ORD,840,1215,255.0,1723.0,0,0,0,0,0
4,29,1,2024-04-29,WN,1554.0,BOI,DEN,1080,1190,110.0,649.0,0,0,0,0,0
4,9,2,2024-04-09,F9,2802.0,DEN,MCO,1087,1436,229.0,1546.0,0,0,0,0,1
4,21,7,2024-04-21,OO,5504.0,MDT,ORD,646,719,133.0,594.0,0,0,0,0,0
5,12,7,2024-05-12,WN,3497.0,SAN,STL,475,815,220.0,1557.0,0,0,0,0,0
10,26,6,2024-10-26,NK,461.0,IAH,LAX,741,838,217.0,1379.0,0,0,0,0,0
6,25,2,2024-06-25,UA,1109.0,BZN,DEN,865,979,114.0,524.0,0,0,0,0,0
4,12,5,2024-04-12,OO,5348.0,FAR,ORD,450,573,123.0,557.0,0,0,0,0,1
10,2,3,2024-10-02,WN,784.0,SJC,PHX,485,595,110.0,621.0,0,0,0,0,0
6,3,1,2024-06-03,B6,2396.0,FLL,TLH,465,551,86.0,393.0,0,0,0,0,0
6,30,7,2024-06-30,YX,5834.0,BNA,DCA,715,891,116.0,562.0,0,0,0,0,0
12,24,2,2024-12-24,OO,5427.0,ORD,PIA,600,679,79.0,130.0,0,0,0,0,0
4,24,3,2024-04-24,F9,1408.0,ATL,BUF,445,564,119.0,712.0,0,0,0,0,0
10,3,4,2024-10-03,YX,4402.0,CVG,JFK,1069,1200,131.0,589.0,0,0,0,0,0
11,13,3,2024-11-13,AA,2316.0,CLT,PIT,698,796,98.0,366.0,0,0,0,0,0
7,29,1,2024-07-29,AA,820.0,DFW,JFK,509,809,240.0,1391.0,0,0,0,0,0
8,17,6,2024-08-17,UA,2314.0,MSY,IAD,750,963,153.0,955.0,0,0,0,0,0
11,18,1,2024-11-18,WN,1414.0,CMH,HOU,1005,1125,180.0,1000.0,0,0,1,0,0
11,15,5,2024-11-15,YX,4566.0,BOS,JFK,635,719,84.0,187.0,0,0,0,0,0
7,18,4,2024-07-18,AA,1609.0,PHL,LAX,630,790,340.0,2402.0,0,0,0,0,0
4,1,1,2024-04-01,AA,627.0,ORD,CLT,1002,1180,118.0,599.0,0,0,0,0,0
9,18,3,2024-09-18,OH,5521.0,CVG,PHL,778,884,106.0,507.0,0,0,0,0,0
12,31,2,2024-12-31,UA,611.0,SFO,EWR,780,1285,325.0,2565.0,0,0,1,0,0
3,7,4,2024-03-07,NK,1118.0,PHL,RSW,869,1054,185.0,993.0,0,0,0,0,0
6,6,4,2024-06-06,AA,1672.0,DFW,MCO,555,778,163.0,985.0,0,0,0,0,1
11,7,4,2024-11-07,UA,2670.0,DFW,IAH,420,497,77.0,224.0,1,0,1,0,0
10,23,3,2024-10-23,OO,5951.0,RDD,LAX,1135,1243,108.0,501.0,0,0,0,0,0
4,25,4,2024-04-25,G4,2051.0,PGD,CVG,706,850,144.0,850.0,0,0,0,0,0
5,6,1,2024-05-06,WN,1533.0,ATL,DEN,940,1020,200.0,1199.0,0,0,1,0,0
7,6,6,2024-07-06,AA,557.0,MCO,ORD,415,541,186.0,1005.0,0,0,0,0,0
7,10,3,2024-07-10,DL,1961.0,JFK,SJU,745,982,237.0,1598.0,0,0,0,0,0
8,13,2,2024-08-13,9E,5059.0,SYR,MSP,396,495,159.0,860.0,0,0,0,0,0
11,27,3,2024-11-27,DL,2046.0,SLC,BZN,1380,21,81.0,347.0,0,0,0,0,0
6,13,4,2024-06-13,WN,1821.0,SMF,LAS,505,590,85.0,397.0,0,0,0,0,0
11,14,4,2024-11-14,WN,3430.0,SJC,SAN,390,475,85.0,417.0,0,0,1,0,0
8,1,4,2024-08-01,NK,416.0,BNA,LAS,402,517,235.0,1587.0,0,0,0,0,0
11,18,1,2024-11-18,DL,2491.0,CLT,MSP,375,483,168.0,930.0,0,0,0,0,0
5,9,4,2024-05-09,AA,2018.0,RSW,CLT,1060,1180,120.0,600.0,0,0,1,0,1
11,14,4,2024-11-14,OH,5483.0,CLT,CAE,579,646,67.0,88.0,0,0,1,0,0
11,27,3,2024-11-27,9E,4952.0,CAE,ATL,1060,1132,72.0,192.0,0,0,0,0,0
1,20,6,2024-01-20,WN,1946.0,OAK,EUG,1155,1240,85.0,445.0,0,0,1,0,1
7,17,3,2024-07-17,NK,1366.0,FLL,RDU,922,1051,129.0,680.0,0,0,1,0,0
12,19,4,2024-12-19,UA,1748.0,PHL,ORD,1130,1222,152.0,678.0,0,0,0,0,0
8,10,6,2024-08-10,WN,697.0,BNA,CMH,990,1125,75.0,337.0,0,0,0,0,0
11,12,2,2024-11-12,OO,4800.0,ICT,IAH,700,820,120.0,542.0,0,0,0,0,0
6,17,1,2024-06-17,WN,2816.0,BWI,BNA,1320,1370,110.0,587.0,1,0,0,0,1
8,24,6,2024-08-24,F9,3356.0,TPA,ISP,540,706,166.0,1034.0,0,0,0,0,0
5,23,4,2024-05-23,F9,4794.0,DEN,FAR,754,926,112.0,627.0,0,0,0,0,0
9,4,3,2024-09-04,WN,4654.0,HNL,OGG,1110,1155,45.0,100.0,0,0,0,0,0
12,23,1,2024-12-23,OH,5599.0,CLT,SGF,1003,1090,147.0,708.0,0,0,0,0,1
7,6,6,2024-07-06,OO,3936.0,DTW,ELM,1294,1367,73.0,332.0,0,0,0,0,0
10,10,4,2024-10-10,UA,1187.0,SFO,PHX,1150,1272,122.0,651.0,0,0,0,0,0
12,23,1,2024-12-23,WN,419.0,BUR,PHX,875,1025,90.0,369.0,0,0,0,0,0
12,23,1,2024-12-23,OO,3329.0,LAX,SFO,881,974,93.0,337.0,0,0,0,0,1
12,27,5,2024-12-27,AA,1877.0,PVD,CLT,908,1050,142.0,683.0,0,0,0,0,0
12,18,3,2024-12-18,DL,3086.0,ATL,PNS,1376,1390,74.0,271.0,0,0,0,0,0
2,23,5,2024-02-23,WN,1044.0,MDW,LAX,570,730,280.0,1750.0,0,0,0,0,0
5,27,1,2024-05-27,AA,2238.0,DFW,BNA,1005,1115,110.0,631.0,0,0,1,0,1
2,23,5,2024-02-23,DL,2991.0,LIT,ATL,580,725,85.0,453.0,0,0,0,0,0
6,6,4,2024-06-06,AA,1594.0,ORD,PIT,1120,1281,101.0,413.0,1,0,1,0,1
4,1,1,2024-04-01,WN,392.0,SMF,PHX,355,465,110.0,647.0,0,0,0,0,0
4,3,3,2024-04-03,UA,2633.0,SFO,PHL,530,1040,330.0,2521.0,1,0,1,0,0
7,3,3,2024-07-03,AA,506.0,DFW,SDF,889,1079,130.0,733.0,0,0,0,0,0
6,30,7,2024-06-30,UA,514.0,BNA,EWR,450,648,138.0,748.0,0,0,0,0,0
12,11,3,2024-12-11,OH,5502.0,CLT,CVG,600,694,94.0,335.0,0,0,0,0,0
2,10,6,2024-02-10,DL,423.0,ATL,SLC,852,995,263.0,1590.0,0,0,0,0,0
10,17,4,2024-10-17,UA,1544.0,MFE,IAH,425,500,75.0,316.0,0,0,0,0,0
7,14,7,2024-07-14,AA,420.0,DEN,DFW,885,1067,122.0,641.0,0,0,0,0,0
3,13,3,2024-03-13,WN,541.0,IND,RSW,420,565,145.0,945.0,0,0,0,0,0
3,22,5,2024-03-22,WN,4084.0,SMF,DAL,665,980,195.0,1442.0,0,0,0,0,0
8,12,1,2024-08-12,YX,3419.0,CMH,EWR,792,903,111.0,463.0,0,0,0,0,0
10,30,3,2024-10-30,UA,1412.0,IAD,CLT,500,594,94.0,322.0,0,0,1,0,0
12,23,1,2024-12-23,AA,1921.0,DCA,JAX,899,1030,131.0,634.0,1,0,0,0,0
2,14,3,2024-02-14,WN,173.0,BHM,DAL,460,585,125.0,587.0,0,0,0,0,0
1,14,7,2024-01-14,OO,3354.0,SFO,BUR,1155,1230,75.0,326.0,0,0,0,0,0
7,22,1,2024-07-22,YX,3665.0,RDU,EWR,360,462,102.0,416.0,0,0,0,0,0
7,15,1,2024-07-15,UA,2082.0,DEN,RDM,681,773,152.0,898.0,0,0,0,0,0
10,24,4,2024-10-24,OO,4695.0,SFO,ACV,1265,1335,70.0,250.0,0,0,0,0,0
10,8,2,2024-10-08,AS,653.0,SEA,RNO,1029,1139,110.0,564.0,0,0,0,0,0
7,25,4,2024-07-25,DL,508.0,SEA,IAD,515,995,300.0,2306.0,0,0,0,0,0
10,14,1,2024-10-14,G4,218.0,AVL,BOS,390,517,127.0,783.0,0,0,0,0,0
6,19,3,2024-06-19,B6,1601.0,JFK,FLL,505,687,182.0,1069.0,0,0,0,0,0
11,14,4,2024-11-14,AS,1032.0,PDX,SEA,300,367,67.0,129.0,0,0,0,0,0
10,3,4,2024-10-03,DL,774.0,ATL,SEA,610,750,320.0,2182.0,0,0,0,0,0
9,29,7,2024-09-29,AA,1871.0,MSY,DFW,643,749,106.0,447.0,0,0,0,0,0
6,14,5,2024-06-14,WN,983.0,HOU,SAN,1315,1390,195.0,1313.0,0,0,0,0,0
12,14,6,2024-12-14,AA,2128.0,DCA,MCO,495,651,156.0,759.0,0,0,0,0,0
11,24,7,2024-11-24,DL,1620.0,BNA,BOS,663,875,152.0,942.0,0,0,0,0,0
7,30,2,2024-07-30,MQ,3868.0,RDU,AUS,450,575,185.0,1162.0,0,0,0,0,0
9,2,1,2024-09-02,DL,2474.0,BOS,RSW,420,635,215.0,1249.0,0,0,0,0,0
1,26,5,2024-01-26,9E,5393.0,LGA,BTV,1305,1387,82.0,258.0,0,1,0,0,0
7,4,4,2024-07-04,NK,2699.0,LAX,LAS,1241,1324,83.0,236.0,0,0,0,0,0
3,26,2,2024-03-26,WN,4050.0,MCO,PIT,990,1125,135.0,834.0,0,0,0,0,0
12,9,1,2024-12-09,WN,3159.0,MSY,ATL,345,490,85.0,425.0,0,0,0,0,0
2,1,4,2024-02-01,UA,638.0,LGA,ORD,1030,1133,163.0,733.0,0,0,0,0,0
6,30,7,2024-06-30,DL,676.0,SNA,ATL,858,1299,261.0,1919.0,1,0,0,0,1
8,28,3,2024-08-28,NK,410.0,TPA,LAS,1141,1239,278.0,1984.0,0,0,0,0,0
10,30,3,2024-10-30,UA,353.0,LAS,EWR,948,1424,296.0,2227.0,1,0,0,0,1
8,13,2,2024-08-13,AS,305.0,MIA,SEA,1063,1276,393.0,2724.0,0,0,0,0,0
2,8,4,2024-02-08,WN,1051.0,MCO,MSY,1160,1210,110.0,551.0,0,0,0,0,0
4,5,5,2024-04-05,WN,3064.0,MDW,ORF,760,940,120.0,704.0,0,0,0,0,0
11,29,5,2024-11-29,B6,1338.0,MCO,BDL,1050,1214,164.0,1050.0,0,0,0,0,0
12,30,1,2024-12-30,WN,4635.0,AUS,HRL,1315,1385,70.0,273.0,0,0,0,0,0
3,19,2,2024-03-19,WN,1421.0,MDW,RSW,350,585,175.0,1105.0,0,0,0,0,0
5,13,1,2024-05-13,AS,80.0,ANC,SEA,785,1058,213.0,1448.0,0,0,0,0,0
8,17,6,2024-08-17,AA,1238.0,EGE,DFW,512,699,127.0,721.0,0,0,0,0,0
10,21,1,2024-10-21,OO,5447.0,ORD,SAT,778,968,190.0,1041.0,0,0,0,0,0
3,29,5,2024-03-29,B6,269.0,BOS,FLL,957,1164,207.0,1237.0,0,0,0,0,0
9,7,6,2024-09-07,UA,693.0,EWR,MSY,970,1099,189.0,1167.0,0,0,0,0,0
6,2,7,2024-06-02,DL,1329.0,DFW,SLC,760,873,173.0,989.0,0,0,0,0,0
6,4,2,2024-06-04,WN,1427.0,DAL,PHX,1005,1035,150.0,879.0,1,0,0,0,1
11,26,2,2024-11-26,DL,770.0,ATL,ONT,1079,1182,283.0,1900.0,0,0,0,0,0
10,3,4,2024-10-03,YX,5718.0,JFK,BOS,1035,1134,99.0,187.0,0,0,0,0,0
7,11,4,2024-07-11,WN,755.0,DAL,MDW,390,520,130.0,793.0,0,0,0,0,0
12,10,2,2024-12-10,DL,1660.0,ATL,MCI,881,950,129.0,692.0,0,0,0,0,0
5,18,6,2024-05-18,9E,4968.0,ROC,JFK,302,389,87.0,264.0,0,0,0,0,0
4,8,1,2024-04-08,OH,5092.0,BTR,CLT,791,974,123.0,675.0,0,0,0,0,0
2,2,5,2024-02-02,UA,2282.0,ORD,EWR,945,1154,149.0,719.0,0,0,0,0,0
5,13,1,2024-05-13,UA,2418.0,IAD,EWR,1337,1424,87.0,212.0,1,0,0,0,1
6,21,5,2024-06-21,WN,2776.0,MDW,PDX,490,630,260.0,1751.0,1,0,0,0,1
1,19,5,2024-01-19,WN,2455.0,MDW,MCI,600,690,90.0,405.0,0,0,0,0,0
1,4,4,2024-01-04,DL,750.0,TPA,SEA,555,763,388.0,2520.0,0,0,0,0,0
2,27,2,2024-02-27,WN,3055.0,PDX,MDW,475,825,230.0,1751.0,0,0,0,0,0
9,12,4,2024-09-12,OH,5460.0,LAN,DCA,1045,1155,110.0,479.0,0,0,0,0,0
5,14,2,2024-05-14,MQ,3883.0,DFW,BIS,1134,1289,155.0,977.0,1,0,1,0,0
3,5,2,2024-03-05,WN,2229.0,OMA,DCA,745,945,140.0,1012.0,0,0,1,0,0
5,6,1,2024-05-06,F9,4612.0,LAS,DEN,1140,1321,121.0,628.0,0,0,0,0,0
7,26,5,2024-07-26,AA,2075.0,DFW,GSO,1185,1396,151.0,999.0,1,0,0,0,1
5,28,2,2024-05-28,UA,2321.0,EWR,LAX,1200,1380,360.0,2454.0,0,0,0,0,0
12,25,3,2024-12-25,WN,3430.0,JAX,BWI,1060,1175,115.0,663.0,0,0,0,0,0
3,6,3,2024-03-06,WN,205.0,DAL,AUS,755,820,65.0,189.0,0,0,0,0,0
7,12,5,2024-07-12,YX,5785.0,SDF,DTW,455,539,84.0,306.0,0,0,0,0,0
5,24,5,2024-05-24,B6,1524.0,LAX,JFK,850,1361,331.0,2475.0,0,0,0,0,0
1,29,1,2024-01-29,WN,1081.0,BUR,AUS,600,890,170.0,1241.0,0,0,0,0,0
3,19,2,2024-03-19,DL,450.0,SEA,BNA,1061,1438,257.0,1978.0,0,0,0,0,0
2,12,1,2024-02-12,OO,5373.0,IAH,MKE,720,884,164.0,984.0,0,0,0,0,0
10,14,1,2024-10-14,DL,1178.0,ATL,ORD,435,497,122.0,606.0,0,0,0,0,0
1,5,5,2024-01-05,OO,4939.0,MAF,PHX,523,586,123.0,581.0,0,1,1,0,0
4,20,6,2024-04-20,UA,2193.0,DEN,LAS,589,648,119.0,628.0,1,0,1,0,0
10,9,3,2024-10-09,YX,5638.0,DTW,SDF,740,822,82.0,306.0,0,0,0,0,0
10,28,1,2024-10-28,OO,4052.0,SYR,DTW,1083,1180,97.0,374.0,0,0,0,0,0
7,10,3,2024-07-10,DL,2903.0,SLC,MCI,843,1046,143.0,920.0,0,0,0,0,0
4,9,2,2024-04-09,DL,1532.0,IAH,SLC,715,855,200.0,1195.0,0,0,0,0,1
7,30,2,2024-07-30,AA,305.0,SEA,MIA,1230,319,349.0,2724.0,0,0,0,0,0
10,27,7,2024-10-27,DL,687.0,ATL,LAX,935,1041,286.0,1947.0,0,0,0,0,0
12,30,1,2024-12-30,OO,3862.0,GTF,SLC,330,429,99.0,463.0,0,1,1,0,0
11,1,5,2024-11-01,WN,771.0,PHX,DEN,955,1125,110.0,602.0,0,0,0,0,0
8,18,7,2024-08-18,HA,307.0,KOA,HNL,909,959,50.0,163.0,0,0,0,0,0
4,1,1,2024-04-01,WN,2913.0,PHX,OAK,950,1070,120.0,646.0,1,0,0,0,1
3,17,7,2024-03-17,B6,506.0,FLL,EWR,1212,1392,180.0,1065.0,1,0,0,0,1
3,5,2,2024-03-05,NK,710.0,FLL,LGA,502,674,172.0,1076.0,0,0,0,0,0
5,9,4,2024-05-09,OO,3828.0,BIL,SLC,1115,1206,91.0,387.0,0,0,0,0,0
1,27,6,2024-01-27,NK,230.0,FLL,ATL,540,661,121.0,581.0,0,0,0,0,0
9,7,6,2024-09-07,AA,497.0,SAN,CLT,772,1240,288.0,2077.0,0,0,0,0,0
12,29,7,2024-12-29,F9,3952.0,CVG,RSW,995,1143,148.0,879.0,0,0,1,0,1
4,4,4,2024-04-04,AA,2582.0,CLT,DTW,454,563,109.0,500.0,0,0,0,0,0
6,24,1,2024-06-24,DL,1282.0,LAS,MSP,360,669,189.0,1299.0,0,0,0,0,0
1,26,5,2024-01-26,UA,1413.0,SFO,LAX,1050,1146,96.0,337.0,0,0,0,0,0
11,29,5,2024-11-29,OO,5277.0,DEN,MKE,1055,1269,154.0,896.0,0,0,0,0,0
9,3,2,2024-09-03,OO,3964.0,MBS,DTW,1070,1124,54.0,98.0,0,0,0,0,0
1,26,5,2024-01-26,YX,5623.0,DCA,LGA,1170,1260,90.0,214.0,0,0,0,0,0
5,27,1,2024-05-27,UA,1617.0,ATL,IAH,575,645,130.0,689.0,1,0,0,0,1
7,5,5,2024-07-05,AS,77.0,GST,JNU,1060,1094,34.0,41.0,0,0,0,0,0
10,7,1,2024-10-07,DL,2329.0,ATL,ORF,940,1031,91.0,516.0,0,0,0,0,0
7,11,4,2024-07-11,YX,3617.0,EWR,IND,897,1028,131.0,645.0,0,0,0,0,0
1,29,1,2024-01-29,NK,2801.0,TPA,ORD,858,980,182.0,1012.0,0,0,0,0,0
5,24,5,2024-05-24,AA,547.0,LGA,DFW,495,663,228.0,1389.0,0,0,0,0,0
10,11,5,2024-10-11,NK,1070.0,FLL,PNS,560,607,107.0,525.0,0,0,0,0,0
7,7,7,2024-07-07,DL,2300.0,LGA,MIA,970,1186,216.0,1096.0,0,0,0,0,0
8,19,1,2024-08-19,WN,1782.0,LAS,LGB,870,950,80.0,231.0,1,0,0,0,1
9,5,4,2024-09-05,OH,5535.0,DCA,CLE,777,863,86.0,310.0,0,0,0,0,0
4,21,7,2024-04-21,MQ,3479.0,PVD,ORD,446,554,168.0,849.0,0,0,0,0,0
2,29,4,2024-02-29,DL,2382.0,RSW,BOS,1085,1277,192.0,1249.0,0,0,0,0,0
4,28,7,2024-04-28,DL,469.0,SFO,DTW,1000,12,272.0,2079.0,0,0,0,0,0
3,19,2,2024-03-19,DL,507.0,LAX,BOS,1305,377,332.0,2611.0,0,0,0,0,0
9,5,4,2024-09-05,NK,390.0,CLT,LAX,494,628,314.0,2125.0,0,0,0,0,0
9,17,2,2024-09-17,AA,1058.0,LGA,CLT,450,574,124.0,544.0,0,0,0,0,0
10,6,7,2024-10-06,UA,2298.0,ORD,EWR,885,1087,142.0,719.0,0,0,0,0,0
3,13,3,2024-03-13,OO,5011.0,DFW,GGG,770,834,64.0,140.0,0,0,0,0,0
10,23,3,2024-10-23,WN,323.0,OMA,PHX,1135,1180,165.0,1037.0,0,0,0,0,0
10,4,5,2024-10-04,AA,934.0,BWI,CLT,573,669,96.0,361.0,0,0,0,0,0
9,2,1,2024-09-02,B6,690.0,FLL,BOS,370,565,195.0,1237.0,0,0,0,0,0
12,10,2,2024-12-10,DL,564.0,SFO,ATL,839,1296,277.0,2139.0,1,0,0,0,1
9,5,4,2024-09-05,DL,268.0,JFK,HNL,630,908,638.0,4983.0,0,0,0,0,0
6,6,4,2024-06-06,DL,2877.0,MSP,BIL,1310,1377,127.0,748.0,0,0,1,0,1
1,3,3,2024-01-03,HA,515.0,OGG,HNL,1150,1192,42.0,100.0,1,0,0,0,1
3,27,3,2024-03-27,AA,1146.0,BOS,PHL,731,820,89.0,280.0,0,0,0,0,0
11,30,6,2024-11-30,OO,4071.0,BIS,MSP,1060,1154,94.0,386.0,1,0,1,0,0
3,26,2,2024-03-26,YX,3668.0,ORD,IND,540,678,78.0,177.0,0,0,0,0,0
1,12,5,2024-01-12,WN,1468.0,BWI,CMH,610,695,85.0,337.0,0,0,0,0,0
11,28,4,2024-11-28,WN,3129.0,BWI,HOU,410,580,230.0,1246.0,0,0,0,0,0
4,12,5,2024-04-12,WN,398.0,DAL,MAF,520,590,70.0,319.0,0,0,0,0,0
12,18,3,2024-12-18,OO,5575.0,LAX,PSP,1140,1208,68.0,110.0,0,0,0,0,0
9,4,3,2024-09-04,HA,535.0,OGG,HNL,1155,1196,41.0,100.0,0,0,0,0,0
11,28,4,2024-11-28,UA,486.0,MCO,CLE,693,842,149.0,895.0,0,0,0,0,0
11,11,1,2024-11-11,DL,2705.0,SLC,AUS,595,827,172.0,1086.0,0,0,0,0,0
9,18,3,2024-09-18,OO,5957.0,ATW,ORD,390,472,82.0,160.0,0,0,0,0,0
10,24,4,2024-10-24,WN,1506.0,ATL,MDW,510,565,115.0,591.0,0,0,0,0,0
3,11,1,2024-03-11,OO,3290.0,GJT,PHX,1120,1159,99.0,438.0,0,0,0,0,0
3,26,2,2024-03-26,9E,5342.0,CAE,ATL,762,834,72.0,192.0,0,0,0,0,0
5,24,5,2024-05-24,OH,5147.0,DCA,BHM,935,1006,131.0,653.0,0,0,0,0,0
6,26,3,2024-06-26,AA,1530.0,MIA,LGA,1103,1287,184.0,1096.0,0,0,1,0,0
9,6,5,2024-09-06,UA,305.0,SFO,LAS,790,891,101.0,414.0,0,0,0,0,0
4,1,1,2024-04-01,NK,2866.0,MCO,MEM,1379,17,138.0,684.0,0,0,0,0,0
3,9,6,2024-03-09,AA,431.0,ORD,SAT,1230,1418,188.0,1041.0,1,0,0,0,0
9,20,5,2024-09-20,UA,1311.0,EWR,CLT,433,548,115.0,529.0,0,0,0,0,0
3,4,1,2024-03-04,DL,2045.0,IAH,DTW,325,540,155.0,1075.0,0,0,0,0,0
10,3,4,2024-10-03,UA,1575.0,DEN,PHL,604,944,220.0,1558.0,0,0,0,0,0
8,26,1,2024-08-26,WN,1718.0,LAX,LAS,1200,1275,75.0,236.0,0,0,0,0,0
3,17,7,2024-03-17,OH,5279.0,CLT,ECP,665,728,123.0,437.0,0,0,0,0,0
8,25,7,2024-08-25,YX,3539.0,BTV,IAD,345,449,104.0,441.0,0,0,0,0,0
1,23,2,2024-01-23,NK,492.0,FLL,CMH,710,870,160.0,973.0,0,0,0,0,0
2,29,4,2024-02-29,AS,86.0,ANC,SCC,948,1047,99.0,626.0,0,0,0,0,0
9,13,5,2024-09-13,HA,69.0,LGB,HNL,470,635,345.0,2569.0,0,0,0,0,0
9,7,6,2024-09-07,AA,2556.0,SAT,CLT,389,620,171.0,1095.0,0,0,0,0,0
5,21,2,2024-05-21,YX,5633.0,CLT,BOS,650,795,145.0,728.0,1,0,1,0,0
8,7,3,2024-08-07,MQ,4189.0,CLE,ORD,403,438,95.0,316.0,0,0,0,0,0
10,18,5,2024-10-18,WN,1668.0,ELP,HOU,420,585,105.0,677.0,0,0,0,0,0
12,15,7,2024-12-15,DL,2357.0,MCO,LGA,1060,1223,163.0,950.0,0,0,0,0,0
10,4,5,2024-10-04,WN,2657.0,PIT,MDW,410,435,85.0,402.0,0,0,0,0,0
4,30,2,2024-04-30,OO,5452.0,RDD,SFO,830,904,74.0,199.0,0,0,0,0,0
3,8,5,2024-03-08,AA,1607.0,DFW,ELP,1375,1427,112.0,551.0,1,0,0,0,1
3,26,2,2024-03-26,DL,2256.0,LIT,ATL,974,1125,91.0,453.0,1,0,1,0,1
10,17,4,2024-10-17,YX,4566.0,BOS,JFK,638,720,82.0,187.0,0,0,0,0,0
4,18,4,2024-04-18,B6,181.0,FLL,BNA,712,803,151.0,793.0,0,0,0,0,0
7,26,5,2024-07-26,OO,3418.0,RDD,SEA,903,1005,102.0,479.0,0,0,0,0,0
4,13,6,2024-04-13,UA,632.0,ATL,IAD,565,672,107.0,534.0,0,0,1,0,0
10,1,2,2024-10-01,DL,502.0,LAS,DTW,1335,310,235.0,1749.0,0,0,0,0,0
4,18,4,2024-04-18,WN,4927.0,DEN,LGB,475,565,150.0,854.0,1,0,1,0,1
5,13,1,2024-05-13,AA,547.0,LGA,DFW,495,663,228.0,1389.0,0,0,0,0,0
4,9,2,2024-04-09,DL,2337.0,PWM,DTW,300,433,133.0,668.0,0,0,0,0,0
1,11,4,2024-01-11,MQ,3792.0,ORD,OKC,615,767,152.0,693.0,0,0,0,0,0
12,21,6,2024-12-21,MQ,3577.0,MIA,XNA,1215,1374,219.0,1099.0,0,0,1,0,1
12,30,1,2024-12-30,WN,2134.0,MAF,AUS,870,935,65.0,294.0,0,0,0,0,0
6,29,6,2024-06-29,WN,196.0,BWI,FLL,925,1090,165.0,925.0,0,0,0,0,0
2,21,3,2024-02-21,WN,1426.0,BWI,BUF,775,845,70.0,281.0,0,0,0,0,0
9,2,1,2024-09-02,DL,2996.0,ORD,LGA,420,614,134.0,733.0,0,0,0,0,0
7,8,1,2024-07-08,DL,1325.0,DTW,MSP,1191,1246,115.0,528.0,0,0,0,0,0
12,9,1,2024-12-09,F9,4472.0,ATL,RDU,360,449,89.0,356.0,0,0,0,0,0
7,13,6,2024-07-13,DL,2437.0,GEG,MSP,850,1139,169.0,1175.0,0,0,0,0,1
2,4,7,2024-02-04,9E,5265.0,ITH,JFK,318,420,102.0,189.0,0,0,0,0,0
3,25,1,2024-03-25,OO,3422.0,SFO,PSP,985,1077,92.0,421.0,0,0,1,0,1
6,3,1,2024-06-03,WN,1086.0,PHX,OAK,365,490,125.0,646.0,0,0,0,0,0
4,9,2,2024-04-09,WN,3264.0,BWI,MHT,560,640,80.0,377.0,0,0,0,0,0
2,9,5,2024-02-09,OO,3987.0,MSP,RST,955,1009,54.0,76.0,1,0,0,0,0
8,6,2,2024-08-06,F9,3074.0,CLE,RDU,848,941,93.0,416.0,0,0,0,0,0
11,25,1,2024-11-25,9E,5270.0,EWR,RDU,585,697,112.0,416.0,0,0,0,0,0
12,10,2,2024-12-10,WN,715.0,HOU,AUS,540,595,55.0,148.0,0,0,0,0,0
11,23,6,2024-11-23,B6,367.0,BOS,CHS,530,690,160.0,818.0,0,0,0,0,0
7,23,2,2024-07-23,OO,4075.0,DTW,CLE,525,578,53.0,95.0,0,0,0,0,0
9,29,7,2024-09-29,AA,3012.0,PHX,LAX,1100,1187,87.0,370.0,0,0,0,0,0
6,12,3,2024-06-12,AA,2343.0,SAN,ORD,682,1056,254.0,1723.0,0,0,0,0,0
3,16,6,2024-03-16,WN,2297.0,BNA,MCI,1340,5,105.0,491.0,0,0,0,0,1
2,4,7,2024-02-04,G4,331.0,JAX,BNA,686,725,99.0,483.0,0,0,0,0,0
8,3,6,2024-08-03,WN,4066.0,HOU,PHX,710,745,155.0,1020.0,0,0,0,0,0
7,27,6,2024-07-27,F9,904.0,MDW,SFO,968,1117,269.0,1855.0,0,0,0,0,0
7,13,6,2024-07-13,B6,1004.0,SJU,JFK,1319,116,237.0,1598.0,0,0,0,0,0
9,10,2,2024-09-10,AA,682.0,MIA,JFK,394,577,183.0,1089.0,0,0,0,0,0
12,1,7,2024-12-01,9E,5080.0,JFK,DTW,430,562,132.0,509.0,0,0,0,0,0
12,20,5,2024-12-20,WN,3904.0,OKC,STL,320,410,90.0,462.0,0,0,0,0,0
12,27,5,2024-12-27,AA,1238.0,PHX,ONT,1300,1322,82.0,325.0,0,0,0,0,0
1,19,5,2024-01-19,DL,503.0,ATL,PDX,1005,1154,329.0,2172.0,0,0,0,0,0
9,15,7,2024-09-15,OO,3964.0,MBS,DTW,1070,1124,54.0,98.0,0,0,0,0,0
11,7,4,2024-11-07,OO,6214.0,MFR,PHX,870,1070,140.0,854.0,0,0,0,0,0
6,15,6,2024-06-15,WN,2245.0,MCI,MDW,995,1075,80.0,405.0,0,0,0,0,1
6,14,5,2024-06-14,OO,6308.0,PHX,BUR,871,960,89.0,369.0,0,0,0,0,0
5,16,4,2024-05-16,AA,1907.0,OKC,DFW,1000,1070,70.0,175.0,1,0,1,0,0
1,29,1,2024-01-29,DL,957.0,ATL,OMA,514,605,151.0,821.0,0,0,0,0,0
10,1,2,2024-10-01,DL,2396.0,PBI,LGA,932,1099,167.0,1035.0,0,0,0,0,0
10,22,2,2024-10-22,G4,991.0,ROA,PIE,1152,1266,114.0,668.0,1,0,0,0,1
9,18,3,2024-09-18,MQ,3761.0,BRO,DFW,340,443,103.0,482.0,0,0,0,0,0
1,19,5,2024-01-19,OO,4841.0,ORD,BUF,812,965,93.0,474.0,1,0,1,0,0
2,27,2,2024-02-27,F9,1375.0,DEN,PHX,475,604,129.0,602.0,0,0,0,0,0
10,8,2,2024-10-08,OO,5860.0,DEN,SAF,675,755,80.0,303.0,0,0,0,0,0
9,26,4,2024-09-26,UA,379.0,IAD,MCO,500,641,141.0,758.0,1,0,1,0,0
1,28,7,2024-01-28,YX,4507.0,BOS,CVG,345,508,163.0,752.0,0,0,0,0,0
10,5,6,2024-10-05,OO,3865.0,SLC,PIH,930,985,55.0,150.0,0,0,0,0,0
4,24,3,2024-04-24,WN,599.0,LAS,MDW,990,1325,215.0,1521.0,0,0,0,0,0
4,27,6,2024-04-27,AA,2293.0,MEM,DFW,641,749,108.0,431.0,0,0,0,0,0
10,21,1,2024-10-21,HA,563.0,HNL,LIH,1210,1251,41.0,102.0,0,0,0,0,0
11,16,6,2024-11-16,OO,3995.0,CVG,AUS,506,628,182.0,958.0,0,0,0,0,0
1,12,5,2024-01-12,UA,2321.0,IAH,PHL,730,982,192.0,1325.0,0,0,0,0,0
3,17,7,2024-03-17,MQ,3835.0,CID,ORD,995,1068,73.0,196.0,0,0,0,0,0
11,20,3,2024-11-20,DL,2750.0,ATL,CLE,1189,1290,101.0,554.0,0,0,0,0,0
1,16,2,2024-01-16,WN,2378.0,PSP,LAS,650,715,65.0,173.0,0,0,0,0,0
2,13,2,2024-02-13,WN,2335.0,ABQ,DEN,745,825,80.0,349.0,0,0,0,0,0
5,6,1,2024-05-06,OO,3760.0,SJC,SEA,870,1006,136.0,696.0,0,1,1,0,0
4,5,5,2024-04-05,AA,354.0,MIA,PHX,830,954,304.0,1972.0,0,0,0,0,0
3,24,7,2024-03-24,WN,779.0,BWI,SDF,1295,1405,110.0,495.0,0,0,0,0,0
7,27,6,2024-07-27,AA,809.0,CLT,PHX,1098,1173,255.0,1773.0,0,0,0,0,0
10,24,4,2024-10-24,WN,2312.0,DAL,LBB,510,580,70.0,293.0,0,0,0,0,0
2,28,3,2024-02-28,HA,198.0,HNL,KOA,565,612,47.0,163.0,0,0,0,0,0
2,5,1,2024-02-05,DL,2203.0,PHX,SEA,860,998,198.0,1107.0,0,0,0,0,0
9,8,7,2024-09-08,DL,2568.0,LAX,SAT,520,823,183.0,1211.0,0,0,0,0,0
11,4,1,2024-11-04,UA,2674.0,JAX,IAH,1045,1139,154.0,817.0,0,0,0,0,0
12,22,7,2024-12-22,WN,2923.0,DEN,ELP,970,1075,105.0,563.0,0,0,0,0,0
11,12,2,2024-11-12,DL,3082.0,ATL,LEX,1130,1204,74.0,304.0,0,0,0,0,0
11,26,2,2024-11-26,AS,677.0,PDX,LAX,1140,1286,146.0,834.0,1,0,0,0,0
1,24,3,2024-01-24,DL,2429.0,ALB,ATL,365,544,179.0,853.0,0,0,0,0,0
4,28,7,2024-04-28,AS,849.0,HNL,PAE,867,1385,338.0,2694.0,0,0,0,0,0
1,25,4,2024-01-25,UA,796.0,IAH,CLT,730,937,147.0,912.0,0,0,0,0,0
10,15,2,2024-10-15,WN,4149.0,SJC,BUR,1210,1280,70.0,296.0,0,0,0,0,0
12,31,2,2024-12-31,WN,1350.0,RNO,LAS,560,640,80.0,345.0,0,0,0,0,0
5,18,6,2024-05-18,WN,3530.0,HNL,OGG,1110,1155,45.0,100.0,0,0,0,0,0
6,30,7,2024-06-30,YX,3674.0,IAD,PWM,1325,1433,108.0,493.0,1,0,0,0,0
10,14,1,2024-10-14,OO,5791.0,IND,IAH,715,811,156.0,844.0,0,0,0,0,0
7,26,5,2024-07-26,WN,2795.0,HNL,OGG,875,925,50.0,100.0,0,0,0,0,0
8,26,1,2024-08-26,9E,4826.0,CLT,JFK,648,764,116.0,541.0,0,0,0,0,0
3,21,4,2024-03-21,G4,2205.0,GRR,PGD,868,1048,180.0,1118.0,0,0,0,0,0
10,15,2,2024-10-15,UA,2499.0,LGA,ORD,510,606,156.0,733.0,0,0,0,0,0
2,19,1,2024-02-19,AS,1156.0,SEA,SAN,1125,1290,165.0,1050.0,0,0,1,0,0
11,17,7,2024-11-17,UA,1365.0,DEN,FCA,675,816,141.0,752.0,0,0,0,0,0
10,28,1,2024-10-28,DL,1388.0,RDU,DTW,345,455,110.0,501.0,0,0,0,0,0
4,28,7,2024-04-28,F9,94.0,DEN,MCI,401,564,103.0,533.0,0,0,0,0,0
4,12,5,2024-04-12,WN,1329.0,DEN,DAL,950,1130,120.0,651.0,0,0,0,0,0
7,28,7,2024-07-28,NK,1819.0,SMF,LAS,654,744,90.0,397.0,0,0,0,0,0
8,9,5,2024-08-09,UA,373.0,EWR,LAS,367,510,323.0,2227.0,0,0,0,0,0
10,1,2,2024-10-01,OO,3990.0,JFK,IAD,680,763,83.0,228.0,0,0,0,0,0
4,17,3,2024-04-17,B6,2466.0,FLL,BUF,424,603,179.0,1166.0,0,0,0,0,0
7,21,7,2024-07-21,AA,1859.0,RDU,PHL,1085,1170,85.0,337.0,0,0,1,0,0
6,8,6,2024-06-08,DL,519.0,ATL,DEN,980,1051,191.0,1199.0,0,0,1,0,0
12,5,4,2024-12-05,WN,1279.0,LAS,CMH,1010,1420,230.0,1771.0,0,0,0,0,0
6,2,7,2024-06-02,WN,222.0,GSP,ATL,400,460,60.0,153.0,0,0,0,0,0
6,5,3,2024-06-05,9E,4830.0,DTW,MQT,980,1068,88.0,349.0,0,0,0,0,0
7,12,5,2024-07-12,NK,128.0,LAX,BWI,1355,397,302.0,2329.0,1,0,1,0,1
7,21,7,2024-07-21,WN,369.0,DEN,RIC,725,1050,205.0,1482.0,1,0,1,0,0
8,11,7,2024-08-11,WN,3429.0,LAS,SJC,1035,1130,95.0,386.0,1,0,0,0,1
12,23,1,2024-12-23,AA,1816.0,CLT,EYW,589,738,149.0,736.0,0,0,0,0,0
3,28,4,2024-03-28,9E,5266.0,ATL,CHO,910,1004,94.0,457.0,0,0,0,0,0
9,2,1,2024-09-02,AA,2875.0,SAT,CLT,494,729,175.0,1095.0,0,0,0,0,0
8,21,3,2024-08-21,NK,746.0,CLT,EWR,886,995,109.0,529.0,0,0,1,0,0
5,2,4,2024-05-02,DL,2666.0,ATL,TUL,892,954,122.0,674.0,0,0,0,0,0
11,2,6,2024-11-02,DL,2055.0,SEA,ORD,430,790,240.0,1721.0,0,0,0,0,0
10,3,4,2024-10-03,G4,60.0,GEG,LAS,979,1115,136.0,806.0,0,0,0,0,0
10,30,3,2024-10-30,OO,3729.0,RDU,CVG,360,460,100.0,390.0,0,0,0,0,0
4,19,5,2024-04-19,OO,3881.0,SMF,SEA,585,710,125.0,605.0,0,0,0,0,0
7,22,1,2024-07-22,B6,1604.0,SJU,JFK,745,990,245.0,1598.0,1,0,0,0,0
1,8,1,2024-01-08,YX,4689.0,LGA,SDF,1065,1218,153.0,659.0,0,0,0,0,0
3,28,4,2024-03-28,MQ,3835.0,CID,ORD,995,1068,73.0,196.0,0,0,0,0,0
1,15,1,2024-01-15,B6,47.0,LGA,TPA,1229,1416,187.0,1010.0,1,0,1,0,1
8,1,4,2024-08-01,NK,1456.0,EWR,MCI,403,530,187.0,1092.0,0,0,0,0,0
10,17,4,2024-10-17,WN,560.0,DEN,RNO,1020,1095,135.0,804.0,1,0,0,0,1
3,6,3,2024-03-06,AA,1609.0,MIA,DCA,855,1012,157.0,919.0,0,0,0,0,0
1,25,4,2024-01-25,B6,1730.0,RSW,JFK,1229,1396,167.0,1074.0,0,0,0,0,0
10,30,3,2024-10-30,WN,205.0,DEN,SMF,475,565,150.0,909.0,0,0,0,0,0
10,19,6,2024-10-19,WN,2631.0,BWI,DAL,575,710,195.0,1209.0,0,0,0,0,0
4,23,2,2024-04-23,UA,2226.0,ORD,CLE,862,1001,79.0,316.0,0,0,0,0,0
9,30,1,2024-09-30,AA,2202.0,CLT,FLL,1298,1417,119.0,632.0,1,0,0,0,1
6,19,3,2024-06-19,AA,2814.0,ORF,CLT,1212,1298,86.0,290.0,0,0,0,0,0
5,10,5,2024-05-10,WN,5449.0,ATL,MCI,520,590,130.0,692.0,0,0,0,0,1
10,4,5,2024-10-04,DL,1491.0,AUS,ATL,1082,1283,141.0,813.0,0,0,0,0,0
7,11,4,2024-07-11,OO,4929.0,DRO,DFW,988,1175,127.0,674.0,0,0,0,0,0
12,2,1,2024-12-02,WN,1245.0,LAS,OAK,650,750,100.0,407.0,0,0,0,0,0
7,1,1,2024-07-01,AS,1222.0,LAX,SEA,1015,1184,169.0,954.0,0,0,0,0,0
9,1,7,2024-09-01,WN,358.0,SLC,BWI,820,1190,250.0,1865.0,0,0,0,0,0
8,8,4,2024-08-08,MQ,3942.0,ORD,DSM,981,1061,80.0,299.0,0,0,0,0,0
1,23,2,2024-01-23,B6,879.0,LAS,LAX,1139,1210,71.0,236.0,0,0,0,0,0
10,11,5,2024-10-11,OO,3960.0,PSC,SEA,1065,1140,75.0,172.0,0,0,0,0,0
9,26,4,2024-09-26,UA,1582.0,SFO,DEN,865,1083,158.0,967.0,0,0,0,0,0
6,13,4,2024-06-13,WN,4473.0,MDW,HOU,1375,80,145.0,937.0,1,0,1,0,1
10,16,3,2024-10-16,DL,2469.0,CMH,ATL,360,455,95.0,447.0,0,0,0,0,0
10,11,5,2024-10-11,DL,376.0,BOS,ATL,740,911,171.0,946.0,0,0,0,0,0
12,16,1,2024-12-16,DL,2142.0,CMH,SLC,465,607,262.0,1528.0,0,0,0,0,0
2,11,7,2024-02-11,AA,1754.0,DFW,EGE,619,706,147.0,721.0,1,0,0,0,0
11,30,6,2024-11-30,DL,1613.0,MCI,MSP,913,1001,88.0,393.0,0,0,0,0,0
7,10,3,2024-07-10,WN,2136.0,MAF,HOU,665,750,85.0,441.0,0,0,0,0,0
4,1,1,2024-04-01,AS,806.0,OGG,SAN,660,1162,322.0,2541.0,0,0,0,0,0
4,30,2,2024-04-30,AA,1836.0,MSY,PHX,878,970,212.0,1300.0,0,0,0,0,0
4,25,4,2024-04-25,WN,4081.0,DAL,SAN,1215,1280,185.0,1182.0,1,0,0,0,1
4,25,4,2024-04-25,WN,2518.0,BWI,PHX,1235,1355,300.0,1999.0,0,0,0,0,0
7,11,4,2024-07-11,MQ,3760.0,DFW,COU,924,1022,98.0,490.0,0,0,0,0,0
6,17,1,2024-06-17,NK,277.0,STT,MCO,940,1150,210.0,1246.0,0,0,0,0,1
1,30,2,2024-01-30,WN,2792.0,STL,MDW,390,465,75.0,251.0,0,0,0,0,0
2,17,6,2024-02-17,WN,434.0,BNA,MYR,710,855,85.0,471.0,0,0,0,0,0
5,2,4,2024-05-02,DL,2086.0,ATL,DSM,965,1038,133.0,743.0,0,0,0,0,0
6,1,6,2024-06-01,OO,3283.0,MSP,ORD,866,958,92.0,334.0,1,0,1,0,0
1,7,7,2024-01-07,WN,3147.0,SMF,PDX,980,1070,90.0,479.0,0,0,1,0,1
4,3,3,2024-04-03,WN,5467.0,LAS,BOI,930,1100,110.0,519.0,0,0,0,0,0
2,2,5,2024-02-02,WN,1683.0,BOI,LAS,400,455,115.0,519.0,0,0,0,0,0
11,21,4,2024-11-21,F9,2350.0,LAS,DEN,750,937,127.0,628.0,0,0,0,0,0
9,11,3,2024-09-11,OH,5080.0,PHL,ILM,1140,1247,107.0,413.0,0,0,0,0,0
7,11,4,2024-07-11,WN,808.0,OAK,HNL,565,715,330.0,2409.0,0,0,0,0,0
7,9,2,2024-07-09,B6,1534.0,TPA,BDL,753,922,169.0,1111.0,0,1,1,0,0
7,16,2,2024-07-16,UA,1340.0,DEN,BOI,1235,1350,115.0,649.0,0,0,0,0,1
3,15,5,2024-03-15,G4,3053.0,TYS,PGD,785,901,116.0,624.0,0,0,0,0,1
8,21,3,2024-08-21,YX,5680.0,PIT,BOS,1046,1162,116.0,496.0,0,0,0,0,0
12,21,6,2024-12-21,B6,229.0,BQN,MCO,165,284,179.0,1129.0,0,0,0,0,0
10,23,3,2024-10-23,OO,3485.0,SJC,LAX,860,945,85.0,308.0,0,0,0,0,0
8,7,3,2024-08-07,NK,3032.0,LAS,SLC,921,1072,91.0,368.0,0,0,0,0,0
9,13,5,2024-09-13,OO,5235.0,COS,DEN,1035,1099,64.0,73.0,0,0,0,0,0
12,10,2,2024-12-10,WN,1553.0,SJC,HOU,435,770,215.0,1621.0,0,0,0,0,0
11,7,4,2024-11-07,OO,5678.0,MOT,DEN,420,506,146.0,604.0,1,0,0,0,0
8,25,7,2024-08-25,WN,4813.0,SAN,LAS,885,970,85.0,258.0,0,0,0,0,0
8,17,6,2024-08-17,F9,4204.0,SEA,LAS,629,794,165.0,867.0,0,0,0,0,0
6,9,7,2024-06-09,OH,5455.0,CLT,SYR,978,1095,117.0,603.0,0,0,0,0,0
9,30,1,2024-09-30,WN,664.0,DSM,STL,395,460,65.0,259.0,0,0,0,0,0
5,7,2,2024-05-07,B6,144.0,PBI,EWR,450,618,168.0,1023.0,0,0,0,0,0
4,21,7,2024-04-21,UA,1256.0,IAH,DEN,770,869,159.0,862.0,0,0,0,0,0
9,22,7,2024-09-22,OO,5555.0,ORD,MKE,1080,1144,64.0,67.0,0,0,0,0,0
8,12,1,2024-08-12,OH,5476.0,ECP,DCA,641,836,135.0,769.0,0,0,0,0,0
10,5,6,2024-10-05,DL,1934.0,BIS,MSP,470,561,91.0,386.0,0,0,0,0,0
7,6,6,2024-07-06,OO,6274.0,DEN,LAX,1095,1192,157.0,862.0,1,0,0,0,0
8,25,7,2024-08-25,DL,2930.0,MSP,MKE,608,684,76.0,297.0,0,0,0,0,0
8,13,2,2024-08-13,AA,2695.0,PHL,IND,630,745,115.0,588.0,0,0,0,0,0
9,10,2,2024-09-10,WN,223.0,SMF,PHX,360,475,115.0,647.0,0,0,0,0,0
2,22,4,2024-02-22,9E,5054.0,DTW,TYS,1250,1357,107.0,443.0,0,0,0,0,0
4,29,1,2024-04-29,OO,6273.0,BTR,DFW,1191,1293,102.0,383.0,0,0,0,0,0
1,2,2,2024-01-02,OO,5637.0,MDT,ORD,1054,1135,141.0,594.0,0,0,0,0,0
12,23,1,2024-12-23,YX,5639.0,CLT,BOS,890,1035,145.0,728.0,0,0,0,0,0
8,16,5,2024-08-16,DL,2512.0,JFK,DTW,1169,1314,145.0,509.0,0,0,0,0,0
4,11,4,2024-04-11,NK,2110.0,LAS,LAX,834,913,79.0,236.0,0,0,0,0,0
8,28,3,2024-08-28,DL,1301.0,ATL,BUF,883,1005,122.0,712.0,0,0,0,0,0
12,28,6,2024-12-28,OO,3650.0,MDT,DTW,739,842,103.0,371.0,0,0,0,0,0
6,16,7,2024-06-16,AA,2238.0,DFW,BNA,1020,1138,118.0,631.0,0,0,1,0,0
11,10,7,2024-11-10,OH,5127.0,DFW,SDF,1263,18,135.0,733.0,0,0,0,0,0
8,19,1,2024-08-19,OO,5377.0,DEN,GUC,680,752,72.0,152.0,0,0,0,0,0
3,26,2,2024-03-26,AA,1454.0,MIA,PHX,832,963,311.0,1972.0,1,0,0,0,0
8,12,1,2024-08-12,OO,5025.0,LBF,DEN,1155,1164,69.0,228.0,0,0,0,0,0
1,22,1,2024-01-22,AA,1391.0,STT,MIA,1073,1196,183.0,1107.0,0,0,0,0,0
8,30,5,2024-08-30,OO,3880.0,HLN,SLC,791,880,89.0,402.0,0,0,0,0,0
2,20,2,2024-02-20,DL,2683.0,ATL,DCA,675,776,101.0,547.0,0,0,0,0,0
3,12,2,2024-03-12,YX,4509.0,ATL,DCA,410,519,109.0,547.0,0,0,0,0,0
5,16,4,2024-05-16,DL,1540.0,LGA,BOS,900,979,79.0,184.0,0,0,1,0,1
6,9,7,2024-06-09,HA,547.0,KOA,HNL,1225,1270,45.0,163.0,0,0,0,0,0
11,10,7,2024-11-10,UA,2044.0,PBI,EWR,894,1069,175.0,1023.0,0,0,0,0,0
10,11,5,2024-10-11,AA,2301.0,CLT,BUF,930,1029,99.0,546.0,1,0,0,0,1
11,21,4,2024-11-21,YX,3558.0,EWR,IND,1195,1342,147.0,645.0,1,0,1,0,1
8,16,5,2024-08-16,AA,899.0,MKE,PHX,882,974,212.0,1460.0,0,0,0,0,1
9,4,3,2024-09-04,AA,499.0,CLE,CLT,616,719,103.0,430.0,0,0,0,0,0
3,8,5,2024-03-08,9E,5483.0,TRI,ATL,873,945,72.0,227.0,0,0,0,0,0
7,28,7,2024-07-28,DL,747.0,JFK,LAX,835,1016,361.0,2475.0,1,0,1,0,0
2,15,4,2024-02-15,WN,2160.0,HOU,OKC,745,825,80.0,419.0,0,0,0,0,0
4,10,3,2024-04-10,WN,5638.0,OKC,HOU,650,735,85.0,419.0,0,0,0,0,0
2,5,1,2024-02-05,OO,4934.0,DFW,TYR,1007,1061,54.0,102.0,0,0,0,0,0
2,20,2,2024-02-20,WN,1781.0,LAS,DAL,955,1235,160.0,1067.0,0,0,0,0,0
4,4,4,2024-04-04,WN,1978.0,MDW,MSY,485,630,145.0,825.0,0,0,0,0,0
8,8,4,2024-08-08,AA,131.0,PHX,SBP,830,924,94.0,509.0,0,0,0,0,0
10,3,4,2024-10-03,AS,323.0,MKE,SEA,871,1019,268.0,1694.0,0,0,1,0,0
3,6,3,2024-03-06,NK,1722.0,PDX,LAS,345,479,134.0,763.0,0,1,1,0,0
8,30,5,2024-08-30,WN,1542.0,MKE,BWI,305,475,110.0,641.0,0,0,0,0,0
12,30,1,2024-12-30,WN,3474.0,MDW,LAS,340,465,245.0,1521.0,0,0,0,0,0
6,11,2,2024-06-11,AS,543.0,DFW,SEA,546,680,254.0,1660.0,0,0,1,0,0
10,27,7,2024-10-27,AA,2339.0,PHX,JFK,512,990,298.0,2153.0,0,0,0,0,0
1,21,7,2024-01-21,OO,4829.0,PHX,OKC,587,786,139.0,833.0,0,0,0,0,0
2,17,6,2024-02-17,F9,2931.0,ATL,DFW,360,462,162.0,731.0,0,0,0,0,1
7,24,3,2024-07-24,DL,1018.0,FLL,RDU,923,1061,138.0,680.0,0,0,0,0,1
3,17,7,2024-03-17,WN,3624.0,BWI,MCO,765,910,145.0,787.0,0,0,0,0,0
2,19,1,2024-02-19,WN,225.0,PIT,MCO,1115,1255,140.0,834.0,0,0,0,0,0
7,7,7,2024-07-07,OO,4101.0,LAX,SMF,1260,1346,86.0,373.0,1,0,0,0,0
10,14,1,2024-10-14,WN,1772.0,CLE,MDW,405,420,75.0,307.0,0,0,1,0,0
6,22,6,2024-06-22,MQ,3704.0,STL,ORD,1107,1187,80.0,258.0,1,0,0,0,1
7,14,7,2024-07-14,AS,681.0,DEN,SEA,642,759,177.0,1024.0,0,0,0,0,0
4,7,7,2024-04-07,OO,4690.0,BHM,DEN,913,1057,204.0,1083.0,0,0,0,0,0
5,20,1,2024-05-20,DL,2293.0,DTW,RSW,750,921,171.0,1084.0,0,0,0,0,0
6,28,5,2024-06-28,AA,2229.0,DFW,DSM,1014,1131,117.0,624.0,0,0,0,0,0
8,16,5,2024-08-16,AA,224.0,DFW,PHL,611,880,209.0,1303.0,1,0,0,0,0
9,25,3,2024-09-25,AA,300.0,JFK,LAX,935,1115,360.0,2475.0,0,0,0,0,0
3,12,2,2024-03-12,F9,2438.0,DEN,RDU,974,1291,197.0,1436.0,0,0,0,0,0
2,12,1,2024-02-12,WN,1954.0,BWI,GSP,870,960,90.0,426.0,0,0,0,0,0
12,1,7,2024-12-01,WN,4536.0,BWI,CHS,495,605,110.0,472.0,1,0,1,0,0
5,3,5,2024-05-03,DL,836.0,HNL,ATL,933,371,518.0,4502.0,0,0,0,0,0
1,16,2,2024-01-16,AS,196.0,ADQ,ANC,420,481,61.0,253.0,1,0,0,0,0
10,16,3,2024-10-16,9E,5389.0,BMI,ATL,952,1120,108.0,533.0,0,0,0,0,0
10,6,7,2024-10-06,AA,925.0,LAS,MIA,35,502,287.0,2174.0,0,0,0,0,0
9,7,6,2024-09-07,WN,2031.0,STL,DTW,840,990,90.0,440.0,0,0,0,0,0
7,4,4,2024-07-04,OO,4029.0,OKC,SLC,510,605,155.0,866.0,0,0,0,0,0
10,13,7,2024-10-13,AA,1406.0,DFW,SAT,1224,1295,71.0,247.0,0,0,0,0,1
8,9,5,2024-08-09,F9,1099.0,ATL,PHX,901,960,239.0,1587.0,0,0,0,0,0
5,20,1,2024-05-20,AA,2152.0,PHL,CLT,702,810,108.0,449.0,0,0,0,0,0
2,18,7,2024-02-18,WN,2805.0,MDW,ONT,1050,1200,270.0,1706.0,0,0,0,0,0
6,14,5,2024-06-14,WN,1062.0,DAL,TPA,760,960,140.0,917.0,0,0,0,0,0
10,7,1,2024-10-07,WN,1881.0,LAS,MKE,485,820,215.0,1524.0,0,0,0,0,0
10,23,3,2024-10-23,9E,5316.0,JFK,RIC,510,606,96.0,288.0,0,0,0,0,0
4,15,1,2024-04-15,OO,4024.0,TUS,SLC,1025,1206,121.0,601.0,0,0,0,0,0
6,8,6,2024-06-08,UA,1392.0,MSY,IAD,480,694,154.0,955.0,0,0,0,0,0
4,26,5,2024-04-26,DL,1542.0,VPS,ATL,360,492,72.0,250.0,0,0,0,0,0
5,18,6,2024-05-18,DL,429.0,DTW,LGA,505,614,109.0,502.0,0,0,0,0,0
12,5,4,2024-12-05,DL,1239.0,SEA,SLC,1150,1335,125.0,689.0,0,0,0,0,0
10,5,6,2024-10-05,WN,2748.0,DCA,STL,480,560,140.0,719.0,0,0,0,0,0
2,27,2,2024-02-27,UA,297.0,GSP,ORD,399,466,127.0,577.0,0,0,0,0,0
8,30,5,2024-08-30,B6,1952.0,MCO,BOS,1245,1436,191.0,1121.0,1,0,0,0,1
6,17,1,2024-06-17,AA,59.0,LAX,KOA,601,756,335.0,2504.0,0,0,0,0,0
2,6,2,2024-02-06,OO,3410.0,SAN,SMF,1170,1274,104.0,480.0,0,0,0,0,0
8,30,5,2024-08-30,WN,1220.0,DAL,AMA,1300,1375,75.0,323.0,0,0,0,0,0
10,26,6,2024-10-26,UA,2066.0,LAX,IAD,495,969,294.0,2288.0,0,0,1,0,0
7,27,6,2024-07-27,WN,2859.0,MDW,BUF,735,880,85.0,468.0,0,0,0,0,0
4,11,4,2024-04-11,DL,1010.0,DTW,DFW,523,640,177.0,986.0,0,0,0,0,1
11,8,5,2024-11-08,AA,1014.0,CLT,MSN,1088,1157,129.0,708.0,0,0,0,0,1
7,1,1,2024-07-01,F9,2182.0,STL,PHL,1356,108,132.0,814.0,0,0,1,0,1
5,29,3,2024-05-29,AA,76.0,JFK,SFO,360,564,384.0,2586.0,0,0,0,0,0
7,25,4,2024-07-25,B6,2016.0,BUF,BOS,959,1049,90.0,395.0,0,0,0,0,0
9,17,2,2024-09-17,MQ,3631.0,SGF,ORD,810,912,102.0,438.0,0,0,0,0,0
11,30,6,2024-11-30,AA,2261.0,STL,DFW,317,439,122.0,550.0,0,0,0,0,0
1,6,6,2024-01-06,AA,1091.0,ELP,DFW,301,467,106.0,551.0,0,0,0,0,0
12,8,7,2024-12-08,OO,3326.0,SFO,LAS,616,716,100.0,414.0,0,0,0,0,0
9,3,2,2024-09-03,AA,2689.0,LAX,ORD,558,936,258.0,1744.0,0,0,0,0,0
4,22,1,2024-04-22,OH,5090.0,GRR,DCA,360,466,106.0,524.0,0,0,0,0,0
1,8,1,2024-01-08,9E,5284.0,LGA,BGR,581,680,99.0,378.0,0,0,0,0,0
8,4,7,2024-08-04,F9,2483.0,MIA,ATL,870,994,124.0,594.0,0,0,1,0,1
6,25,2,2024-06-25,DL,1062.0,MSP,ATL,325,538,153.0,907.0,0,0,0,0,0
4,22,1,2024-04-22,G4,11.0,LAS,FAT,770,848,78.0,259.0,0,0,0,0,0
3,27,3,2024-03-27,WN,1911.0,HNL,LAS,585,1115,350.0,2762.0,0,0,0,0,0
7,4,4,2024-07-04,NK,119.0,DFW,BNA,745,865,120.0,631.0,0,0,0,0,0
9,24,2,2024-09-24,B6,655.0,SYR,MCO,870,1040,170.0,1053.0,0,0,0,0,0
2,4,7,2024-02-04,YX,5618.0,DCA,LGA,1320,1393,73.0,214.0,0,0,0,0,0
1,28,7,2024-01-28,AA,2120.0,DCA,BOS,1330,1425,95.0,399.0,0,0,0,0,0
5,12,7,2024-05-12,WN,4324.0,DEN,SJC,1145,1240,155.0,948.0,0,0,0,0,0
11,8,5,2024-11-08,YX,4671.0,JFK,DCA,899,985,86.0,213.0,0,0,0,0,0
12,16,1,2024-12-16,OH,5519.0,RSW,DCA,1134,1290,156.0,892.0,0,0,1,0,1
3,12,2,2024-03-12,DL,854.0,SEA,ANC,707,867,220.0,1448.0,0,0,0,0,0
7,4,4,2024-07-04,YX,3628.0,ORD,IND,1090,1220,70.0,177.0,0,0,0,0,0
6,2,7,2024-06-02,AA,2598.0,CLT,SYR,900,1014,114.0,603.0,0,0,0,0,0
9,5,4,2024-09-05,DL,1307.0,DTW,IAH,761,873,172.0,1075.0,1,0,1,0,0
3,11,1,2024-03-11,OO,3888.0,MSP,DLH,550,607,57.0,144.0,0,0,0,0,0
9,7,6,2024-09-07,OO,4669.0,ASE,ORD,550,783,173.0,1013.0,0,0,0,0,0
4,15,1,2024-04-15,DL,8771.0,DTW,ATL,440,562,122.0,594.0,0,0,0,0,0
9,23,1,2024-09-23,DL,2092.0,SAT,MSP,1112,1290,178.0,1097.0,0,0,0,0,0
12,17,2,2024-12-17,OO,3727.0,SLC,RDM,660,719,119.0,525.0,0,0,0,0,0
11,15,5,2024-11-15,YX,5595.0,JFK,SAV,480,633,153.0,718.0,0,0,0,0,0
7,22,1,2024-07-22,AA,2031.0,SAN,PHX,1171,1257,86.0,304.0,0,0,1,0,1
11,30,6,2024-11-30,YX,4709.0,OKC,MIA,430,670,180.0,1222.0,0,0,0,0,0
2,28,3,2024-02-28,DL,812.0,SLC,SAN,480,549,129.0,626.0,0,0,0,0,0
4,26,5,2024-04-26,AA,846.0,CLT,AUS,490,616,186.0,1032.0,0,0,0,0,0
10,31,4,2024-10-31,OH,5591.0,PHL,MCI,650,792,202.0,1038.0,0,0,0,0,0
8,6,2,2024-08-06,AA,1121.0,CLT,PHL,536,636,100.0,449.0,0,0,0,0,0
1,10,3,2024-01-10,WN,1790.0,BUR,SMF,1075,1160,85.0,358.0,0,0,0,0,0
5,27,1,2024-05-27,UA,2630.0,IAH,IAD,1005,1252,187.0,1190.0,0,0,0,0,0
5,16,4,2024-05-16,YX,3447.0,DTW,EWR,966,1080,114.0,488.0,0,0,1,0,0
3,17,7,2024-03-17,DL,1157.0,JFK,MSP,1080,1224,204.0,1029.0,0,0,0,0,0
9,14,6,2024-09-14,OO,6313.0,DFW,BPT,1280,1365,85.0,270.0,0,0,0,0,0
7,25,4,2024-07-25,DL,2937.0,SEA,ATL,1337,355,278.0,2182.0,0,0,0,0,0
10,1,2,2024-10-01,WN,1106.0,MSY,DCA,625,835,150.0,969.0,0,0,0,0,0
8,5,1,2024-08-05,DL,2439.0,BNA,DTW,360,521,101.0,456.0,0,0,0,0,0
6,9,7,2024-06-09,B6,934.0,SJU,MCO,959,1155,196.0,1189.0,0,0,0,0,0
6,5,3,2024-06-05,UA,2656.0,SNA,DEN,1105,1309,144.0,846.0,0,0,0,0,0
11,20,3,2024-11-20,AA,2883.0,MIA,SMF,1219,1423,384.0,2552.0,0,0,0,0,1
10,9,3,2024-10-09,AA,1668.0,LAX,PHX,590,679,89.0,370.0,0,0,0,0,0
10,18,5,2024-10-18,AA,698.0,PHX,DFW,306,577,151.0,868.0,0,0,0,0,0
5,22,3,2024-05-22,OO,5547.0,MSO,DEN,1035,1160,125.0,679.0,0,0,0,0,0
8,26,1,2024-08-26,YX,3485.0,CVG,ORD,680,708,88.0,264.0,0,0,0,0,0
9,10,2,2024-09-10,UA,2668.0,ORD,TPA,680,901,161.0,1012.0,0,0,0,0,0
12,12,4,2024-12-12,WN,2249.0,MEM,MCO,720,900,120.0,684.0,1,0,0,0,1
8,10,6,2024-08-10,OO,4112.0,MSO,SLC,697,790,93.0,436.0,0,0,0,0,0
4,24,3,2024-04-24,MQ,4039.0,DFW,ABI,549,604,55.0,158.0,0,0,0,0,0
8,12,1,2024-08-12,WN,1978.0,MCI,DAL,1185,1270,85.0,461.0,0,0,0,0,0
3,19,2,2024-03-19,F9,2013.0,TTN,MCO,1145,1323,178.0,896.0,0,0,0,0,0
6,28,5,2024-06-28,WN,1061.0,BHM,MDW,1000,1110,110.0,570.0,0,0,0,0,0
10,1,2,2024-10-01,MQ,3493.0,MHK,DFW,327,448,121.0,431.0,0,0,0,0,0
8,23,5,2024-08-23,AA,124.0,PDX,DFW,59,404,225.0,1616.0,0,0,1,0,1
5,23,4,2024-05-23,WN,4835.0,AUS,LAS,680,735,175.0,1090.0,0,0,0,0,0
11,27,3,2024-11-27,G4,1431.0,TYS,PIE,1126,1229,103.0,550.0,0,0,0,0,0
2,6,2,2024-02-06,UA,1263.0,SFO,CMH,496,958,282.0,2120.0,0,0,0,0,0
3,17,7,2024-03-17,WN,6566.0,AUS,LAS,730,790,180.0,1090.0,0,0,0,0,0
11,30,6,2024-11-30,MQ,4170.0,MIA,MSY,572,647,135.0,675.0,0,0,0,0,0
10,8,2,2024-10-08,WN,1229.0,AUS,ATL,685,870,125.0,813.0,0,0,0,0,0
7,10,3,2024-07-10,WN,1448.0,BUF,BWI,720,790,70.0,281.0,0,0,0,0,0
7,25,4,2024-07-25,WN,4533.0,MDW,AUS,325,475,150.0,972.0,0,0,0,0,0
8,12,1,2024-08-12,YX,4495.0,BNA,DCA,1093,1260,107.0,562.0,0,0,0,0,0
8,23,5,2024-08-23,DL,2910.0,MSP,BDL,815,1032,157.0,1050.0,0,0,0,0,0
8,22,4,2024-08-22,WN,1250.0,BWI,RDU,1085,1160,75.0,255.0,0,0,0,0,0
4,3,3,2024-04-03,AS,1326.0,SEA,SNA,360,530,170.0,978.0,0,0,1,0,0
4,4,4,2024-04-04,OO,6216.0,DFW,SAF,687,744,117.0,551.0,0,0,0,0,0
3,30,6,2024-03-30,AA,1793.0,FLL,DFW,1155,1300,205.0,1119.0,0,0,0,0,0
6,14,5,2024-06-14,DL,885.0,SLC,ATL,665,1010,225.0,1590.0,0,0,0,0,0
2,20,2,2024-02-20,WN,924.0,DTW,BWI,820,910,90.0,409.0,0,0,0,0,0
9,12,4,2024-09-12,AA,2568.0,DFW,SAN,1377,1439,182.0,1171.0,0,0,0,0,0
1,24,3,2024-01-24,AA,1438.0,BOS,DFW,706,923,277.0,1562.0,0,0,1,0,0
11,21,4,2024-11-21,WN,1865.0,PIT,HOU,1030,1170,200.0,1131.0,0,0,0,0,0
10,13,7,2024-10-13,AA,1531.0,CLT,CHS,549,615,66.0,168.0,1,0,1,0,0
10,14,1,2024-10-14,B6,572.0,FLL,LGA,1200,1378,178.0,1076.0,0,0,0,0,0
3,13,3,2024-03-13,UA,1358.0,EWR,DFW,915,1108,253.0,1372.0,0,0,0,0,0
6,6,4,2024-06-06,DL,870.0,LGA,ATL,539,688,149.0,762.0,1,0,0,0,0
4,19,5,2024-04-19,WN,2732.0,BWI,FLL,1205,1365,160.0,925.0,0,0,0,0,0
1,12,5,2024-01-12,DL,1493.0,DCA,MSP,454,565,171.0,931.0,0,0,0,0,0
12,5,4,2024-12-05,OH,5083.0,ICT,DCA,1052,1275,163.0,1110.0,0,0,0,0,0
9,27,5,2024-09-27,DL,2049.0,JFK,MCO,435,604,169.0,944.0,0,0,0,0,0
5,13,1,2024-05-13,WN,3147.0,SAN,SMF,510,610,100.0,480.0,0,0,0,0,0
12,2,1,2024-12-02,WN,739.0,PHX,DAL,425,620,135.0,879.0,0,0,0,0,0
9,24,2,2024-09-24,DL,2197.0,SLC,MSY,830,1089,199.0,1428.0,0,0,0,0,0
9,8,7,2024-09-08,UA,2305.0,SFO,ABQ,1015,1219,144.0,896.0,0,0,0,0,0
10,4,5,2024-10-04,OO,4741.0,LEX,DEN,540,619,199.0,1086.0,0,1,0,0,0
1,15,1,2024-01-15,AA,451.0,TPA,DCA,694,830,136.0,814.0,0,0,0,0,0
11,27,3,2024-11-27,DL,700.0,DTW,SAN,1259,1372,293.0,1956.0,1,0,1,0,0
8,11,7,2024-08-11,AA,629.0,DFW,PHL,510,785,215.0,1303.0,0,0,0,0,0
9,12,4,2024-09-12,WN,4578.0,PHX,ABQ,795,925,70.0,328.0,0,0,0,0,0
10,1,2,2024-10-01,DL,1539.0,ATL,TUL,1022,1081,119.0,674.0,0,0,0,0,0
7,21,7,2024-07-21,DL,2583.0,PIT,ATL,1169,1279,110.0,526.0,1,0,0,0,1
2,6,2,2024-02-06,UA,1949.0,ORD,DCA,360,539,119.0,612.0,0,0,0,0,0
11,30,6,2024-11-30,G4,2257.0,IND,SFB,822,954,132.0,807.0,1,0,0,0,1
8,24,6,2024-08-24,OO,4294.0,IMT,DTW,892,1030,78.0,344.0,0,0,0,0,0
7,13,6,2024-07-13,DL,1421.0,LAX,SFO,420,499,79.0,337.0,0,0,0,0,0
3,19,2,2024-03-19,DL,2534.0,TYS,ATL,827,892,65.0,152.0,0,0,0,0,0
9,9,1,2024-09-09,AS,358.0,PDX,BOS,624,1130,326.0,2537.0,0,0,0,0,0
3,7,4,2024-03-07,OH,5418.0,CLT,TYS,801,875,74.0,177.0,0,0,0,0,0
7,10,3,2024-07-10,DL,654.0,SJC,ATL,375,841,286.0,2116.0,1,0,0,0,0
7,30,2,2024-07-30,NK,653.0,PIT,LAX,425,555,310.0,2136.0,0,0,0,0,0
3,29,5,2024-03-29,F9,3044.0,ORD,MCO,1101,1342,181.0,1005.0,0,0,0,0,0
6,18,2,2024-06-18,AA,676.0,CLT,MSP,1295,1395,160.0,930.0,0,0,0,0,0
8,28,3,2024-08-28,AA,813.0,EWR,DFW,1012,1181,229.0,1372.0,0,0,0,0,0
2,17,6,2024-02-17,OO,4106.0,RNO,LAX,390,510,120.0,391.0,0,0,0,0,0
7,8,1,2024-07-08,AA,1769.0,GEG,PHX,912,1070,158.0,1020.0,0,0,0,0,1
12,8,7,2024-12-08,UA,540.0,ORD,TPA,674,901,167.0,1012.0,1,0,0,0,0
7,31,3,2024-07-31,OH,5029.0,PHL,PVD,1161,1251,90.0,237.0,0,0,0,0,0
7,4,4,2024-07-04,DL,846.0,LGA,DFW,910,1089,239.0,1389.0,0,0,0,0,0
3,4,1,2024-03-04,F9,4922.0,PBI,PHL,1090,1253,163.0,951.0,1,0,0,0,1
5,2,4,2024-05-02,WN,2673.0,BWI,MIA,1020,1185,165.0,946.0,0,0,0,0,0
11,9,6,2024-11-09,AA,1515.0,STL,CLT,368,544,116.0,575.0,0,0,0,0,0
4,13,6,2024-04-13,DL,1036.0,LAX,MCO,635,1104,289.0,2218.0,0,0,0,0,1
11,19,2,2024-11-19,OO,5542.0,PSP,LAX,495,562,67.0,110.0,0,0,0,0,0
6,7,5,2024-06-07,DL,2699.0,MSP,RDU,860,1078,158.0,980.0,0,0,0,0,0
2,16,5,2024-02-16,AA,1929.0,RSW,ORD,702,840,198.0,1120.0,0,0,0,0,0
3,10,7,2024-03-10,WN,1789.0,HNL,KOA,515,570,55.0,163.0,0,0,0,0,0
7,24,3,2024-07-24,UA,2114.0,EWR,MCO,790,961,171.0,937.0,0,0,0,0,0
11,18,1,2024-11-18,WN,185.0,OAK,HOU,335,675,220.0,1642.0,0,0,0,0,0
12,19,4,2024-12-19,WN,3109.0,OMA,MDW,870,955,85.0,423.0,0,0,0,0,0
2,8,4,2024-02-08,DL,1704.0,ATL,DSM,588,663,135.0,743.0,0,0,0,0,0
12,3,2,2024-12-03,OO,4640.0,HSV,DEN,481,624,203.0,1048.0,0,0,0,0,0
8,1,4,2024-08-01,WN,4923.0,MDW,DCA,910,1080,110.0,601.0,0,0,0,0,0
5,8,3,2024-05-08,DL,2980.0,SAV,DTW,776,903,127.0,705.0,0,0,0,0,0
5,23,4,2024-05-23,UA,798.0,DEN,IAD,960,1282,202.0,1452.0,0,0,0,0,0
11,27,3,2024-11-27,OO,6232.0,LAX,DEN,742,948,146.0,862.0,0,0,0,0,0
9,5,4,2024-09-05,DL,2083.0,ATL,LIT,1370,1404,94.0,453.0,0,0,0,0,0
12,31,2,2024-12-31,DL,1480.0,DTW,RSW,1010,1179,169.0,1084.0,1,0,1,0,1
3,20,3,2024-03-20,WN,391.0,MDW,MHT,825,1010,125.0,838.0,0,0,0,0,0
8,14,3,2024-08-14,MQ,3569.0,DFW,GRK,1354,1403,49.0,134.0,0,0,0,0,0
2,22,4,2024-02-22,UA,2683.0,ORD,SAN,790,952,282.0,1723.0,0,0,0,0,0
1,13,6,2024-01-13,DL,1544.0,MSP,MSO,1130,1254,184.0,1013.0,0,0,0,0,0
2,24,6,2024-02-24,DL,496.0,JFK,DFW,1101,1306,265.0,1391.0,0,0,0,0,0
5,10,5,2024-05-10,OO,5320.0,ORD,MKE,1195,1253,58.0,67.0,0,0,0,0,0
9,8,7,2024-09-08,OO,3716.0,BHM,DTW,370,549,119.0,625.0,0,0,0,0,0
2,29,4,2024-02-29,B6,577.0,FLL,SFO,610,812,382.0,2584.0,0,0,1,0,0
7,17,3,2024-07-17,AA,343.0,LEX,DFW,365,442,137.0,785.0,1,0,0,0,0
2,5,1,2024-02-05,MQ,3643.0,MAF,DFW,622,698,76.0,309.0,0,0,0,0,0
4,25,4,2024-04-25,WN,5171.0,MDW,HOU,440,600,160.0,937.0,0,0,0,0,0
8,16,5,2024-08-16,AA,2192.0,DFW,SMF,523,632,229.0,1431.0,0,0,0,0,1
11,8,5,2024-11-08,AA,532.0,ORD,JFK,701,893,132.0,740.0,0,0,0,0,0
9,5,4,2024-09-05,YX,4566.0,BOS,JFK,637,720,83.0,187.0,0,0,0,0,0
5,24,5,2024-05-24,G4,1310.0,HGR,SFB,1243,1370,127.0,780.0,0,0,0,0,0
9,19,4,2024-09-19,AA,1545.0,PHX,BNA,938,1256,198.0,1449.0,0,0,0,0,0
1,3,3,2024-01-03,NK,2337.0,EWR,FLL,892,1085,193.0,1065.0,0,0,0,0,0
1,14,7,2024-01-14,OO,4253.0,SGU,SLC,710,785,75.0,272.0,0,0,0,0,0
7,26,5,2024-07-26,WN,3395.0,MDW,DEN,1305,1400,155.0,895.0,0,0,0,0,0
9,4,3,2024-09-04,UA,238.0,DEN,SFO,1263,1363,160.0,967.0,0,0,0,0,0
9,7,6,2024-09-07,OO,5029.0,JST,ORD,864,915,111.0,487.0,0,0,0,0,0
11,27,3,2024-11-27,DL,1694.0,ATL,TYS,1079,1134,55.0,152.0,0,0,0,0,0
6,16,7,2024-06-16,WN,1552.0,AUS,OKC,1115,1195,80.0,358.0,1,0,0,0,1
7,1,1,2024-07-01,WN,908.0,DEN,DAL,945,1120,115.0,651.0,1,0,1,0,0
10,19,6,2024-10-19,YX,5703.0,BWI,BOS,720,812,92.0,369.0,0,0,0,0,0
5,21,2,2024-05-21,WN,5494.0,LIT,STL,385,455,70.0,296.0,0,0,0,0,0
6,1,6,2024-06-01,WN,4093.0,SAN,SJC,1170,1255,85.0,417.0,0,0,0,0,0
2,12,1,2024-02-12,UA,298.0,AUS,SFO,930,1046,236.0,1504.0,0,0,1,0,0
10,21,1,2024-10-21,DL,2280.0,MSP,MCO,430,691,201.0,1310.0,0,0,0,0,0
10,23,3,2024-10-23,WN,2299.0,GEG,LAS,390,525,135.0,806.0,0,0,0,0,0
8,16,5,2024-08-16,WN,4484.0,ELP,SAT,605,755,90.0,496.0,0,0,0,0,0
8,31,6,2024-08-31,OH,5477.0,CLT,FAY,999,1067,68.0,118.0,0,0,0,0,0
7,9,2,2024-07-09,UA,601.0,ROC,EWR,400,479,79.0,246.0,0,0,0,0,0
9,18,3,2024-09-18,WN,2508.0,DEN,DAL,1175,1355,120.0,651.0,0,0,0,0,0
4,16,2,2024-04-16,OO,4125.0,SMF,SEA,833,954,121.0,605.0,0,1,0,0,0
2,8,4,2024-02-08,NK,182.0,LAS,ORD,59,393,214.0,1514.0,0,0,0,0,0
6,18,2,2024-06-18,DL,2071.0,ATL,MEM,490,509,79.0,332.0,0,0,0,0,0
2,26,1,2024-02-26,AA,1486.0,BUF,CLT,1127,1253,126.0,546.0,0,0,0,0,0
11,7,4,2024-11-07,OO,4674.0,ATW,ORD,945,1028,83.0,160.0,1,0,0,0,0
12,26,4,2024-12-26,WN,690.0,BWI,LAS,615,755,320.0,2106.0,0,0,0,0,0
6,8,6,2024-06-08,AA,1775.0,CLT,DCA,1116,1200,84.0,331.0,0,0,0,0,1
8,2,5,2024-08-02,OO,5267.0,DEN,XNA,588,765,117.0,616.0,0,0,0,0,0
12,6,5,2024-12-06,YX,4584.0,RIC,LGA,607,689,82.0,292.0,0,0,1,0,0
12,16,1,2024-12-16,WN,3070.0,BUR,PHX,735,890,95.0,369.0,0,0,0,0,0
9,7,6,2024-09-07,DL,1516.0,CVG,ATL,970,1065,95.0,373.0,0,0,0,0,0
4,13,6,2024-04-13,UA,2163.0,RDU,IAD,626,699,73.0,224.0,0,0,1,0,0
11,30,6,2024-11-30,NK,440.0,RNO,LAS,1286,1368,82.0,345.0,0,0,0,0,0
4,22,1,2024-04-22,YX,5709.0,JFK,DCA,1169,1268,99.0,213.0,0,0,0,0,0
9,16,1,2024-09-16,AA,1268.0,MIA,DTW,1277,30,193.0,1145.0,0,0,0,0,0
4,11,4,2024-04-11,DL,1699.0,MSP,LAS,420,510,210.0,1299.0,0,0,0,0,0
6,7,5,2024-06-07,B6,82.0,IAH,JFK,757,1034,217.0,1417.0,0,0,0,0,0
8,9,5,2024-08-09,F9,1166.0,PHL,SJU,636,903,267.0,1576.0,0,0,0,0,0
8,18,7,2024-08-18,AA,807.0,AUS,DFW,1237,1308,71.0,190.0,0,0,0,0,0
12,22,7,2024-12-22,AA,519.0,LGA,CLT,420,550,130.0,544.0,1,0,0,0,0
4,26,5,2024-04-26,F9,2473.0,MIA,CLE,1199,1393,194.0,1080.0,0,0,0,0,0
7,25,4,2024-07-25,WN,5874.0,DAL,LBB,1070,1135,65.0,293.0,0,0,0,0,0
2,9,5,2024-02-09,WN,856.0,MKE,LAS,645,770,245.0,1524.0,0,0,0,0,0
1,19,5,2024-01-19,AA,311.0,ORD,BOS,924,1116,132.0,867.0,0,0,0,0,0
8,6,2,2024-08-06,AA,211.0,CLT,TPA,1021,1126,105.0,507.0,0,0,0,0,0
10,6,7,2024-10-06,WN,1725.0,AUS,RDU,915,1135,160.0,1162.0,0,0,0,0,0
6,4,2,2024-06-04,DL,1408.0,ATL,SAT,713,795,142.0,874.0,1,0,1,0,0
3,4,1,2024-03-04,DL,2287.0,SAN,SEA,815,1009,194.0,1050.0,0,0,0,0,0
7,12,5,2024-07-12,OH,5570.0,CLT,SHV,716,801,145.0,764.0,0,0,0,0,0
7,16,2,2024-07-16,YX,4804.0,JFK,RDU,1049,1160,111.0,427.0,0,0,0,0,0
12,30,1,2024-12-30,MQ,3649.0,DFW,RAP,606,696,150.0,835.0,0,0,0,0,0
12,17,2,2024-12-17,NK,1368.0,FLL,PHL,1140,1307,167.0,992.0,0,0,0,0,0
6,14,5,2024-06-14,AA,1118.0,BNA,DFW,696,821,125.0,631.0,0,0,0,0,0
3,15,5,2024-03-15,MQ,3871.0,BOS,ORD,948,1070,182.0,867.0,0,0,0,0,0
3,31,7,2024-03-31,MQ,3845.0,ORD,RDU,610,793,123.0,646.0,0,0,0,0,0
9,14,6,2024-09-14,WN,1737.0,PHX,DEN,1050,1215,105.0,602.0,0,0,0,0,0
4,11,4,2024-04-11,UA,1773.0,RSW,ORD,1180,1315,195.0,1120.0,0,0,0,0,0
2,1,4,2024-02-01,WN,2740.0,MDW,PHL,960,1130,110.0,668.0,0,0,0,0,0
9,8,7,2024-09-08,WN,4530.0,BUR,SJC,515,585,70.0,296.0,0,0,0,0,0
4,15,1,2024-04-15,WN,184.0,DAL,LIT,540,615,75.0,296.0,0,0,0,0,0
2,23,5,2024-02-23,AA,465.0,CLT,SAN,1154,1301,327.0,2077.0,0,0,0,0,0
2,6,2,2024-02-06,WN,3591.0,LAX,STL,405,735,210.0,1592.0,0,0,0,0,0
5,3,5,2024-05-03,AA,2146.0,MSP,CLT,835,1049,154.0,930.0,0,0,0,0,0
12,1,7,2024-12-01,DL,3060.0,ATL,GSO,758,831,73.0,306.0,1,0,0,0,0
4,14,7,2024-04-14,YX,4330.0,ATL,DCA,1229,1340,111.0,547.0,0,0,1,0,0
5,30,4,2024-05-30,WN,4128.0,SAN,SMF,630,730,100.0,480.0,0,0,0,0,0
4,3,3,2024-04-03,MQ,3573.0,MSY,DFW,656,768,112.0,447.0,1,0,0,0,1
9,14,6,2024-09-14,NK,3159.0,MCO,SJU,420,597,177.0,1189.0,0,0,0,0,0
7,16,2,2024-07-16,AA,1008.0,ATL,DFW,1008,1086,138.0,731.0,1,0,1,0,1
2,1,4,2024-02-01,HA,353.0,HNL,LIH,880,922,42.0,102.0,0,0,1,0,1
6,25,2,2024-06-25,WN,2040.0,AUS,ATL,370,565,135.0,813.0,0,0,0,0,0
10,22,2,2024-10-22,OO,3848.0,ELM,DTW,941,1023,82.0,332.0,0,0,0,0,0
2,7,3,2024-02-07,WN,406.0,LAS,BUR,620,690,70.0,223.0,0,0,0,0,0
5,15,3,2024-05-15,AA,1672.0,DFW,MCO,569,788,159.0,985.0,1,0,1,0,0
6,2,7,2024-06-02,AA,2876.0,PHX,GEG,1230,1393,163.0,1020.0,0,0,0,0,0
5,9,4,2024-05-09,WN,330.0,DCA,TPA,540,695,155.0,814.0,0,0,0,0,0
1,7,7,2024-01-07,B6,828.0,MCO,EWR,1095,1259,164.0,937.0,1,0,0,0,0
12,1,7,2024-12-01,WN,2089.0,TPA,DEN,610,735,245.0,1506.0,1,0,1,0,0
1,27,6,2024-01-27,WN,527.0,COS,MDW,425,625,140.0,917.0,1,0,1,0,0
1,18,4,2024-01-18,UA,415.0,IAH,DEN,440,536,156.0,862.0,0,0,0,0,0
2,12,1,2024-02-12,NK,416.0,BNA,LAS,405,536,251.0,1587.0,0,0,0,0,0
6,26,3,2024-06-26,OH,5052.0,ABE,CLT,742,850,108.0,481.0,0,0,0,0,0
8,29,4,2024-08-29,YX,3675.0,EWR,ORF,555,645,90.0,284.0,0,0,0,0,0
12,9,1,2024-12-09,AA,424.0,MSY,CLT,988,1164,116.0,651.0,0,0,1,0,0
5,12,7,2024-05-12,AA,630.0,PHX,ORD,1130,15,205.0,1440.0,0,0,0,0,0
3,15,5,2024-03-15,OH,5105.0,CLT,FAY,1154,1211,57.0,118.0,0,0,0,0,0
8,19,1,2024-08-19,OH,5237.0,DCA,GSO,839,922,83.0,248.0,0,0,0,0,0
5,30,4,2024-05-30,AA,1859.0,DFW,SMF,1273,1375,222.0,1431.0,0,1,1,0,0
7,24,3,2024-07-24,DL,2145.0,MSP,SAN,1130,1239,229.0,1532.0,0,0,0,0,0
11,5,2,2024-11-05,OH,5037.0,SAV,DCA,540,650,110.0,519.0,0,0,0,0,0
7,5,5,2024-07-05,DL,874.0,ATL,BOI,610,758,268.0,1838.0,0,0,0,0,0
9,5,4,2024-09-05,AS,124.0,KTN,SEA,718,894,116.0,680.0,0,0,0,0,0
11,18,1,2024-11-18,WN,1132.0,BDL,BWI,460,540,80.0,283.0,1,0,0,0,0
9,7,6,2024-09-07,DL,2165.0,FLL,JFK,430,609,179.0,1069.0,0,0,0,0,0
11,16,6,2024-11-16,OO,5461.0,DEN,XWA,685,865,120.0,582.0,0,0,0,0,0
11,2,6,2024-11-02,AA,2722.0,RNO,DFW,670,985,195.0,1345.0,0,0,1,0,1
2,21,3,2024-02-21,WN,3208.0,MDW,TPA,470,685,155.0,997.0,0,0,0,0,0
2,24,6,2024-02-24,NK,2907.0,SNA,LAS,885,961,76.0,226.0,1,0,1,0,0
9,26,4,2024-09-26,OO,5933.0,FAT,ORD,1439,372,253.0,1730.0,0,0,0,0,0
4,16,2,2024-04-16,AA,1347.0,IAH,MIA,410,618,148.0,964.0,0,0,0,0,0
6,23,7,2024-06-23,DL,1085.0,SLC,SFO,1245,1310,125.0,599.0,0,0,0,0,0
7,24,3,2024-07-24,WN,2014.0,LAS,LGB,430,500,70.0,231.0,1,0,0,0,0
7,25,4,2024-07-25,DL,2467.0,BOI,MSP,916,1151,175.0,1142.0,1,0,0,0,1
11,26,2,2024-11-26,WN,1909.0,COS,DEN,365,430,65.0,73.0,0,0,0,0,0
9,19,4,2024-09-19,AA,62.0,CLE,ORD,1146,1174,88.0,316.0,0,0,0,0,0
5,14,2,2024-05-14,AA,361.0,ORD,PHX,375,479,224.0,1440.0,0,0,0,0,0
4,12,5,2024-04-12,WN,3709.0,MDW,PHL,1170,1340,110.0,668.0,0,0,0,0,0
7,15,1,2024-07-15,DL,2653.0,LAX,LAS,1360,1434,74.0,236.0,1,0,0,0,1
1,13,6,2024-01-13,DL,1427.0,SFO,LAX,775,867,92.0,337.0,0,0,0,0,0
5,28,2,2024-05-28,UA,1961.0,LAS,IAD,795,1252,277.0,2065.0,1,0,1,0,0
7,2,2,2024-07-02,YX,3700.0,ORF,EWR,1070,1177,107.0,284.0,0,0,0,0,0
9,14,6,2024-09-14,UA,1117.0,EWR,MCO,375,545,170.0,937.0,0,0,0,0,0
9,16,1,2024-09-16,F9,4065.0,DFW,SEA,430,561,251.0,1660.0,0,0,0,0,0
10,13,7,2024-10-13,MQ,4153.0,ORD,RST,790,864,74.0,268.0,1,0,0,0,1
3,11,1,2024-03-11,UA,2610.0,IAH,SFO,885,1031,266.0,1635.0,1,0,0,0,1
12,19,4,2024-12-19,UA,277.0,SFO,IAH,545,897,232.0,1635.0,0,0,0,0,0
8,20,2,2024-08-20,WN,2416.0,AMA,DAL,700,775,75.0,323.0,0,0,0,0,0
10,17,4,2024-10-17,F9,3862.0,SLC,DEN,360,453,93.0,391.0,0,0,0,0,0
6,17,1,2024-06-17,UA,2037.0,IAH,IND,1208,1410,142.0,844.0,1,0,0,0,1
8,24,6,2024-08-24,YX,4313.0,BOS,HHH,770,936,166.0,878.0,0,0,0,0,0
11,10,7,2024-11-10,AA,3125.0,MIA,PHX,1045,1235,310.0,1972.0,0,0,0,0,0
11,3,7,2024-11-03,WN,2416.0,MSY,DEN,710,825,175.0,1062.0,1,0,1,0,1
4,16,2,2024-04-16,WN,363.0,BNA,AUS,1065,1200,135.0,756.0,0,0,0,0,0
1,9,2,2024-01-09,9E,5008.0,PHL,DTW,705,815,110.0,453.0,0,0,0,0,0
3,5,2,2024-03-05,DL,2944.0,PIT,ATL,935,1044,109.0,526.0,0,0,0,0,0
5,6,1,2024-05-06,WN,5382.0,MCO,MSY,485,535,110.0,551.0,0,0,0,0,0
9,2,1,2024-09-02,UA,2194.0,IAH,PIT,730,960,170.0,1117.0,0,0,0,0,0
3,17,7,2024-03-17,B6,2186.0,PIT,BOS,360,470,110.0,496.0,0,0,0,0,0
2,5,1,2024-02-05,AS,606.0,SEA,PHX,1025,1252,167.0,1107.0,0,0,0,0,0
8,23,5,2024-08-23,NK,1494.0,LAX,LAS,860,940,80.0,236.0,0,0,0,0,0
9,12,4,2024-09-12,AA,1790.0,MEM,CLT,555,725,110.0,511.0,0,0,0,0,0
1,21,7,2024-01-21,UA,2448.0,SFO,DEN,390,616,166.0,967.0,0,0,0,0,0
9,30,1,2024-09-30,F9,1691.0,BUF,MCO,725,896,171.0,1011.0,0,0,0,0,0
7,21,7,2024-07-21,OO,5670.0,SFO,MRY,1367,1426,59.0,77.0,0,1,0,0,0
2,1,4,2024-02-01,YX,5600.0,BOS,ORD,1105,1235,190.0,867.0,0,0,0,0,0
8,21,3,2024-08-21,B6,410.0,ACK,LGA,825,905,80.0,202.0,0,0,0,0,0
6,24,1,2024-06-24,OO,4125.0,SMF,SEA,850,972,122.0,605.0,0,0,0,0,0
1,17,3,2024-01-17,WN,2589.0,DCA,MDW,1240,1310,130.0,601.0,0,0,0,0,0
1,5,5,2024-01-05,AA,434.0,CLT,AUS,1295,1417,182.0,1032.0,0,0,0,0,0
5,13,1,2024-05-13,OO,3994.0,MDW,DTW,572,701,69.0,228.0,0,0,0,0,0
2,6,2,2024-02-06,OH,5585.0,PIT,DCA,1193,1272,79.0,204.0,0,0,0,0,0
6,15,6,2024-06-15,WN,2909.0,MCI,DAL,360,450,90.0,461.0,0,0,0,0,0
9,14,6,2024-09-14,F9,1100.0,PHX,ATL,643,1054,231.0,1587.0,0,0,0,0,0
8,6,2,2024-08-06,DL,1257.0,ATL,BWI,1197,1304,107.0,577.0,0,0,1,0,0
6,11,2,2024-06-11,WN,4269.0,STL,MSP,610,700,90.0,448.0,1,0,1,0,0
6,30,7,2024-06-30,UA,1634.0,ORD,SMF,974,1125,271.0,1781.0,1,0,0,0,1
6,17,1,2024-06-17,AS,528.0,SFO,LAX,515,616,101.0,337.0,0,0,0,0,0
2,15,4,2024-02-15,WN,3638.0,SMF,SAN,1200,1290,90.0,480.0,0,0,0,0,1
10,4,5,2024-10-04,WN,4875.0,SMF,LAS,1195,1280,85.0,397.0,0,0,0,0,0
11,28,4,2024-11-28,WN,3874.0,SAN,BNA,485,835,230.0,1751.0,0,0,0,0,0
10,8,2,2024-10-08,F9,2890.0,DEN,AUS,958,1146,128.0,775.0,0,0,0,0,0
2,3,6,2024-02-03,OO,3957.0,DTW,SDF,1250,1338,88.0,306.0,0,0,0,0,0
12,29,7,2024-12-29,WN,1108.0,SFO,SAN,380,470,90.0,447.0,0,0,0,0,0
5,30,4,2024-05-30,AA,1223.0,DCA,LGA,709,776,67.0,214.0,0,0,0,0,0
11,17,7,2024-11-17,DL,978.0,CVG,MSP,990,1052,122.0,596.0,0,0,0,0,0
7,5,5,2024-07-05,WN,3559.0,STL,MCO,985,1190,145.0,882.0,0,0,0,0,0
6,4,2,2024-06-04,WN,5056.0,MEM,DEN,1115,1200,145.0,872.0,0,0,0,0,0
9,14,6,2024-09-14,DL,3109.0,SRQ,ATL,1192,1293,101.0,444.0,0,0,0,0,0
2,22,4,2024-02-22,AA,1526.0,CHS,PHL,666,778,112.0,550.0,0,0,0,0,0
11,12,2,2024-11-12,AA,1396.0,MIA,AUS,1125,1260,195.0,1103.0,1,0,0,0,1
11,23,6,2024-11-23,WN,2037.0,FLL,MDW,1225,1355,190.0,1167.0,0,0,0,0,1
11,15,5,2024-11-15,AA,1495.0,CLT,BWI,680,782,102.0,361.0,0,0,0,0,0
6,1,6,2024-06-01,WN,1171.0,CLE,MCO,710,850,140.0,895.0,0,0,0,0,0
5,19,7,2024-05-19,AS,94.0,ANC,SEA,360,631,211.0,1448.0,0,0,0,0,0
4,8,1,2024-04-08,F9,1482.0,DFW,MCO,455,680,165.0,985.0,1,0,0,0,1
9,12,4,2024-09-12,OH,5198.0,TLH,CLT,826,924,98.0,386.0,0,0,0,0,0
9,29,7,2024-09-29,MQ,3336.0,DFW,TUL,488,567,79.0,237.0,0,0,0,0,0
7,31,3,2024-07-31,UA,2309.0,DEN,SAN,465,547,142.0,853.0,0,0,0,0,0
7,31,3,2024-07-31,UA,1866.0,DEN,PHX,689,744,115.0,602.0,0,0,0,0,0
9,14,6,2024-09-14,WN,2458.0,SAN,MCI,630,945,195.0,1334.0,0,0,0,0,0
9,30,1,2024-09-30,OO,5086.0,DDC,DEN,1150,1172,82.0,292.0,0,0,0,0,0
3,30,6,2024-03-30,DL,949.0,DEN,JFK,780,1124,224.0,1626.0,0,0,0,0,0
4,2,2,2024-04-02,UA,763.0,TPA,ORD,1250,1374,184.0,1012.0,0,0,0,0,0
11,18,1,2024-11-18,UA,1168.0,SLC,IAH,420,668,188.0,1195.0,1,0,0,0,0
1,6,6,2024-01-06,WN,1936.0,KOA,OGG,885,925,40.0,84.0,0,0,0,0,0
6,5,3,2024-06-05,OO,4015.0,GRB,MSP,710,784,74.0,252.0,1,0,0,0,0
11,25,1,2024-11-25,DL,376.0,BOS,ATL,730,908,178.0,946.0,0,0,0,0,0
12,8,7,2024-12-08,YX,5655.0,BOS,CLE,1254,1388,134.0,563.0,0,0,0,0,0
2,16,5,2024-02-16,WN,1644.0,MDW,PIT,795,935,80.0,402.0,0,0,0,0,0
10,15,2,2024-10-15,OO,4912.0,PHX,SMF,828,956,128.0,647.0,0,0,0,0,0
5,25,6,2024-05-25,AA,1396.0,BNA,DFW,811,939,128.0,631.0,1,0,0,0,1
6,26,3,2024-06-26,OO,6233.0,ASE,AUS,775,977,142.0,812.0,0,0,0,0,0
2,29,4,2024-02-29,WN,3573.0,HOU,HRL,525,595,70.0,277.0,0,0,0,0,0
2,4,7,2024-02-04,DL,1513.0,BOS,MCO,1190,1393,203.0,1121.0,0,0,0,0,0
3,28,4,2024-03-28,WN,2016.0,MEM,HOU,695,805,110.0,484.0,0,0,0,0,0
10,27,7,2024-10-27,NK,3735.0,SMF,BUR,736,806,70.0,358.0,0,0,1,0,0
3,1,5,2024-03-01,WN,5444.0,BOS,MDW,410,525,175.0,861.0,0,0,0,0,0
3,17,7,2024-03-17,OO,5323.0,DEN,BOI,465,603,138.0,649.0,0,0,0,0,0
7,7,7,2024-07-07,UA,2663.0,IAH,RSW,1095,1299,144.0,861.0,1,0,1,0,1
9,8,7,2024-09-08,WN,1771.0,STL,LGA,1100,1305,145.0,888.0,0,0,0,0,0
7,20,6,2024-07-20,OO,3754.0,SEA,GEG,625,706,81.0,224.0,0,0,0,0,0
11,11,1,2024-11-11,AA,2943.0,FLL,DCA,1119,1269,150.0,899.0,0,0,1,0,1
5,28,2,2024-05-28,DL,1443.0,TPA,LGA,670,832,162.0,1010.0,0,0,0,0,0
11,8,5,2024-11-08,OO,4873.0,ELP,PHX,930,1020,90.0,347.0,0,0,0,0,0
3,11,1,2024-03-11,OH,5581.0,PHL,CLE,990,1086,96.0,363.0,0,0,0,0,0
1,10,3,2024-01-10,WN,101.0,DCA,STL,840,920,140.0,719.0,0,0,0,0,0
9,13,5,2024-09-13,WN,1265.0,MDW,ORF,1095,1275,120.0,704.0,1,0,1,0,0
3,10,7,2024-03-10,WN,1524.0,OGG,HNL,805,855,50.0,100.0,0,0,0,0,0
10,12,6,2024-10-12,B6,392.0,TPA,BOS,445,630,185.0,1185.0,0,0,0,0,0
10,23,3,2024-10-23,AS,611.0,PHX,SEA,360,547,187.0,1107.0,0,0,0,0,0
8,18,7,2024-08-18,AA,2970.0,ORD,PHL,310,487,117.0,678.0,0,0,0,0,0
9,16,1,2024-09-16,AS,61.0,CDV,ANC,816,869,53.0,160.0,0,0,0,0,0
11,29,5,2024-11-29,AS,1306.0,SEA,LAX,480,648,168.0,954.0,0,0,0,0,0
6,7,5,2024-06-07,OO,5350.0,DEN,SAF,1230,1310,80.0,303.0,0,0,1,0,0
2,6,2,2024-02-06,OO,3978.0,ATL,CSG,1260,1310,50.0,83.0,0,1,0,0,0
4,10,3,2024-04-10,MQ,3544.0,CLE,ORD,895,929,94.0,316.0,0,0,0,0,0
12,25,3,2024-12-25,NK,3130.0,BNA,MCO,1159,1341,122.0,616.0,0,0,0,0,0
8,15,4,2024-08-15,MQ,3489.0,DFW,LBB,1003,1075,72.0,282.0,1,0,1,0,0
5,19,7,2024-05-19,WN,4026.0,LAS,RNO,885,975,90.0,345.0,0,0,0,0,0
6,7,5,2024-06-07,UA,1264.0,BNA,IAH,520,652,132.0,657.0,0,0,0,0,0
11,7,4,2024-11-07,MQ,3596.0,BOS,CVG,615,768,153.0,752.0,0,0,0,0,0
4,9,2,2024-04-09,NK,3153.0,MSY,TPA,999,1152,93.0,488.0,0,0,0,0,0
6,28,5,2024-06-28,UA,2290.0,EWR,ORD,540,635,155.0,719.0,0,0,0,0,0
7,27,6,2024-07-27,WN,4617.0,MDW,MYR,480,660,120.0,738.0,0,0,0,0,0
10,29,2,2024-10-29,AA,1139.0,BNA,MIA,331,529,138.0,806.0,1,0,0,0,0
7,9,2,2024-07-09,WN,4749.0,MDW,AUS,805,955,150.0,972.0,1,0,1,0,0
7,8,1,2024-07-08,9E,5246.0,ABE,ATL,1071,1204,133.0,692.0,0,0,0,0,0
9,6,5,2024-09-06,MQ,3920.0,DFW,MHK,605,699,94.0,431.0,0,0,0,0,0
7,27,6,2024-07-27,AA,1170.0,COS,DFW,1014,1185,111.0,592.0,0,0,0,0,0
10,28,1,2024-10-28,YX,5682.0,BOS,DCA,860,975,115.0,399.0,0,0,0,0,0
4,2,2,2024-04-02,NK,1786.0,ORD,LAX,1026,1192,286.0,1744.0,0,0,0,0,0
8,9,5,2024-08-09,UA,650.0,ORF,DEN,500,617,237.0,1553.0,0,0,0,0,0
11,23,6,2024-11-23,WN,1229.0,SNA,LAS,495,565,70.0,226.0,0,0,0,0,0
5,25,6,2024-05-25,MQ,3827.0,ECP,DFW,1058,1194,136.0,685.0,0,0,0,0,0
7,11,4,2024-07-11,UA,589.0,BZN,SFO,940,1030,150.0,807.0,0,0,0,0,0
5,9,4,2024-05-09,WN,5987.0,RNO,PHX,905,1005,100.0,601.0,0,0,0,0,0
6,1,6,2024-06-01,DL,2503.0,RIC,DTW,350,456,106.0,456.0,0,0,0,0,0
7,24,3,2024-07-24,UA,1914.0,FLL,DEN,952,1100,268.0,1703.0,1,0,0,0,1
8,17,6,2024-08-17,WN,820.0,OAK,LAX,420,505,85.0,337.0,0,0,0,0,0
5,16,4,2024-05-16,B6,973.0,RNO,LAX,559,655,96.0,391.0,0,0,0,0,0
8,9,5,2024-08-09,DL,2132.0,MSP,SMF,1315,1424,229.0,1517.0,1,0,1,0,0
6,25,2,2024-06-25,AA,384.0,PIT,CLT,416,505,89.0,366.0,0,0,0,0,0
3,27,3,2024-03-27,MQ,3505.0,XNA,DFW,995,1083,88.0,280.0,0,0,0,0,0
4,18,4,2024-04-18,AA,365.0,PHX,LAS,1238,1311,73.0,255.0,0,0,0,0,0
9,25,3,2024-09-25,MQ,3955.0,CLT,ILM,779,842,63.0,185.0,0,0,0,0,0
6,24,1,2024-06-24,OO,3812.0,LAX,SMF,780,866,86.0,373.0,0,0,0,0,0
6,19,3,2024-06-19,OO,3905.0,DTW,PIT,515,583,68.0,201.0,0,0,0,0,0
12,6,5,2024-12-06,WN,1770.0,PHX,DEN,740,845,105.0,602.0,1,0,1,0,0
4,13,6,2024-04-13,G4,2871.0,SFB,PBG,455,637,182.0,1175.0,0,0,0,0,0
9,23,1,2024-09-23,WN,1498.0,SAN,MDW,1060,1415,235.0,1728.0,0,0,0,0,0
10,16,3,2024-10-16,AA,1433.0,TUL,CLT,432,628,136.0,842.0,0,0,0,0,0
8,4,7,2024-08-04,9E,5526.0,LFT,ATL,691,859,108.0,503.0,0,0,0,0,0
12,13,5,2024-12-13,WN,4387.0,BWI,CHS,1040,1145,105.0,472.0,0,0,0,0,0
5,22,3,2024-05-22,DL,2514.0,MSP,FCA,1314,1420,166.0,1026.0,0,0,0,0,0
1,26,5,2024-01-26,DL,358.0,RDU,SEA,455,645,370.0,2354.0,0,0,0,0,0
7,21,7,2024-07-21,AA,1669.0,DFW,LAX,995,1062,187.0,1235.0,1,0,0,0,0
5,27,1,2024-05-27,WN,3409.0,ABQ,OAK,360,450,150.0,889.0,1,0,0,0,0
12,3,2,2024-12-03,WN,1764.0,AUS,MSY,635,715,80.0,444.0,0,0,0,0,0
5,11,6,2024-05-11,WN,1467.0,DAL,STL,1155,1255,100.0,546.0,0,0,0,0,0
11,23,6,2024-11-23,AS,649.0,KOA,SJC,959,1393,314.0,2384.0,0,0,0,0,0
10,6,7,2024-10-06,WN,994.0,BWI,TPA,955,1105,150.0,842.0,1,0,0,0,1
1,18,4,2024-01-18,OH,5278.0,DCA,PNS,765,862,157.0,816.0,1,0,1,0,1
11,29,5,2024-11-29,OO,4786.0,PSP,SFO,915,1016,101.0,421.0,0,0,0,0,0
8,7,3,2024-08-07,AA,1381.0,DFW,GEG,601,697,216.0,1477.0,1,0,1,0,1
2,12,1,2024-02-12,AA,1103.0,CLT,TPA,1157,1258,101.0,507.0,0,0,1,0,1
5,29,3,2024-05-29,WN,5074.0,DEN,ATL,355,650,175.0,1199.0,0,0,0,0,0
10,28,1,2024-10-28,WN,3448.0,SJC,DAL,1075,1400,205.0,1450.0,0,0,0,0,0
12,8,7,2024-12-08,DL,3159.0,BNA,ATL,892,1016,64.0,214.0,0,0,0,0,0
6,11,2,2024-06-11,DL,2070.0,SLC,CLT,703,1058,235.0,1727.0,0,0,0,0,0
7,2,2,2024-07-02,YX,4332.0,EYW,DCA,725,894,169.0,1023.0,0,0,0,0,0
8,27,2,2024-08-27,YX,4735.0,LGA,BNA,454,540,146.0,764.0,0,0,0,0,0
2,20,2,2024-02-20,OH,5398.0,DCA,STL,987,1079,152.0,719.0,0,0,0,0,1
10,13,7,2024-10-13,UA,791.0,XNA,DEN,540,606,126.0,616.0,0,0,0,0,0
4,21,7,2024-04-21,UA,1878.0,ORD,SFO,791,961,290.0,1846.0,1,0,0,0,1
6,17,1,2024-06-17,NK,2804.0,LAX,ORD,1417,349,252.0,1744.0,0,0,0,0,0
12,20,5,2024-12-20,HA,205.0,OGG,HNL,660,708,48.0,100.0,0,0,0,0,0
11,10,7,2024-11-10,UA,2680.0,DEN,SMF,818,919,161.0,909.0,0,0,0,0,0
6,25,2,2024-06-25,DL,1486.0,TPA,ATL,385,477,92.0,406.0,0,0,0,0,0
5,10,5,2024-05-10,AA,2922.0,RSW,CLT,475,592,117.0,600.0,0,0,0,0,0
8,28,3,2024-08-28,OH,5035.0,MHT,CLT,335,481,146.0,737.0,0,0,0,0,0
6,18,2,2024-06-18,OO,6248.0,PHX,TUS,1221,1270,49.0,110.0,0,0,0,0,0
6,4,2,2024-06-04,UA,2447.0,AUS,DEN,883,960,137.0,775.0,0,0,1,0,0
4,19,5,2024-04-19,OO,4062.0,MGM,ATL,1079,1204,65.0,147.0,0,0,0,0,0
4,10,3,2024-04-10,UA,402.0,CLT,EWR,690,805,115.0,529.0,0,0,0,0,0
11,12,2,2024-11-12,HA,39.0,PDX,OGG,520,760,360.0,2562.0,0,0,0,0,0
7,18,4,2024-07-18,9E,4910.0,MCI,JFK,603,839,176.0,1113.0,0,0,0,0,0
11,9,6,2024-11-09,NK,1099.0,DFW,MCO,1081,1307,166.0,985.0,0,0,0,0,0
9,2,1,2024-09-02,DL,2124.0,CHS,ATL,405,474,69.0,259.0,0,0,0,0,0
6,3,1,2024-06-03,DL,2315.0,ATL,ECP,501,506,65.0,240.0,0,0,0,0,0
4,25,4,2024-04-25,DL,2754.0,AUS,SEA,865,1020,275.0,1770.0,0,0,0,0,0
6,7,5,2024-06-07,AA,1935.0,CLT,LAS,993,1090,277.0,1916.0,0,0,0,0,0
4,3,3,2024-04-03,OO,3802.0,BOI,SEA,325,372,107.0,399.0,0,0,0,0,0
9,19,4,2024-09-19,OO,6185.0,DEN,LAX,1072,1185,173.0,862.0,0,0,0,0,0
2,7,3,2024-02-07,UA,1318.0,ATL,IAH,965,1045,140.0,689.0,0,0,0,0,0
9,5,4,2024-09-05,UA,220.0,EWR,RDU,1130,1234,104.0,416.0,0,0,0,0,1
12,5,4,2024-12-05,WN,2515.0,BUR,SMF,585,675,90.0,358.0,0,0,0,0,0
10,5,6,2024-10-05,DL,2913.0,GRR,MSP,440,475,95.0,408.0,0,0,0,0,0
5,5,7,2024-05-05,WN,5218.0,LAS,HNL,540,740,380.0,2762.0,0,0,0,0,0
3,11,1,2024-03-11,WN,5252.0,MDW,AUS,960,1125,165.0,972.0,0,0,0,0,1
1,7,7,2024-01-07,WN,3136.0,MDW,TPA,485,700,155.0,997.0,0,0,1,0,0
5,26,7,2024-05-26,OH,5463.0,RIC,CLT,990,1068,78.0,257.0,0,1,0,0,1
1,1,1,2024-01-01,WN,2962.0,PHX,ORD,715,985,210.0,1440.0,0,0,0,0,0
11,12,2,2024-11-12,WN,1386.0,BZN,LAS,810,880,130.0,701.0,0,0,0,0,0
1,13,6,2024-01-13,AS,355.0,FLL,SAN,1010,1176,346.0,2269.0,0,0,1,0,0
5,3,5,2024-05-03,DL,2250.0,SLC,STL,1260,46,166.0,1156.0,1,0,1,0,0
9,25,3,2024-09-25,UA,2011.0,IAH,DFW,881,962,81.0,224.0,1,0,0,0,0
9,28,6,2024-09-28,B6,392.0,TPA,BOS,445,630,185.0,1185.0,0,0,0,0,0
8,21,3,2024-08-21,OO,5096.0,RKS,DEN,620,692,72.0,260.0,0,0,0,0,0
4,2,2,2024-04-02,B6,2202.0,FLL,JFK,1106,1290,184.0,1069.0,0,0,0,0,0
8,30,5,2024-08-30,MQ,3445.0,EVV,DFW,960,1089,129.0,642.0,0,0,0,0,0
10,28,1,2024-10-28,OO,5225.0,ORD,MKE,947,1004,57.0,67.0,1,0,0,0,0
1,11,4,2024-01-11,9E,5068.0,LGA,CLT,360,493,133.0,544.0,0,0,0,0,0
6,29,6,2024-06-29,DL,3141.0,CHA,ATL,955,1016,61.0,106.0,0,0,1,0,0
8,26,1,2024-08-26,UA,2187.0,ORD,DEN,870,972,162.0,888.0,0,0,0,0,0
3,3,7,2024-03-03,WN,1288.0,LIH,HNL,870,915,45.0,102.0,0,0,0,0,0
2,12,1,2024-02-12,UA,1626.0,EWR,SAN,1049,1247,378.0,2425.0,0,0,0,0,0
5,8,3,2024-05-08,AS,197.0,PDX,ANC,1305,24,219.0,1542.0,0,0,0,0,0
5,19,7,2024-05-19,WN,6154.0,MDW,CLT,1275,5,110.0,584.0,1,0,0,0,1
8,19,1,2024-08-19,NK,704.0,ACY,MYR,1017,1106,89.0,466.0,0,0,0,0,0
8,10,6,2024-08-10,UA,2629.0,SAT,ORD,420,595,175.0,1041.0,0,0,0,0,0
3,13,3,2024-03-13,WN,3211.0,SAN,OAK,830,925,95.0,446.0,0,0,0,0,0
3,16,6,2024-03-16,9E,4971.0,MCI,DTW,1080,1254,114.0,629.0,0,0,0,0,0
10,15,2,2024-10-15,OO,5213.0,GRB,ORD,646,725,79.0,173.0,0,0,0,0,0
4,26,5,2024-04-26,UA,1550.0,SEA,SFO,990,1127,137.0,679.0,0,0,0,0,0
8,23,5,2024-08-23,AA,1636.0,ORD,IAH,605,779,174.0,925.0,0,0,0,0,0
5,28,2,2024-05-28,MQ,3552.0,ORD,TUL,1230,1352,122.0,585.0,0,0,0,0,1
10,26,6,2024-10-26,UA,1966.0,AUS,IAH,315,371,56.0,140.0,0,0,0,0,0
4,12,5,2024-04-12,AA,1373.0,DFW,FLL,765,988,163.0,1119.0,0,0,0,0,0
9,6,5,2024-09-06,DL,663.0,ATL,SLC,717,835,238.0,1590.0,0,0,0,0,0
6,19,3,2024-06-19,UA,688.0,BOS,DEN,1240,1404,284.0,1754.0,0,0,0,0,0
4,18,4,2024-04-18,OH,5067.0,ATL,CLT,1095,1180,85.0,226.0,0,0,0,0,0
8,30,5,2024-08-30,OH,5519.0,CLT,TUL,700,794,154.0,842.0,0,0,0,0,0
11,24,7,2024-11-24,AA,2285.0,SNA,ORD,700,1064,244.0,1726.0,0,0,0,0,0
6,2,7,2024-06-02,UA,571.0,IAH,SFO,923,1043,240.0,1635.0,0,0,1,0,1
8,17,6,2024-08-17,OO,3745.0,TUS,SLC,360,535,115.0,601.0,0,0,0,0,0
3,17,7,2024-03-17,AA,402.0,DFW,PHL,510,759,189.0,1303.0,0,0,0,0,0
11,28,4,2024-11-28,OO,5662.0,SFO,FAT,505,573,68.0,158.0,0,1,0,0,0
7,10,3,2024-07-10,OH,5647.0,PNS,DCA,661,861,140.0,816.0,0,0,0,0,0
10,20,7,2024-10-20,AA,2843.0,RIC,CLT,1097,1185,88.0,257.0,0,0,0,0,0
5,31,5,2024-05-31,AS,332.0,DTW,SEA,420,529,289.0,1927.0,0,0,0,0,0
9,9,1,2024-09-09,AA,3077.0,ORF,CLT,1213,1297,84.0,290.0,0,0,0,0,1
5,19,7,2024-05-19,AA,2502.0,PHL,MCO,833,987,154.0,861.0,1,0,1,0,1
6,3,1,2024-06-03,DL,344.0,SEA,LIH,947,1140,373.0,2701.0,0,0,0,0,0
6,29,6,2024-06-29,AA,1986.0,CLT,PHX,586,676,270.0,1773.0,0,0,0,0,0
9,19,4,2024-09-19,UA,2617.0,MIA,ORD,965,1109,204.0,1197.0,0,0,1,0,0
5,16,4,2024-05-16,WN,481.0,BNA,CHS,955,1100,85.0,439.0,0,0,0,0,0
7,11,4,2024-07-11,DL,974.0,LGA,ATL,900,1059,159.0,762.0,0,0,0,0,0
5,9,4,2024-05-09,UA,219.0,ORD,HNL,585,837,552.0,4243.0,0,0,0,0,0
3,16,6,2024-03-16,MQ,3785.0,FAR,ORD,304,432,128.0,557.0,0,0,0,0,0
3,9,6,2024-03-09,UA,438.0,DCA,ORD,480,563,143.0,612.0,0,0,0,0,0
10,16,3,2024-10-16,WN,599.0,MCO,BUF,505,655,150.0,1011.0,0,0,0,0,0
3,12,2,2024-03-12,G4,3172.0,FNT,SRQ,480,664,184.0,1075.0,0,0,0,0,0
10,29,2,2024-10-29,UA,1299.0,ORD,LGA,430,617,127.0,733.0,0,0,0,0,0
3,15,5,2024-03-15,NK,1232.0,FLL,ATL,1337,10,113.0,581.0,0,0,0,0,0
11,21,4,2024-11-21,WN,4311.0,TPA,BWI,1265,1400,135.0,842.0,0,0,0,0,0
11,3,7,2024-11-03,UA,2440.0,BDL,IAD,360,447,87.0,325.0,0,0,0,0,0
2,26,1,2024-02-26,YX,3537.0,PIT,EWR,685,780,95.0,319.0,0,0,0,0,0
11,26,2,2024-11-26,DL,536.0,DFW,BOS,425,711,226.0,1562.0,0,0,0,0,0
5,31,5,2024-05-31,DL,2813.0,SAN,SEA,925,1105,180.0,1050.0,0,0,0,0,0
2,24,6,2024-02-24,UA,1623.0,EWR,AUS,720,916,256.0,1504.0,0,0,0,0,0
10,10,4,2024-10-10,DL,1528.0,JFK,MIA,420,610,190.0,1089.0,0,0,1,0,0
11,3,7,2024-11-03,OO,5513.0,CPR,DEN,330,422,92.0,230.0,0,0,0,0,0
11,30,6,2024-11-30,AA,2253.0,OKC,DFW,876,944,68.0,175.0,1,0,0,0,1
6,30,7,2024-06-30,UA,1101.0,DEN,IAD,465,791,206.0,1452.0,0,0,0,0,0
9,18,3,2024-09-18,AS,1228.0,SEA,SNA,830,999,169.0,978.0,0,0,0,0,0
4,11,4,2024-04-11,AA,323.0,BNA,MIA,1111,1310,139.0,806.0,0,0,0,0,1
5,16,4,2024-05-16,DL,2798.0,MSP,EWR,801,1021,160.0,1008.0,0,0,1,0,0
12,3,2,2024-12-03,OO,5620.0,MRY,DEN,760,983,163.0,959.0,0,0,0,0,0
3,4,1,2024-03-04,AA,1432.0,BOS,PHL,965,1060,95.0,280.0,0,0,0,0,0
3,27,3,2024-03-27,UA,2121.0,STL,IAH,1080,1213,133.0,667.0,0,0,0,0,0
7,29,1,2024-07-29,DL,2933.0,AUS,JFK,945,1259,254.0,1521.0,0,0,0,0,0
5,9,4,2024-05-09,AA,2316.0,CLT,BWI,666,751,85.0,361.0,1,0,1,0,1
2,21,3,2024-02-21,UA,2679.0,EWR,LAX,600,807,387.0,2454.0,0,0,0,0,0
9,22,7,2024-09-22,AA,598.0,SAN,CLT,435,906,291.0,2077.0,0,1,1,0,0
9,19,4,2024-09-19,AS,1315.0,LAX,PDX,720,868,148.0,834.0,0,0,0,0,0
12,29,7,2024-12-29,WN,2429.0,RSW,MKE,985,1105,180.0,1183.0,0,0,1,0,1
4,16,2,2024-04-16,WN,3389.0,MDW,MSY,455,585,130.0,825.0,0,0,0,0,0
5,12,7,2024-05-12,G4,772.0,LAX,MEM,450,794,224.0,1619.0,0,0,0,0,0
2,9,5,2024-02-09,F9,3085.0,BNA,PHX,804,1002,258.0,1449.0,0,0,0,0,0
7,31,3,2024-07-31,WN,2073.0,DAL,MIA,730,960,170.0,1109.0,0,0,0,0,0
9,26,4,2024-09-26,DL,2914.0,ATL,SDF,1275,1353,78.0,321.0,1,0,0,0,0
8,16,5,2024-08-16,YX,5659.0,JFK,CMH,910,1032,122.0,483.0,0,0,0,0,0
3,17,7,2024-03-17,DL,2407.0,JAN,ATL,737,875,78.0,341.0,0,0,0,0,0
4,27,6,2024-04-27,UA,1205.0,KOA,LAX,790,1291,321.0,2504.0,0,0,0,0,0
11,23,6,2024-11-23,DL,2027.0,RDU,LAS,445,570,305.0,2026.0,0,0,0,0,0
10,29,2,2024-10-29,AA,402.0,SFO,DFW,344,675,211.0,1464.0,0,0,0,0,0
11,24,7,2024-11-24,WN,948.0,DAL,DEN,835,900,125.0,651.0,0,0,0,0,0
4,1,1,2024-04-01,UA,295.0,RIC,DEN,490,609,239.0,1482.0,1,0,1,0,0
3,25,1,2024-03-25,DL,2925.0,ORF,ATL,984,1104,120.0,516.0,0,0,0,0,0
6,5,3,2024-06-05,WN,39.0,DAL,HOU,960,1030,70.0,239.0,1,0,0,0,1
11,17,7,2024-11-17,MQ,3673.0,GSO,ORD,375,445,130.0,589.0,0,0,0,0,0
4,14,7,2024-04-14,DL,2974.0,MSP,PHX,665,743,198.0,1276.0,0,0,0,0,0
1,12,5,2024-01-12,UA,482.0,EWR,LAS,542,718,356.0,2227.0,0,0,0,0,0
5,31,5,2024-05-31,9E,4983.0,JAX,JFK,420,563,143.0,828.0,0,0,0,0,0
8,2,5,2024-08-02,NK,3377.0,MSY,LAS,688,792,224.0,1500.0,0,0,0,0,0
12,5,4,2024-12-05,OH,5276.0,PHL,MEM,1150,1271,181.0,875.0,1,0,0,0,1
12,12,4,2024-12-12,NK,288.0,LAS,OAK,779,878,99.0,407.0,0,0,0,0,0
9,5,4,2024-09-05,OO,3491.0,SFO,LAX,865,961,96.0,337.0,0,0,0,0,0
2,16,5,2024-02-16,WN,1904.0,FLL,BWI,1065,1215,150.0,925.0,0,0,0,0,0
7,19,5,2024-07-19,MQ,3371.0,MIA,XNA,1315,1439,184.0,1099.0,0,0,0,0,0
6,12,3,2024-06-12,WN,2821.0,MSP,BWI,1005,1205,140.0,936.0,1,0,0,0,1
7,30,2,2024-07-30,OH,5309.0,CLT,GNV,1341,1439,98.0,388.0,0,0,1,0,1
12,1,7,2024-12-01,MQ,3339.0,ORD,BWI,1125,1315,130.0,622.0,1,0,0,0,1
5,30,4,2024-05-30,B6,1091.0,FLL,BQN,600,747,147.0,982.0,0,0,0,0,0
2,21,3,2024-02-21,UA,239.0,PDX,DEN,533,748,155.0,991.0,0,0,0,0,0
1,12,5,2024-01-12,WN,2392.0,CRP,HOU,640,700,60.0,187.0,0,0,0,0,0
5,21,2,2024-05-21,AS,1208.0,PDX,LAX,1195,1341,146.0,834.0,0,0,0,0,0
11,29,5,2024-11-29,DL,686.0,MEM,ATL,1066,1210,84.0,332.0,0,0,0,0,0
3,14,4,2024-03-14,DL,2452.0,FAR,MSP,465,543,78.0,223.0,0,0,0,0,0
12,11,3,2024-12-11,OO,6428.0,PHX,DRO,995,1073,78.0,351.0,0,0,1,0,1
11,7,4,2024-11-07,WN,5051.0,PHX,SAN,485,500,75.0,304.0,0,0,0,0,0
2,16,5,2024-02-16,WN,2002.0,PHX,DEN,910,1015,105.0,602.0,1,0,0,0,1
1,30,2,2024-01-30,AS,234.0,FAI,SEA,420,703,223.0,1533.0,0,0,0,0,0
7,9,2,2024-07-09,WN,1902.0,DAL,DEN,625,685,120.0,651.0,0,0,0,0,0
6,20,4,2024-06-20,AA,1277.0,ORD,MIA,1134,1401,207.0,1197.0,0,0,0,0,0
8,25,7,2024-08-25,DL,1686.0,ATL,ECP,1117,1126,69.0,240.0,0,0,0,0,0
7,2,2,2024-07-02,WN,3526.0,STL,PHL,1175,1365,130.0,814.0,1,0,1,0,0
4,7,7,2024-04-07,NK,1828.0,LAX,ATL,1429,420,251.0,1947.0,1,0,1,0,1
4,10,3,2024-04-10,9E,5252.0,JFK,SAV,480,635,155.0,718.0,0,0,0,0,0
12,25,3,2024-12-25,9E,5003.0,LGA,TYS,770,912,142.0,647.0,0,0,0,0,0
12,5,4,2024-12-05,OO,5622.0,DEN,LNK,1050,1202,92.0,423.0,0,0,0,0,0
1,17,3,2024-01-17,DL,1363.0,SAN,SEA,1135,1331,196.0,1050.0,0,0,0,0,0
5,4,6,2024-05-04,WN,3602.0,ONT,DEN,680,875,135.0,819.0,0,0,0,0,1
7,17,3,2024-07-17,AA,1511.0,ORD,MIA,740,987,187.0,1197.0,0,0,1,0,1
12,9,1,2024-12-09,AA,1770.0,FAT,DFW,758,1067,189.0,1313.0,0,0,0,0,0
3,13,3,2024-03-13,OO,3427.0,SFO,SAN,980,1074,94.0,447.0,0,0,0,0,0
5,21,2,2024-05-21,AA,2130.0,PHL,PHX,1064,1190,306.0,2075.0,0,0,0,0,0
7,4,4,2024-07-04,HA,107.0,KOA,HNL,360,407,47.0,163.0,0,0,0,0,0
2,24,6,2024-02-24,WN,2960.0,SMF,LAS,1195,1280,85.0,397.0,0,0,0,0,0
10,3,4,2024-10-03,DL,2114.0,MSP,LAX,775,897,242.0,1535.0,0,0,0,0,0
6,9,7,2024-06-09,MQ,3975.0,ORD,RAP,762,846,144.0,779.0,0,0,0,0,0
7,22,1,2024-07-22,F9,1668.0,CVG,TPA,375,510,135.0,773.0,0,0,0,0,0
5,8,3,2024-05-08,MQ,3337.0,DFW,ICT,1111,1190,79.0,328.0,0,0,0,0,0
4,19,5,2024-04-19,DL,2638.0,AUS,DTW,940,1175,175.0,1149.0,0,0,0,0,1
9,26,4,2024-09-26,WN,4781.0,LAS,SJC,845,945,100.0,386.0,0,0,0,0,0
10,24,4,2024-10-24,AS,386.0,SEA,MSP,1125,1439,194.0,1399.0,0,0,0,0,0
1,1,1,2024-01-01,DL,2535.0,SLC,SNA,931,996,125.0,588.0,0,0,0,0,0
7,9,2,2024-07-09,DL,391.0,ATL,RNO,1173,1268,275.0,1993.0,1,1,0,0,1
6,30,7,2024-06-30,9E,5114.0,RDU,BNA,445,490,105.0,442.0,0,0,0,0,0
1,31,3,2024-01-31,AA,1828.0,DFW,FAT,497,593,216.0,1313.0,0,0,0,0,0
1,29,1,2024-01-29,WN,169.0,ALB,MCO,965,1150,185.0,1073.0,1,0,0,0,1
9,3,2,2024-09-03,OH,5334.0,PHL,TYS,852,965,113.0,554.0,0,0,0,0,0
5,24,5,2024-05-24,WN,4704.0,PHX,STL,1255,105,170.0,1262.0,0,0,0,0,0
8,1,4,2024-08-01,DL,2162.0,BHM,ATL,320,444,64.0,134.0,0,0,0,0,0
4,7,7,2024-04-07,AA,2208.0,PBI,CLT,825,945,120.0,590.0,0,0,0,0,0
5,26,7,2024-05-26,OH,5463.0,CLT,RIC,881,960,79.0,257.0,1,0,0,0,1
4,29,1,2024-04-29,F9,3021.0,ATL,DFW,1117,1228,171.0,731.0,0,0,0,0,1
11,30,6,2024-11-30,HA,204.0,LIH,HNL,670,712,42.0,102.0,0,0,0,0,0
8,11,7,2024-08-11,DL,2695.0,MSP,MSY,863,1027,164.0,1039.0,1,0,0,0,0
5,4,6,2024-05-04,OO,3926.0,DTW,ELM,743,818,75.0,332.0,0,0,0,0,0
4,23,2,2024-04-23,9E,5492.0,LGA,PVD,1310,1377,67.0,143.0,0,0,0,0,0
9,10,2,2024-09-10,OO,4957.0,DFW,ICT,860,946,86.0,328.0,0,0,0,0,0
7,19,5,2024-07-19,WN,1463.0,SAN,OAK,1060,1150,90.0,446.0,1,0,0,0,1
10,22,2,2024-10-22,AA,2758.0,LAX,ORD,1388,320,252.0,1744.0,0,0,0,0,0
3,18,1,2024-03-18,WN,1527.0,OGG,HNL,1145,1190,45.0,100.0,0,0,0,0,0
10,1,2,2024-10-01,F9,3517.0,TPA,DEN,671,794,243.0,1506.0,0,0,0,0,0
10,2,3,2024-10-02,YX,5615.0,BOS,SDF,575,729,154.0,829.0,0,0,0,0,0
7,1,1,2024-07-01,WN,5037.0,BNA,SAV,980,1125,85.0,417.0,0,0,0,0,0
5,21,2,2024-05-21,NK,667.0,BWI,DFW,1322,20,198.0,1217.0,0,0,1,0,0
9,2,1,2024-09-02,OO,4882.0,SEA,LAX,1006,1180,174.0,954.0,0,0,0,0,0
5,1,3,2024-05-01,AA,2622.0,BDL,CLT,591,727,136.0,644.0,0,0,0,0,0
12,21,6,2024-12-21,AA,1887.0,CLT,LAX,903,1049,326.0,2125.0,0,0,0,0,0
8,19,1,2024-08-19,AA,1158.0,PHX,CLT,380,811,251.0,1773.0,0,0,0,0,0
11,10,7,2024-11-10,AA,1735.0,CLT,GRR,985,1099,114.0,583.0,0,0,0,0,0
4,25,4,2024-04-25,WN,3335.0,MDW,MSP,460,545,85.0,349.0,0,0,0,0,0
3,18,1,2024-03-18,AA,1295.0,FSD,DFW,790,932,142.0,737.0,0,0,0,0,0
10,25,5,2024-10-25,9E,5247.0,CHA,DTW,1045,1155,110.0,505.0,0,0,0,0,0
9,6,5,2024-09-06,AS,1226.0,SEA,SJC,410,544,134.0,696.0,0,0,0,0,0
10,9,3,2024-10-09,B6,53.0,JFK,PBI,835,1025,190.0,1028.0,0,0,0,0,0
6,1,6,2024-06-01,DL,1041.0,DTW,DFW,770,881,171.0,986.0,0,0,1,0,0
8,20,2,2024-08-20,UA,1276.0,IAH,ORD,605,772,167.0,925.0,0,0,0,0,0
4,21,7,2024-04-21,MQ,3785.0,ILM,DFW,405,550,205.0,1106.0,0,0,0,0,0
11,9,6,2024-11-09,UA,1499.0,IAH,EWR,720,985,205.0,1400.0,0,0,0,0,0
6,4,2,2024-06-04,F9,3389.0,ISP,FLL,543,727,184.0,1092.0,0,0,0,0,0
12,17,2,2024-12-17,DL,1093.0,PBI,BOS,675,862,187.0,1197.0,0,0,0,0,0
8,4,7,2024-08-04,DL,2026.0,ATL,RDU,777,862,85.0,356.0,0,0,0,0,0
5,25,6,2024-05-25,UA,447.0,LAX,SFO,645,740,95.0,337.0,0,0,0,0,0
12,21,6,2024-12-21,DL,1102.0,SLC,SBA,680,750,130.0,615.0,0,0,0,0,0
10,4,5,2024-10-04,MQ,3714.0,DFW,TXK,1178,1238,60.0,181.0,0,0,0,0,0
5,2,4,2024-05-02,WN,5045.0,ONT,OAK,370,450,80.0,362.0,0,0,0,0,0
3,5,2,2024-03-05,UA,540.0,DEN,SAN,1185,1278,153.0,853.0,0,0,0,0,0
3,1,5,2024-03-01,UA,1636.0,HDN,DEN,430,497,67.0,141.0,0,0,0,0,0
4,20,6,2024-04-20,OO,5255.0,DEN,MAF,810,983,113.0,563.0,0,0,0,0,0
2,20,2,2024-02-20,UA,2611.0,SFO,RNO,1015,1086,71.0,192.0,0,0,0,0,0
6,5,3,2024-06-05,YX,4484.0,BUF,LGA,393,475,82.0,292.0,0,0,0,0,0
1,11,4,2024-01-11,OO,5603.0,ORD,FNT,1195,1334,79.0,223.0,0,0,1,0,0
5,24,5,2024-05-24,NK,1844.0,DTW,LAX,460,582,302.0,1979.0,0,0,0,0,0
2,28,3,2024-02-28,YX,3469.0,EWR,RDU,726,836,110.0,416.0,0,0,0,0,0
4,4,4,2024-04-04,DL,2477.0,SLC,SNA,665,729,124.0,588.0,0,0,1,0,0
8,9,5,2024-08-09,WN,1896.0,MCO,ORF,630,745,115.0,655.0,0,0,0,0,0
3,4,1,2024-03-04,AA,2254.0,ORD,LAS,611,747,256.0,1514.0,0,0,0,0,0
5,21,2,2024-05-21,F9,3483.0,PHX,LAS,637,718,81.0,255.0,0,0,0,0,0
5,2,4,2024-05-02,AA,2141.0,MIA,SJU,510,660,150.0,1045.0,0,0,0,0,0
1,28,7,2024-01-28,AA,665.0,MTJ,DFW,881,1064,123.0,722.0,0,0,0,0,0
12,20,5,2024-12-20,AA,2119.0,DFW,MCO,433,652,159.0,985.0,0,0,0,0,0
12,10,2,2024-12-10,UA,2259.0,SFO,BOS,660,1178,338.0,2704.0,0,0,0,0,0
10,14,1,2024-10-14,WN,4505.0,SJC,LGB,1185,1260,75.0,324.0,0,0,0,0,0
5,21,2,2024-05-21,UA,1003.0,DEN,CHS,597,914,197.0,1449.0,0,0,0,0,0
7,21,7,2024-07-21,OO,4264.0,MSP,ABR,1300,1375,75.0,257.0,0,0,0,0,0
6,11,2,2024-06-11,UA,2419.0,SMF,ORD,850,1217,247.0,1781.0,0,0,0,0,0
4,20,6,2024-04-20,DL,516.0,JFK,LAX,719,911,372.0,2475.0,0,0,0,0,0
6,28,5,2024-06-28,OO,3445.0,LAX,SJC,737,815,78.0,308.0,0,0,0,0,0
3,4,1,2024-03-04,G4,427.0,CVG,PIE,850,983,133.0,776.0,0,0,0,0,0
11,3,7,2024-11-03,OO,6271.0,DFW,SAF,1253,1318,125.0,551.0,0,1,0,0,0
6,20,4,2024-06-20,WN,4426.0,MCO,ISP,445,605,160.0,971.0,0,0,0,0,0
1,13,6,2024-01-13,WN,2136.0,BNA,SAN,530,690,280.0,1751.0,0,0,0,0,0
1,9,2,2024-01-09,WN,2291.0,ELP,DAL,590,750,100.0,562.0,0,0,0,0,0
3,26,2,2024-03-26,AA,2610.0,DFW,CVG,540,733,133.0,812.0,0,0,0,0,0
1,24,3,2024-01-24,YX,3575.0,EWR,ORF,800,885,85.0,284.0,0,0,0,0,0
8,16,5,2024-08-16,AA,1146.0,PHX,DFW,742,1011,149.0,868.0,0,0,0,0,0
4,2,2,2024-04-02,DL,1605.0,STT,ATL,900,1151,251.0,1599.0,0,0,0,0,0
5,11,6,2024-05-11,9E,5203.0,ATL,TYS,1118,1174,56.0,152.0,1,0,0,0,1
1,10,3,2024-01-10,AA,1587.0,PHX,JFK,1413,379,286.0,2153.0,0,0,0,0,0
12,6,5,2024-12-06,YX,4431.0,RDU,PHL,790,882,92.0,337.0,0,0,0,0,0
9,26,4,2024-09-26,AS,425.0,SEA,SMF,574,689,115.0,605.0,0,0,0,0,0
8,16,5,2024-08-16,F9,1691.0,BUF,MCO,541,710,169.0,1011.0,0,0,0,0,0
12,2,1,2024-12-02,UA,276.0,CHS,IAD,600,691,91.0,441.0,0,0,0,0,0
5,12,7,2024-05-12,DL,684.0,ATL,LGA,1230,1367,137.0,762.0,1,0,0,0,1
10,2,3,2024-10-02,MQ,3509.0,ALB,ORD,432,514,142.0,723.0,0,0,0,0,0
7,28,7,2024-07-28,OO,5213.0,GRB,ORD,652,724,72.0,173.0,0,0,0,0,0
4,15,1,2024-04-15,UA,1158.0,LAX,HNL,515,687,352.0,2556.0,0,0,0,0,0
8,26,1,2024-08-26,F9,4958.0,SNA,PHX,1250,1331,81.0,338.0,0,0,0,0,1
9,13,5,2024-09-13,OO,4849.0,LBB,PHX,557,562,125.0,588.0,0,0,0,0,0
11,1,5,2024-11-01,AS,1123.0,SFO,SEA,480,620,140.0,679.0,0,0,0,0,0
9,1,7,2024-09-01,DL,1125.0,ATL,OMA,820,897,137.0,821.0,0,0,0,0,0
3,24,7,2024-03-24,OO,4131.0,RIC,DTW,1095,1210,115.0,456.0,0,0,0,0,0
11,23,6,2024-11-23,WN,2239.0,SEA,MDW,595,960,245.0,1733.0,0,0,0,0,0
4,22,1,2024-04-22,OH,5594.0,CLT,MLB,680,798,118.0,490.0,0,0,0,0,0
9,24,2,2024-09-24,DL,2397.0,EWR,ATL,727,867,140.0,746.0,0,0,0,0,0
10,28,1,2024-10-28,DL,2326.0,ATL,JAX,549,619,70.0,270.0,0,0,0,0,0
8,5,1,2024-08-05,DL,991.0,LAX,JFK,780,1300,340.0,2475.0,0,0,0,0,0
11,20,3,2024-11-20,DL,719.0,IAD,ATL,911,1021,110.0,534.0,0,0,0,0,0
6,29,6,2024-06-29,UA,1061.0,DEN,SNA,955,1042,147.0,846.0,0,0,0,0,0
4,4,4,2024-04-04,WN,1178.0,BNA,STL,1360,1435,75.0,272.0,0,0,0,0,0
10,10,4,2024-10-10,WN,1876.0,DEN,BNA,1300,65,145.0,1014.0,0,0,0,0,0
1,25,4,2024-01-25,WN,2225.0,RDU,BNA,1165,1205,100.0,442.0,0,0,0,0,1
7,1,1,2024-07-01,OO,5031.0,DEN,LAR,1015,1070,55.0,113.0,0,0,0,0,0
11,11,1,2024-11-11,WN,2819.0,DAL,AUS,360,425,65.0,189.0,0,0,0,0,0
6,23,7,2024-06-23,DL,2808.0,BOI,MSP,330,557,167.0,1142.0,0,0,0,0,0
3,5,2,2024-03-05,B6,2185.0,BOS,PIT,1334,6,112.0,496.0,0,1,0,0,0
3,3,7,2024-03-03,DL,2384.0,ATL,JAN,490,514,84.0,341.0,0,0,0,0,0
1,1,1,2024-01-01,OO,5678.0,MOT,DEN,440,528,148.0,604.0,0,0,0,0,0
11,28,4,2024-11-28,G4,2301.0,FSD,AZA,809,921,172.0,1072.0,0,0,0,0,0
8,25,7,2024-08-25,B6,1501.0,JFK,FLL,1020,1222,202.0,1069.0,0,0,0,0,0
9,7,6,2024-09-07,DL,2926.0,MIA,BOS,667,881,214.0,1258.0,0,0,0,0,0
5,14,2,2024-05-14,WN,2037.0,BWI,MIA,840,995,155.0,946.0,1,0,1,0,1
8,24,6,2024-08-24,NK,352.0,FLL,IAH,1258,1361,163.0,966.0,0,0,0,0,0
12,17,2,2024-12-17,OO,6327.0,SLC,PHX,505,637,132.0,507.0,0,0,0,0,0
4,4,4,2024-04-04,UA,455.0,ORD,DFW,769,930,161.0,802.0,0,0,0,0,0
1,25,4,2024-01-25,OO,3315.0,PDX,SEA,1155,1214,59.0,129.0,0,0,0,0,0
6,13,4,2024-06-13,UA,1923.0,STL,DEN,545,629,144.0,770.0,0,0,0,0,0
7,18,4,2024-07-18,UA,2155.0,ORD,IAH,1175,1346,171.0,925.0,1,0,0,0,1
6,14,5,2024-06-14,WN,3607.0,SJU,MCO,690,875,185.0,1189.0,0,0,0,0,0
11,25,1,2024-11-25,YX,3469.0,PIT,EWR,1040,1140,100.0,319.0,0,0,1,0,0
7,15,1,2024-07-15,AA,2943.0,ORD,AUS,510,679,169.0,977.0,0,0,0,0,0
6,23,7,2024-06-23,WN,4195.0,LAS,PHX,775,855,80.0,255.0,0,0,0,0,0
9,10,2,2024-09-10,UA,1083.0,DEN,LAX,970,1058,148.0,862.0,0,0,0,0,0
3,5,2,2024-03-05,UA,577.0,DEN,GEG,1165,1252,147.0,836.0,1,0,0,0,1
7,6,6,2024-07-06,OO,5654.0,OMA,ORD,1115,1224,109.0,416.0,0,0,0,0,0
1,30,2,2024-01-30,WN,2001.0,LAX,DEN,705,905,140.0,862.0,0,0,0,0,0
6,10,1,2024-06-10,UA,2159.0,ORD,ALB,430,619,129.0,723.0,0,0,0,0,0
3,16,6,2024-03-16,NK,3901.0,DTW,ATL,519,644,125.0,594.0,0,0,0,0,0
9,12,4,2024-09-12,AA,1501.0,AUS,LAS,955,1006,171.0,1090.0,0,0,0,0,1
12,16,1,2024-12-16,DL,1315.0,IAH,ATL,425,609,124.0,689.0,0,0,0,0,0
11,13,3,2024-11-13,9E,5424.0,ORH,LGA,1007,1079,72.0,146.0,0,0,0,0,0
9,10,2,2024-09-10,DL,1533.0,ORD,MSP,940,1044,104.0,334.0,0,0,0,0,0
2,23,5,2024-02-23,WN,3208.0,TPA,SJU,860,1095,175.0,1237.0,0,0,0,0,0
11,24,7,2024-11-24,DL,1757.0,ATL,SJU,490,758,208.0,1547.0,0,0,0,0,0
8,15,4,2024-08-15,OO,5596.0,SBA,LAX,360,422,62.0,89.0,0,0,0,0,0
2,6,2,2024-02-06,WN,1919.0,GEG,PHX,730,940,150.0,1020.0,0,0,1,0,0
12,11,3,2024-12-11,UA,274.0,SFO,IAH,300,651,231.0,1635.0,0,0,0,0,0
1,13,6,2024-01-13,WN,1711.0,CLT,STL,965,1035,130.0,575.0,0,0,0,0,0
10,10,4,2024-10-10,DL,2704.0,SNA,SEA,1130,1309,179.0,978.0,0,0,0,0,0
4,13,6,2024-04-13,DL,1225.0,SYR,DTW,745,840,95.0,374.0,0,0,0,0,0
12,11,3,2024-12-11,B6,692.0,TPA,BOS,942,1123,181.0,1185.0,0,0,1,0,1
1,2,2,2024-01-02,WN,3753.0,OGG,HNL,540,585,45.0,100.0,1,0,0,0,1
7,11,4,2024-07-11,UA,425.0,DEN,MCO,495,839,224.0,1546.0,0,0,0,0,0
7,21,7,2024-07-21,WN,1957.0,MKE,MCI,695,785,90.0,436.0,0,0,0,0,0
10,29,2,2024-10-29,AA,494.0,CLT,RDU,1297,1354,57.0,130.0,0,0,1,0,0
10,20,7,2024-10-20,AA,1992.0,DFW,SEA,745,891,266.0,1660.0,0,0,0,0,0
8,2,5,2024-08-02,DL,1573.0,SLC,MSP,1280,59,159.0,991.0,0,0,0,0,0
4,23,2,2024-04-23,DL,363.0,BOS,ATL,610,783,173.0,946.0,0,0,0,0,0
12,24,2,2024-12-24,OH,5173.0,CLT,TYS,1094,1167,73.0,177.0,0,0,0,0,0
9,18,3,2024-09-18,AA,550.0,ORD,DFW,1134,1310,176.0,802.0,0,0,0,0,0
4,19,5,2024-04-19,WN,1165.0,BNA,CLE,1170,1320,90.0,448.0,0,0,0,0,0
12,7,6,2024-12-07,WN,2291.0,LAS,LIH,640,920,400.0,2818.0,1,0,0,0,0
1,19,5,2024-01-19,DL,1502.0,ATL,DTW,1255,1368,113.0,594.0,1,0,1,0,0
2,23,5,2024-02-23,UA,2040.0,ORD,SNA,1185,1348,283.0,1726.0,0,0,0,0,0
11,20,3,2024-11-20,AA,377.0,AUS,DFW,496,568,72.0,190.0,0,0,0,0,0
1,22,1,2024-01-22,9E,5100.0,DTW,ROC,600,678,78.0,296.0,0,0,0,0,0
5,17,5,2024-05-17,NK,764.0,RSW,ORD,1006,1140,194.0,1120.0,0,0,0,0,0
7,2,2,2024-07-02,AS,90.0,SIT,SEA,420,622,142.0,861.0,0,0,0,0,0
5,19,7,2024-05-19,DL,1039.0,TPA,ATL,1139,1236,97.0,406.0,0,0,0,0,0
9,27,5,2024-09-27,AA,284.0,HNL,LAX,925,1438,333.0,2556.0,0,0,1,0,1
4,11,4,2024-04-11,WN,1984.0,OAK,BOI,525,670,85.0,512.0,0,0,0,0,0
7,31,3,2024-07-31,WN,5060.0,DEN,MCI,510,665,95.0,533.0,0,0,0,0,0
10,13,7,2024-10-13,UA,1859.0,ATL,ORD,765,833,128.0,606.0,0,0,0,0,0
4,20,6,2024-04-20,NK,1440.0,ATL,IAH,365,447,142.0,689.0,0,0,0,0,0
7,25,4,2024-07-25,DL,3043.0,MLB,ATL,1139,1242,103.0,442.0,0,0,0,0,0
7,10,3,2024-07-10,WN,4028.0,BNA,BUF,710,885,115.0,633.0,0,0,0,0,1
6,17,1,2024-06-17,WN,550.0,DEN,LGA,590,935,225.0,1620.0,0,0,0,0,1
12,19,4,2024-12-19,OO,4970.0,DFW,MGM,902,1009,107.0,622.0,1,0,1,0,0
2,24,6,2024-02-24,NK,600.0,ATL,PHL,580,699,119.0,666.0,0,0,0,0,0
1,24,3,2024-01-24,DL,1392.0,ECP,ATL,360,495,75.0,240.0,0,0,0,0,0
2,21,3,2024-02-21,UA,2716.0,IAH,GSP,1101,1292,131.0,837.0,0,0,0,0,0
12,31,2,2024-12-31,DL,2085.0,MSY,LAX,390,539,269.0,1670.0,0,0,0,0,0
4,19,5,2024-04-19,9E,4952.0,AUS,RDU,1160,1394,174.0,1162.0,0,0,0,0,0
4,7,7,2024-04-07,WN,3867.0,DCA,MSY,1110,1225,175.0,969.0,0,0,0,0,0
12,5,4,2024-12-05,UA,604.0,DEN,LAS,590,653,123.0,628.0,0,0,0,0,0
8,18,7,2024-08-18,AA,2622.0,MIA,JFK,715,899,184.0,1089.0,0,0,0,0,0
10,31,4,2024-10-31,DL,2258.0,DTW,MSP,510,562,112.0,528.0,0,0,0,0,0
4,9,2,2024-04-09,WN,1862.0,MCO,LAS,605,730,305.0,2039.0,0,0,0,0,0
5,12,7,2024-05-12,G4,760.0,AZA,XNA,1047,1310,143.0,1006.0,0,0,0,0,0
6,8,6,2024-06-08,OO,3851.0,MSP,RAP,615,666,111.0,489.0,0,0,0,0,0
1,24,3,2024-01-24,DL,1326.0,DTW,DCA,1079,1170,91.0,405.0,0,0,0,0,0
7,15,1,2024-07-15,DL,1316.0,XNA,ATL,769,945,116.0,589.0,0,0,0,0,0
2,24,6,2024-02-24,MQ,3679.0,BWI,ORD,707,791,144.0,622.0,0,0,0,0,0
10,17,4,2024-10-17,WN,1.0,DAL,HOU,420,490,70.0,239.0,0,0,0,0,0
12,30,1,2024-12-30,OO,5466.0,MSO,DEN,1019,1152,133.0,679.0,0,0,0,0,0
11,26,2,2024-11-26,YX,3705.0,DTW,EWR,870,986,116.0,488.0,0,0,0,0,0
7,19,5,2024-07-19,DL,2534.0,SAT,LAX,420,486,186.0,1211.0,1,0,1,0,0
5,31,5,2024-05-31,B6,405.0,EWR,FLL,360,540,180.0,1065.0,0,0,0,0,0
12,10,2,2024-12-10,AA,550.0,MSP,PHX,430,591,221.0,1276.0,0,0,0,0,0
8,12,1,2024-08-12,AA,2825.0,EWR,PHX,1052,1193,321.0,2133.0,0,0,0,0,0
3,5,2,2024-03-05,OO,5700.0,DEN,FSD,1244,1410,106.0,483.0,0,0,0,0,0
7,8,1,2024-07-08,DL,764.0,SAN,DTW,1325,334,269.0,1956.0,0,0,0,0,0
10,12,6,2024-10-12,DL,503.0,ATL,PDX,1005,1137,312.0,2172.0,0,0,0,0,0
10,8,2,2024-10-08,9E,5013.0,ATL,XNA,600,655,115.0,589.0,0,0,0,0,0
8,13,2,2024-08-13,OO,4178.0,RST,MSP,689,743,54.0,76.0,0,0,0,0,0
10,2,3,2024-10-02,DL,2898.0,BIL,MSP,385,568,123.0,748.0,0,0,0,0,0
4,25,4,2024-04-25,DL,1327.0,MSP,STL,560,651,91.0,448.0,0,0,0,0,0
9,3,2,2024-09-03,AA,927.0,FLL,CLT,1058,1185,127.0,632.0,0,0,0,0,0
11,25,1,2024-11-25,YX,4549.0,SDF,DCA,379,479,100.0,474.0,0,0,0,0,0
4,5,5,2024-04-05,YX,5724.0,IND,BOS,750,878,128.0,818.0,0,0,0,0,0
11,21,4,2024-11-21,OO,5084.0,CYS,DEN,845,898,53.0,90.0,0,0,0,0,0
5,29,3,2024-05-29,WN,1763.0,PHL,DEN,855,980,245.0,1558.0,1,0,1,0,1
8,28,3,2024-08-28,WN,4404.0,SRQ,BWI,730,880,150.0,880.0,0,0,0,0,0
2,11,7,2024-02-11,OO,3697.0,AZO,DTW,390,451,61.0,113.0,0,0,0,0,0
1,22,1,2024-01-22,WN,2824.0,SAN,PHX,1050,1190,80.0,304.0,0,0,1,0,1
2,10,6,2024-02-10,AA,2966.0,CLT,AUS,660,791,191.0,1032.0,0,0,1,0,0
11,11,1,2024-11-11,OO,5779.0,DEN,ASE,1145,1204,59.0,125.0,0,0,0,0,1
3,19,2,2024-03-19,WN,2297.0,BNA,MCI,1305,1410,105.0,491.0,0,0,0,0,0
9,20,5,2024-09-20,AS,639.0,PHX,SEA,420,606,186.0,1107.0,0,0,0,0,0
5,16,4,2024-05-16,WN,971.0,HOU,BWI,305,545,180.0,1246.0,0,0,0,0,0
9,30,1,2024-09-30,UA,1400.0,ORD,EWR,1170,1378,148.0,719.0,0,0,0,0,0
7,12,5,2024-07-12,WN,1261.0,STL,BWI,1230,1410,120.0,738.0,0,0,0,0,1
8,8,4,2024-08-08,AA,1997.0,BNA,DFW,302,425,123.0,631.0,0,0,0,0,0
3,9,6,2024-03-09,YX,4790.0,ORD,BUF,1225,1382,97.0,474.0,1,0,1,0,0
10,2,3,2024-10-02,WN,3358.0,SJC,AUS,700,1025,205.0,1476.0,0,0,0,0,0
1,7,7,2024-01-07,WN,1950.0,DEN,FLL,865,1205,220.0,1703.0,0,0,0,1,1
12,23,1,2024-12-23,NK,384.0,IAH,DTW,1086,1312,166.0,1075.0,0,0,0,0,0
8,17,6,2024-08-17,UA,556.0,BOI,SFO,1145,1193,108.0,522.0,0,0,0,0,0
6,14,5,2024-06-14,WN,2063.0,MCO,MSY,400,440,100.0,551.0,0,0,0,0,0
8,6,2,2024-08-06,WN,106.0,OMA,DEN,1150,1185,95.0,472.0,0,0,0,0,0
10,2,3,2024-10-02,OO,5695.0,BUF,ORD,655,715,120.0,474.0,0,0,0,0,0
11,29,5,2024-11-29,DL,1337.0,RDU,MCO,385,502,117.0,534.0,0,0,0,0,0
12,25,3,2024-12-25,WN,1270.0,ATL,PIT,675,775,100.0,526.0,0,0,0,0,0
2,8,4,2024-02-08,AA,1929.0,RSW,ORD,701,834,193.0,1120.0,0,0,0,0,0
11,25,1,2024-11-25,UA,455.0,BWI,ORD,648,720,132.0,622.0,0,0,0,0,0
6,28,5,2024-06-28,WN,276.0,BNA,BWI,310,475,105.0,587.0,0,0,0,0,0
7,11,4,2024-07-11,DL,2155.0,DTW,PIT,520,587,67.0,201.0,0,0,0,0,0
12,7,6,2024-12-07,DL,1193.0,DCA,MSP,360,475,175.0,931.0,0,0,0,0,0
7,16,2,2024-07-16,OO,3984.0,GRB,DTW,420,556,76.0,287.0,0,0,0,0,0
10,18,5,2024-10-18,AS,909.0,DFW,SEA,773,918,265.0,1660.0,0,0,0,0,0
1,12,5,2024-01-12,DL,837.0,ATL,HNL,595,914,619.0,4502.0,0,0,1,0,0
1,4,4,2024-01-04,DL,1454.0,MSP,DEN,765,844,139.0,680.0,0,0,0,0,0
10,28,1,2024-10-28,MQ,3395.0,BWI,ORD,1068,1145,137.0,622.0,0,0,1,0,0
8,10,6,2024-08-10,DL,945.0,LAS,ATL,770,1198,248.0,1747.0,0,0,0,0,0
10,24,4,2024-10-24,WN,4636.0,SAN,ELP,810,980,110.0,636.0,0,0,0,0,0
10,16,3,2024-10-16,UA,2442.0,CVG,IAH,420,516,156.0,871.0,0,0,0,0,0
10,27,7,2024-10-27,DL,1528.0,JFK,MIA,420,610,190.0,1089.0,0,0,0,0,0
5,16,4,2024-05-16,DL,2631.0,PDX,SLC,1041,1215,114.0,630.0,0,0,0,0,0
7,6,6,2024-07-06,WN,2659.0,SEA,LAS,925,1075,150.0,867.0,0,0,0,0,0
9,25,3,2024-09-25,B6,1262.0,PBI,LGA,1125,1293,168.0,1035.0,1,0,0,0,0
1,2,2,2024-01-02,HA,118.0,HNL,KOA,340,385,45.0,163.0,0,0,0,0,0
7,17,3,2024-07-17,YX,5680.0,PIT,BOS,1046,1162,116.0,496.0,0,0,1,0,1
8,16,5,2024-08-16,UA,1706.0,CLE,IAD,370,448,78.0,288.0,0,0,0,0,0
2,5,1,2024-02-05,OH,5534.0,CLT,CAE,582,645,63.0,88.0,0,0,0,0,0
9,21,6,2024-09-21,OH,5589.0,CLT,FAY,1254,1321,67.0,118.0,0,0,0,0,0
8,5,1,2024-08-05,AA,872.0,PHX,DTW,1371,339,228.0,1671.0,0,0,0,0,0
6,23,7,2024-06-23,OO,4928.0,CID,PHX,470,547,197.0,1252.0,0,0,0,0,0
7,3,3,2024-07-03,DL,3126.0,IND,ATL,1107,1209,102.0,432.0,0,0,0,0,0
7,7,7,2024-07-07,WN,5592.0,SJC,SAN,455,540,85.0,417.0,0,0,0,0,0
2,8,4,2024-02-08,WN,1509.0,LGB,DEN,890,1085,135.0,854.0,0,0,0,0,0
12,30,1,2024-12-30,OO,3826.0,DTW,TVC,955,1030,75.0,207.0,0,0,0,0,0
4,6,6,2024-04-06,MQ,3351.0,MIA,BWI,1190,1354,164.0,946.0,0,0,0,0,0
7,16,2,2024-07-16,OH,5462.0,VPS,DCA,630,833,143.0,789.0,0,0,0,0,0
6,24,1,2024-06-24,WN,4716.0,HNL,OGG,450,495,45.0,100.0,0,0,0,0,0
8,21,3,2024-08-21,B6,1434.0,SJU,MCO,360,544,184.0,1189.0,0,0,0,0,0
9,21,6,2024-09-21,OO,4096.0,LAN,DTW,420,474,54.0,74.0,0,0,0,0,0
6,25,2,2024-06-25,AA,241.0,BWI,DFW,810,955,205.0,1217.0,0,0,0,0,0
11,17,7,2024-11-17,OH,5584.0,TUL,DCA,995,1210,155.0,1049.0,0,0,0,0,0
11,1,5,2024-11-01,WN,184.0,DEN,SRQ,835,1155,200.0,1531.0,0,0,0,0,0
12,28,6,2024-12-28,F9,2430.0,LAS,DEN,880,1061,121.0,628.0,0,0,0,0,0
10,14,1,2024-10-14,AA,3089.0,PHL,BNA,556,637,141.0,675.0,0,0,0,0,0
1,18,4,2024-01-18,OO,5764.0,DAY,DEN,539,624,205.0,1085.0,0,0,0,0,0
11,7,4,2024-11-07,UA,677.0,PIT,SFO,1060,1223,343.0,2254.0,0,0,0,0,0
11,20,3,2024-11-20,UA,453.0,DEN,TUS,840,966,126.0,639.0,0,0,0,0,0
2,6,2,2024-02-06,OO,4136.0,CLE,DTW,1075,1135,60.0,95.0,0,0,0,0,0
8,2,5,2024-08-02,WN,162.0,AUS,BWI,305,555,190.0,1342.0,0,0,0,0,0
1,30,2,2024-01-30,UA,2655.0,DFW,DEN,1011,1084,133.0,641.0,0,0,0,0,0
12,9,1,2024-12-09,YX,4345.0,LGA,RDU,415,524,109.0,431.0,0,0,0,0,0
8,28,3,2024-08-28,AA,2141.0,MIA,SJU,509,669,160.0,1045.0,0,0,0,0,0
3,6,3,2024-03-06,AA,625.0,SAN,PHX,380,526,86.0,304.0,0,0,0,0,0
12,24,2,2024-12-24,OH,5323.0,MEM,PHL,375,570,135.0,875.0,1,0,1,0,0
3,1,5,2024-03-01,NK,2511.0,ABQ,LAS,1205,1249,104.0,486.0,0,0,1,0,0
7,13,6,2024-07-13,AS,82.0,JNU,ANC,1030,1135,105.0,571.0,0,0,1,0,1
1,24,3,2024-01-24,OO,5468.0,MAF,DEN,833,890,117.0,563.0,0,0,0,0,0
7,27,6,2024-07-27,OH,5294.0,AVP,CLT,1156,1274,118.0,509.0,0,0,0,0,0
10,2,3,2024-10-02,B6,524.0,LAX,JFK,805,1319,334.0,2475.0,0,0,0,0,0
3,6,3,2024-03-06,F9,1796.0,MIA,SJU,585,803,158.0,1045.0,0,0,0,0,0
5,21,2,2024-05-21,WN,1180.0,BNA,CLT,625,770,85.0,328.0,0,0,0,0,0
8,27,2,2024-08-27,9E,4900.0,LGA,OMA,1100,1250,210.0,1148.0,0,0,0,0,0
7,10,3,2024-07-10,OO,3817.0,SEA,BOI,1180,1331,91.0,399.0,0,0,0,0,0
4,16,2,2024-04-16,OO,4705.0,DEN,HLN,1149,1271,122.0,594.0,0,0,0,0,0
7,11,4,2024-07-11,OH,5147.0,BHM,DCA,1019,1208,129.0,653.0,0,0,1,0,1
7,9,2,2024-07-09,UA,2258.0,DEN,BWI,1050,1381,211.0,1491.0,0,0,0,0,0
3,9,6,2024-03-09,DL,2378.0,ATL,JFK,1199,1337,138.0,760.0,0,0,1,0,0
9,17,2,2024-09-17,UA,2127.0,IAD,EWR,516,596,80.0,212.0,0,0,0,0,0
5,3,5,2024-05-03,WN,4179.0,ATL,SAT,520,615,155.0,874.0,0,0,0,0,0
11,10,7,2024-11-10,AA,2.0,LAX,JFK,420,926,326.0,2475.0,0,0,0,0,0
8,15,4,2024-08-15,WN,4504.0,MCO,STL,1105,1195,150.0,882.0,0,0,0,0,0
9,30,1,2024-09-30,DL,2389.0,ALB,ATL,1136,1291,155.0,853.0,0,0,0,0,0
4,9,2,2024-04-09,OO,5298.0,ORD,SGF,775,880,105.0,438.0,0,0,0,0,0
9,19,4,2024-09-19,MQ,3586.0,ORD,GRB,1255,1320,65.0,173.0,0,0,0,0,0
10,9,3,2024-10-09,WN,760.0,CMH,BWI,695,775,80.0,337.0,0,0,0,0,0
2,29,4,2024-02-29,AA,2990.0,DTW,PHL,1037,1125,88.0,453.0,0,0,0,0,0
12,15,7,2024-12-15,UA,1396.0,LAS,ORD,530,875,225.0,1514.0,0,0,0,0,0
10,24,4,2024-10-24,UA,519.0,ORD,RIC,1110,1302,132.0,642.0,1,0,0,0,0
9,29,7,2024-09-29,AS,43.0,ANC,BET,627,707,80.0,399.0,0,0,0,0,0
4,8,1,2024-04-08,UA,2243.0,RDU,ORD,1033,1115,142.0,646.0,0,0,1,0,0
1,25,4,2024-01-25,DL,1106.0,MSP,IAH,420,621,201.0,1034.0,0,0,0,0,0
3,22,5,2024-03-22,YX,4474.0,BOS,PHL,965,1060,95.0,280.0,0,0,0,0,0
7,27,6,2024-07-27,OO,3721.0,SLC,EUG,1310,1362,112.0,618.0,0,0,0,0,0
5,22,3,2024-05-22,WN,1204.0,DEN,CMH,810,1090,160.0,1154.0,1,0,0,0,1
4,10,3,2024-04-10,OO,3867.0,IAD,DTW,1088,1200,112.0,383.0,0,0,0,0,0
1,15,1,2024-01-15,AA,1702.0,ORD,DFW,510,666,156.0,802.0,0,1,0,0,0
4,3,3,2024-04-03,WN,1679.0,SAV,BNA,1050,1085,95.0,417.0,0,0,0,0,0
2,3,6,2024-02-03,F9,3261.0,BUF,MCO,750,934,184.0,1011.0,1,0,0,0,0
1,4,4,2024-01-04,AA,1473.0,GSP,DFW,977,1090,173.0,862.0,0,0,0,0,0
4,16,2,2024-04-16,DL,2086.0,ATL,DSM,965,1037,132.0,743.0,0,0,0,0,0
9,28,6,2024-09-28,WN,958.0,LAS,BUR,440,510,70.0,223.0,0,0,1,0,0
10,11,5,2024-10-11,AA,3071.0,PHL,DFW,980,1140,220.0,1303.0,0,0,0,0,0
10,21,1,2024-10-21,MQ,3583.0,DFW,XNA,880,960,80.0,280.0,0,0,0,0,0
6,23,7,2024-06-23,OO,5562.0,OKC,ORD,630,767,137.0,693.0,0,0,0,0,0
5,26,7,2024-05-26,MQ,3616.0,MIA,CMH,1180,1359,179.0,990.0,0,0,1,0,0
12,5,4,2024-12-05,MQ,3528.0,PIA,DFW,386,544,158.0,672.0,0,0,0,0,0
6,16,7,2024-06-16,B6,317.0,BOS,JFK,880,961,81.0,187.0,1,0,0,0,0
7,21,7,2024-07-21,AA,1627.0,EWR,ORD,419,514,155.0,719.0,0,0,0,0,1
3,25,1,2024-03-25,OO,5411.0,LAX,RNO,1160,1256,96.0,391.0,0,0,0,0,0
4,17,3,2024-04-17,UA,1392.0,MSY,IAD,480,688,148.0,955.0,0,0,0,0,0
4,23,2,2024-04-23,9E,4916.0,LGA,DSM,655,784,189.0,1031.0,0,0,0,0,0
4,14,7,2024-04-14,WN,1160.0,HOU,CHS,955,1155,140.0,928.0,0,0,0,0,0
9,18,3,2024-09-18,OO,3894.0,PHX,LAX,975,1067,92.0,370.0,0,0,0,0,0
4,16,2,2024-04-16,AS,364.0,BOS,SEA,1047,1241,374.0,2496.0,0,0,0,0,0
2,27,2,2024-02-27,MQ,3313.0,FAT,PHX,1155,1318,103.0,493.0,0,0,0,0,0
7,13,6,2024-07-13,WN,1725.0,HOU,TUL,495,590,95.0,453.0,0,0,0,0,0
4,30,2,2024-04-30,AA,488.0,DCA,ORD,360,436,136.0,612.0,0,0,0,0,0
12,25,3,2024-12-25,OO,3356.0,LAX,BOI,1185,1378,133.0,674.0,0,0,0,0,0
11,24,7,2024-11-24,WN,1789.0,BWI,RDU,1120,1195,75.0,255.0,0,0,0,0,0
7,2,2,2024-07-02,WN,3091.0,ATL,DAL,1190,1260,130.0,721.0,0,0,0,0,0
5,25,6,2024-05-25,YX,4426.0,MIA,DSM,1200,1355,215.0,1327.0,0,0,0,0,0
7,5,5,2024-07-05,OO,6249.0,DFW,IDA,1175,1296,181.0,1095.0,0,0,0,0,0
10,19,6,2024-10-19,WN,1260.0,PHL,MCO,800,950,150.0,861.0,0,0,0,0,0
4,2,2,2024-04-02,MQ,3347.0,MIA,DTW,895,1083,188.0,1145.0,0,0,0,0,0
5,3,5,2024-05-03,WN,2406.0,HNL,LAS,420,950,350.0,2762.0,0,0,0,0,0
12,26,4,2024-12-26,UA,1381.0,BUR,DEN,1123,1330,147.0,850.0,0,0,0,0,0
6,14,5,2024-06-14,MQ,3942.0,DSM,ORD,1093,1180,87.0,299.0,0,0,0,0,0
2,7,3,2024-02-07,UA,1368.0,DEN,LAX,1172,1267,155.0,862.0,0,0,0,0,0
12,4,3,2024-12-04,MQ,3883.0,CHA,DFW,345,437,152.0,695.0,1,0,1,0,0
9,28,6,2024-09-28,WN,1790.0,ELP,AUS,910,1065,95.0,528.0,0,0,0,0,0
12,14,6,2024-12-14,NK,388.0,MSY,LAX,1300,6,266.0,1670.0,0,0,0,0,0
4,24,3,2024-04-24,AA,1967.0,DFW,SAT,745,823,78.0,247.0,0,0,0,0,0
10,6,7,2024-10-06,F9,1684.0,MCO,BDL,365,538,173.0,1050.0,0,0,0,0,0
4,7,7,2024-04-07,UA,774.0,IAH,AUS,1020,1078,58.0,140.0,1,0,0,0,1
4,22,1,2024-04-22,WN,4171.0,SMF,SAN,1080,1170,90.0,480.0,0,0,0,0,0
1,25,4,2024-01-25,G4,1046.0,PIE,LEX,390,513,123.0,707.0,0,0,0,0,0
7,2,2,2024-07-02,DL,707.0,JFK,LAX,1140,1337,377.0,2475.0,0,0,0,0,0
1,24,3,2024-01-24,B6,1083.0,JFK,MCO,499,676,177.0,944.0,0,0,0,0,0
9,23,1,2024-09-23,AA,1841.0,MSY,CLT,916,1095,119.0,651.0,0,0,0,0,0
4,22,1,2024-04-22,YX,4585.0,BOS,IND,1050,1210,160.0,818.0,0,0,0,0,0
9,12,4,2024-09-12,AA,2393.0,FAT,DFW,811,1125,194.0,1313.0,0,0,0,0,0
3,25,1,2024-03-25,MQ,3486.0,MIA,AUS,945,1089,204.0,1103.0,0,0,1,0,0
8,21,3,2024-08-21,MQ,3947.0,IAH,DFW,989,1075,86.0,224.0,0,0,0,0,0
6,26,3,2024-06-26,AS,1059.0,SFO,SEA,887,1019,132.0,679.0,0,0,0,0,0
11,14,4,2024-11-14,9E,5032.0,CHS,JFK,1011,1139,128.0,636.0,0,0,0,0,0
7,10,3,2024-07-10,WN,4669.0,AUS,IND,730,935,145.0,919.0,0,0,0,0,0
1,23,2,2024-01-23,DL,1024.0,ATL,ELP,719,805,206.0,1282.0,0,0,0,0,0
4,19,5,2024-04-19,WN,2460.0,STL,RDU,985,1155,110.0,667.0,0,0,0,0,0
7,3,3,2024-07-03,WN,4615.0,MCO,PVD,1240,1410,170.0,1072.0,0,0,0,0,0
5,2,4,2024-05-02,NK,1505.0,FLL,PIT,1270,1432,162.0,994.0,0,0,0,0,0
6,24,1,2024-06-24,YX,4378.0,JFK,RDU,724,837,113.0,427.0,0,0,0,0,0
1,31,3,2024-01-31,WN,1737.0,SJC,OGG,810,1025,335.0,2355.0,0,0,1,0,0
5,2,4,2024-05-02,DL,572.0,DTW,SAT,760,895,195.0,1214.0,0,0,0,0,0
8,31,6,2024-08-31,OO,3668.0,GEG,SEA,1058,1137,79.0,224.0,0,0,0,0,0
11,1,5,2024-11-01,DL,695.0,BOS,ATL,320,495,175.0,946.0,0,0,0,0,0
6,7,5,2024-06-07,AS,390.0,SAN,BOS,505,1030,345.0,2588.0,0,0,1,0,0
2,20,2,2024-02-20,WN,2922.0,LAS,ATL,970,1380,230.0,1747.0,0,0,0,0,0
10,4,5,2024-10-04,WN,3061.0,BUR,SJC,1010,1080,70.0,296.0,0,0,0,0,0
6,20,4,2024-06-20,WN,2788.0,DEN,SAN,470,550,140.0,853.0,0,0,0,0,0
10,31,4,2024-10-31,AA,2663.0,CLT,EYW,552,702,150.0,736.0,0,0,0,0,0
5,13,1,2024-05-13,DL,2957.0,AUS,ATL,654,846,132.0,813.0,0,0,0,0,0
12,6,5,2024-12-06,DL,2229.0,SMF,MSP,375,709,214.0,1517.0,0,0,0,0,0
7,4,4,2024-07-04,B6,1334.0,SJU,MCO,645,833,188.0,1189.0,0,0,0,0,0
5,14,2,2024-05-14,MQ,3392.0,AUS,ORD,905,1070,165.0,977.0,0,0,0,0,0
8,12,1,2024-08-12,OO,3751.0,DTW,MBS,755,805,50.0,98.0,0,0,0,0,0
10,15,2,2024-10-15,OO,5489.0,SBN,ORD,788,795,67.0,84.0,0,0,0,0,0
5,25,6,2024-05-25,WN,188.0,ISP,MCO,520,685,165.0,971.0,0,0,0,0,0
12,23,1,2024-12-23,NK,3790.0,DTW,LAS,1128,1222,274.0,1749.0,0,0,0,0,0
1,5,5,2024-01-05,DL,2333.0,DTW,JAX,510,657,147.0,813.0,0,0,0,0,0
2,8,4,2024-02-08,F9,2147.0,DFW,DEN,608,688,140.0,641.0,0,0,0,0,0
10,16,3,2024-10-16,OO,3625.0,ATL,XNA,1366,1420,114.0,589.0,0,0,0,0,0
3,15,5,2024-03-15,OO,4799.0,IAH,MAF,860,962,102.0,429.0,0,0,1,0,0
10,6,7,2024-10-06,WN,737.0,ROC,LAS,1010,1130,300.0,2040.0,0,0,0,0,0
7,5,5,2024-07-05,WN,3788.0,HOU,OAK,435,555,240.0,1642.0,0,0,0,0,0
5,14,2,2024-05-14,DL,2449.0,CHS,ATL,407,479,72.0,259.0,0,0,0,0,0
7,12,5,2024-07-12,DL,1682.0,IAH,ATL,709,898,129.0,689.0,0,0,0,0,0
11,15,5,2024-11-15,DL,1489.0,ATL,FLL,1199,1308,109.0,581.0,0,0,0,0,0
7,15,1,2024-07-15,F9,2001.0,PHL,CMH,540,637,97.0,406.0,0,0,0,0,0
8,20,2,2024-08-20,UA,1983.0,SFO,MIA,785,1301,336.0,2585.0,0,0,0,0,0
8,9,5,2024-08-09,AA,1977.0,CLT,SAT,427,537,170.0,1095.0,0,0,0,0,0
6,11,2,2024-06-11,DL,1725.0,ATL,GSP,771,829,58.0,153.0,0,0,0,0,0
6,26,3,2024-06-26,WN,4025.0,LAX,MCI,1100,1410,190.0,1363.0,1,0,0,0,1
7,18,4,2024-07-18,F9,3056.0,MCO,ISP,680,841,161.0,971.0,0,0,1,0,1
11,8,5,2024-11-08,AA,434.0,CLT,AUS,1280,1408,188.0,1032.0,0,0,0,0,0
10,24,4,2024-10-24,OO,4090.0,SEA,BOI,1270,1415,85.0,399.0,0,0,0,0,0
1,13,6,2024-01-13,OH,5388.0,DCA,DSM,604,729,185.0,897.0,1,0,1,0,0
11,16,6,2024-11-16,YX,4711.0,CVG,ORD,514,543,89.0,264.0,0,0,0,0,0
10,6,7,2024-10-06,MQ,4165.0,PHX,XNA,524,811,167.0,1023.0,0,0,0,0,0
5,24,5,2024-05-24,UA,2680.0,TPA,DEN,504,615,231.0,1506.0,0,0,0,0,0
6,9,7,2024-06-09,AA,2312.0,DFW,SAT,433,513,80.0,247.0,0,0,0,0,0
9,19,4,2024-09-19,DL,1285.0,MDW,ATL,360,532,112.0,591.0,0,0,0,0,0
12,1,7,2024-12-01,DL,798.0,JFK,PHX,1000,1211,331.0,2153.0,0,0,0,0,0
1,2,2,2024-01-02,OH,5501.0,CLT,SAV,1098,1177,79.0,213.0,0,0,0,0,0
1,4,4,2024-01-04,UA,1596.0,PHL,SFO,360,570,390.0,2521.0,0,0,0,0,0
11,22,5,2024-11-22,F9,3937.0,SJU,BDL,719,907,248.0,1666.0,0,0,0,0,0
5,2,4,2024-05-02,UA,2472.0,IAH,DCA,1000,1242,182.0,1208.0,1,0,0,0,1
5,24,5,2024-05-24,AA,2938.0,EWR,PHX,375,512,317.0,2133.0,1,0,1,0,0
10,13,7,2024-10-13,YX,3448.0,ORD,TUL,933,1056,123.0,585.0,0,0,0,0,0
4,12,5,2024-04-12,OH,5434.0,GSP,CLT,365,433,68.0,75.0,0,0,0,0,0
8,17,6,2024-08-17,WN,670.0,BWI,BNA,915,970,115.0,587.0,0,0,0,0,0
11,5,2,2024-11-05,WN,4714.0,DAL,ABQ,1165,1220,115.0,580.0,0,0,0,0,0
8,28,3,2024-08-28,OO,4040.0,MSP,SDF,1200,1384,124.0,604.0,0,0,0,0,0
6,8,6,2024-06-08,NK,506.0,LAS,LAX,370,451,81.0,236.0,0,0,0,0,0
1,10,3,2024-01-10,9E,5042.0,ATL,HPN,947,1080,133.0,780.0,0,0,0,0,0
9,4,3,2024-09-04,WN,496.0,GEG,LAS,780,915,135.0,806.0,0,0,0,0,0
10,1,2,2024-10-01,MQ,3597.0,DFW,XNA,1007,1084,77.0,280.0,0,0,0,0,0
8,11,7,2024-08-11,AA,2082.0,PHL,TPA,1139,1306,167.0,920.0,0,0,0,0,0
8,10,6,2024-08-10,WN,860.0,MYR,BWI,445,530,85.0,399.0,0,0,0,0,0
11,14,4,2024-11-14,AS,646.0,SEA,PHX,959,1187,168.0,1107.0,0,0,0,0,0
10,30,3,2024-10-30,AA,2264.0,DFW,SNA,605,692,207.0,1205.0,0,0,0,0,0
11,13,3,2024-11-13,DL,848.0,SEA,AUS,1070,1437,247.0,1770.0,0,0,0,0,0
10,11,5,2024-10-11,WN,1793.0,PHX,STL,675,970,175.0,1262.0,0,0,0,0,0
10,14,1,2024-10-14,OO,5723.0,SBN,ORD,390,385,55.0,84.0,0,0,0,0,0
7,5,5,2024-07-05,WN,138.0,ORD,MCO,360,580,160.0,1005.0,0,0,0,0,0
8,20,2,2024-08-20,UA,433.0,STL,SFO,435,580,265.0,1735.0,0,0,0,0,0
3,29,5,2024-03-29,WN,336.0,OMA,PHX,770,820,170.0,1037.0,0,0,0,0,0
7,17,3,2024-07-17,OO,5492.0,FSD,DEN,840,891,111.0,483.0,0,0,0,0,0
12,8,7,2024-12-08,UA,1100.0,DEN,JAX,1066,1385,199.0,1447.0,0,0,0,0,0
5,18,6,2024-05-18,F9,4793.0,FAR,DEN,849,918,129.0,627.0,0,0,0,0,0
10,3,4,2024-10-03,AA,1196.0,EWR,MIA,310,502,192.0,1085.0,0,0,0,0,0
11,17,7,2024-11-17,DL,2915.0,CVG,LAS,425,507,262.0,1678.0,0,0,0,0,0
1,29,1,2024-01-29,WN,1516.0,PHL,DEN,1005,1150,265.0,1558.0,0,0,0,0,0
3,24,7,2024-03-24,WN,6533.0,MDW,BNA,1145,1230,85.0,395.0,0,0,0,0,0
8,7,3,2024-08-07,UA,1547.0,EWR,JAC,1080,1254,294.0,1874.0,1,0,1,0,1
6,16,7,2024-06-16,AS,1102.0,SEA,STS,705,826,121.0,618.0,0,0,0,0,0
1,5,5,2024-01-05,AA,2308.0,IND,MIA,360,537,177.0,1020.0,0,0,0,0,0
5,4,6,2024-05-04,DL,2466.0,PNS,ATL,831,965,74.0,271.0,0,0,0,0,0
12,10,2,2024-12-10,UA,634.0,DEN,JAC,825,926,101.0,406.0,0,0,0,0,0
7,1,1,2024-07-01,UA,1450.0,BZN,ORD,465,708,183.0,1185.0,0,0,0,0,0
11,9,6,2024-11-09,WN,2313.0,MCO,HOU,610,715,165.0,849.0,0,0,0,0,0
6,2,7,2024-06-02,NK,3167.0,LAS,MIA,566,1044,298.0,2174.0,0,0,1,0,0
1,25,4,2024-01-25,UA,1588.0,DEN,RDM,1150,1253,163.0,898.0,0,0,0,0,1
6,1,6,2024-06-01,MQ,3923.0,AUS,BNA,580,707,127.0,756.0,0,0,0,0,0
4,13,6,2024-04-13,MQ,3943.0,CID,ORD,1128,1199,71.0,196.0,0,0,0,0,0
7,27,6,2024-07-27,AA,854.0,SEA,CLT,450,934,304.0,2279.0,0,0,0,0,0
7,9,2,2024-07-09,OO,3811.0,CRW,ATL,1108,1200,92.0,363.0,1,0,0,0,0
12,10,2,2024-12-10,WN,1964.0,ELP,AUS,720,870,90.0,528.0,0,0,0,0,0
9,29,7,2024-09-29,F9,2746.0,DEN,TPA,818,1149,211.0,1506.0,0,0,0,0,0
2,26,1,2024-02-26,DL,350.0,ATL,BOS,755,905,150.0,946.0,0,0,0,0,0
10,5,6,2024-10-05,DL,1150.0,MCO,ATL,1079,1176,97.0,404.0,0,0,0,0,0
1,21,7,2024-01-21,AA,1194.0,AUS,BOS,452,741,229.0,1698.0,0,0,0,0,0
6,4,2,2024-06-04,WN,4412.0,RNO,LAS,1245,1325,80.0,345.0,0,0,0,0,0
7,23,2,2024-07-23,MQ,3605.0,DFW,GNV,1248,22,154.0,900.0,0,0,0,0,0
3,8,5,2024-03-08,WN,1202.0,DEN,STL,1240,1415,115.0,770.0,1,0,1,0,1
12,18,3,2024-12-18,OH,5321.0,DFW,STL,675,786,111.0,550.0,0,0,0,0,0
1,6,6,2024-01-06,AA,1274.0,JFK,DFW,981,1175,254.0,1391.0,0,0,1,0,0
9,1,7,2024-09-01,WN,2764.0,LGA,DEN,485,610,245.0,1620.0,0,0,0,0,0
8,3,6,2024-08-03,WN,3110.0,MKE,MCO,975,1200,165.0,1066.0,0,0,0,0,0
9,8,7,2024-09-08,WN,3714.0,RSW,MCI,735,845,170.0,1155.0,0,0,0,0,0
6,30,7,2024-06-30,YX,5697.0,RIC,BOS,520,626,106.0,474.0,0,0,0,0,0
12,23,1,2024-12-23,AS,377.0,ATL,SEA,424,587,343.0,2182.0,0,0,0,0,0
2,8,4,2024-02-08,DL,1422.0,FLL,JFK,688,863,175.0,1069.0,0,0,0,0,0
12,3,2,2024-12-03,OO,5838.0,EUG,SFO,1140,1244,104.0,451.0,0,1,1,0,0
10,21,1,2024-10-21,OH,5034.0,PHL,CVG,1280,1401,121.0,507.0,0,0,0,0,0
10,8,2,2024-10-08,UA,773.0,DEN,BNA,1065,1285,160.0,1014.0,0,0,0,0,0
11,1,5,2024-11-01,OO,3813.0,TWF,SLC,390,441,51.0,175.0,1,0,0,0,0
5,13,1,2024-05-13,YX,5728.0,DCA,BOS,960,1064,104.0,399.0,0,0,0,0,0
1,8,1,2024-01-08,OO,3890.0,MSP,GRR,545,705,100.0,408.0,0,0,0,0,0
8,30,5,2024-08-30,AA,2458.0,AUS,SNA,600,658,178.0,1209.0,0,0,0,0,0
3,26,2,2024-03-26,OO,3876.0,ATL,FWA,1295,1400,105.0,508.0,0,0,0,0,0
10,15,2,2024-10-15,WN,3020.0,EUG,SMF,765,850,85.0,384.0,0,0,0,0,0
10,4,5,2024-10-04,YX,4378.0,JFK,RDU,690,802,112.0,427.0,0,0,0,0,0
7,12,5,2024-07-12,AA,2406.0,MSP,DFW,1147,1298,151.0,852.0,0,0,0,0,0
5,31,5,2024-05-31,OH,5130.0,LEX,CLT,400,489,89.0,281.0,0,0,0,0,0
1,7,7,2024-01-07,MQ,4095.0,DFW,BIL,683,804,181.0,1081.0,0,0,0,0,0
1,31,3,2024-01-31,DL,1093.0,SLC,CLT,620,974,234.0,1727.0,0,0,0,0,0
2,1,4,2024-02-01,WN,2411.0,ISP,PBI,1055,1235,180.0,1052.0,0,0,0,0,0
4,18,4,2024-04-18,DL,2300.0,ATL,GNV,825,893,68.0,300.0,0,0,0,0,0
8,14,3,2024-08-14,YX,4354.0,MEM,LGA,844,1071,167.0,963.0,0,0,0,0,0
10,11,5,2024-10-11,WN,2639.0,SMF,SAN,450,545,95.0,480.0,0,0,1,0,0
4,7,7,2024-04-07,B6,2703.0,JFK,SJU,712,947,235.0,1598.0,0,0,0,0,0
12,13,5,2024-12-13,UA,1351.0,IAH,SFO,1235,1377,262.0,1635.0,0,0,1,0,1
4,12,5,2024-04-12,WN,3522.0,HNL,OGG,400,445,45.0,100.0,0,0,0,0,0
12,1,7,2024-12-01,DL,3077.0,AVL,ATL,639,699,60.0,164.0,1,0,0,0,1
3,30,6,2024-03-30,AA,76.0,JFK,SFO,377,600,403.0,2586.0,0,0,1,0,0
3,17,7,2024-03-17,UA,1558.0,GRR,DEN,480,547,187.0,1015.0,0,0,0,0,0
4,23,2,2024-04-23,DL,2111.0,SRQ,LGA,935,1104,169.0,1047.0,0,0,0,0,0
4,28,7,2024-04-28,WN,5885.0,RDU,BWI,855,920,65.0,255.0,1,0,0,0,1
4,24,3,2024-04-24,OO,3969.0,LAX,SJC,900,976,76.0,308.0,0,0,0,0,0
1,14,7,2024-01-14,OH,5253.0,CLT,GSO,1094,1151,57.0,83.0,0,0,0,0,0
8,23,5,2024-08-23,DL,652.0,SEA,ATL,1419,441,282.0,2182.0,1,0,0,0,1
3,9,6,2024-03-09,WN,1280.0,LAS,BOI,1220,1385,105.0,519.0,0,0,1,0,1
10,28,1,2024-10-28,AS,735.0,LAS,SEA,600,769,169.0,867.0,0,0,1,0,0
7,27,6,2024-07-27,AA,2190.0,PHX,OMA,531,814,163.0,1037.0,0,0,0,0,0
1,7,7,2024-01-07,B6,623.0,JFK,LAX,899,1089,370.0,2475.0,0,0,0,0,0
6,15,6,2024-06-15,AA,2479.0,PHX,DFW,824,1086,142.0,868.0,1,0,1,0,1
10,31,4,2024-10-31,AA,1557.0,PHL,DTW,635,748,113.0,453.0,0,0,0,0,0
3,22,5,2024-03-22,AA,1473.0,LGA,DFW,1080,1275,255.0,1389.0,0,0,0,0,0
12,31,2,2024-12-31,UA,1162.0,BQN,EWR,69,251,242.0,1585.0,0,0,0,0,0
2,21,3,2024-02-21,NK,2806.0,MCO,BOS,1005,1190,185.0,1121.0,1,0,1,0,0
6,17,1,2024-06-17,WN,559.0,DEN,BNA,300,510,150.0,1014.0,0,0,0,0,0
6,28,5,2024-06-28,DL,2955.0,LAS,SEA,1180,1345,165.0,867.0,0,0,0,0,0
11,20,3,2024-11-20,UA,1878.0,GRR,ORD,715,724,69.0,137.0,0,0,0,0,0
11,10,7,2024-11-10,AS,299.0,EWR,SEA,422,618,376.0,2402.0,0,0,0,0,0
9,25,3,2024-09-25,DL,2218.0,GEG,SEA,375,450,75.0,224.0,0,0,0,0,0
2,27,2,2024-02-27,DL,2991.0,LIT,ATL,580,725,85.0,453.0,0,0,0,0,0
4,6,6,2024-04-06,WN,2636.0,BUR,RNO,1095,1185,90.0,374.0,0,0,0,0,0
9,24,2,2024-09-24,WN,2571.0,LAS,SMF,1220,1315,95.0,397.0,0,0,0,0,0
8,1,4,2024-08-01,MQ,3472.0,DFW,ILM,1160,1403,183.0,1106.0,0,0,0,0,0
10,28,1,2024-10-28,AA,2746.0,LAX,DFW,480,789,189.0,1235.0,0,0,0,0,0
3,29,5,2024-03-29,AA,2564.0,DFW,ABQ,1377,1433,116.0,569.0,0,0,0,0,0
6,12,3,2024-06-12,WN,5035.0,ALB,BWI,1085,1165,80.0,289.0,0,0,0,0,0
4,20,6,2024-04-20,NK,1172.0,BOS,RSW,320,523,203.0,1249.0,0,0,0,0,0
2,21,3,2024-02-21,WN,1552.0,BWI,MSP,685,795,170.0,936.0,0,0,0,0,0
8,12,1,2024-08-12,9E,5496.0,ATL,SHV,1300,1347,107.0,551.0,0,0,0,0,0
3,11,1,2024-03-11,WN,1421.0,MDW,RSW,345,575,170.0,1105.0,0,0,0,0,0
6,6,4,2024-06-06,WN,1432.0,AUS,PHX,1170,1190,140.0,872.0,1,0,0,0,1
7,6,6,2024-07-06,OH,5272.0,GPT,CLT,768,945,117.0,577.0,0,0,0,0,0
1,13,6,2024-01-13,DL,2711.0,ATL,BWI,676,781,105.0,577.0,0,0,0,0,0
10,23,3,2024-10-23,UA,1265.0,DEN,BOI,970,1086,116.0,649.0,0,0,0,0,0
11,12,2,2024-11-12,AA,1160.0,JAX,MIA,360,445,85.0,335.0,0,0,0,0,0
11,26,2,2024-11-26,DL,1423.0,SMF,SLC,785,947,102.0,532.0,1,0,1,0,1
3,29,5,2024-03-29,B6,1732.0,LAX,SLC,955,1125,110.0,590.0,0,0,0,0,0
1,8,1,2024-01-08,UA,1990.0,AUS,ORD,1059,1225,166.0,977.0,0,0,0,0,0
8,6,2,2024-08-06,MQ,3485.0,SJT,DFW,1096,1163,67.0,229.0,0,0,0,0,0
2,19,1,2024-02-19,UA,1878.0,RDU,ORD,617,708,151.0,646.0,0,0,0,0,0
1,8,1,2024-01-08,AA,1393.0,BNA,LAX,450,614,284.0,1797.0,1,0,0,0,0
1,17,3,2024-01-17,AA,2293.0,ORF,CLT,962,1050,88.0,290.0,0,0,0,0,1
10,15,2,2024-10-15,UA,406.0,LAS,EWR,1439,475,296.0,2227.0,0,0,0,0,0
8,17,6,2024-08-17,DL,2813.0,ORD,MSP,1035,1140,105.0,334.0,0,0,0,0,0
9,23,1,2024-09-23,F9,3141.0,CLT,ORD,746,807,121.0,599.0,1,0,1,0,1
8,31,6,2024-08-31,AA,2249.0,PHX,ORD,615,950,215.0,1440.0,0,0,0,0,0
9,10,2,2024-09-10,UA,2438.0,ICT,DEN,590,620,90.0,420.0,0,0,0,0,0
9,21,6,2024-09-21,AA,2360.0,DFW,TUL,995,1066,71.0,237.0,1,0,0,0,0
8,18,7,2024-08-18,G4,353.0,BNA,FAR,440,595,155.0,910.0,0,0,0,0,0
4,29,1,2024-04-29,WN,4108.0,PDX,PHX,435,590,155.0,1009.0,0,0,0,0,0
12,7,6,2024-12-07,WN,3939.0,SAV,MDW,915,990,135.0,758.0,0,0,0,0,0
12,3,2,2024-12-03,OO,5955.0,LAX,SBA,680,738,58.0,89.0,0,0,0,0,0
4,14,7,2024-04-14,AA,2293.0,MEM,DFW,641,749,108.0,431.0,0,0,0,0,0
9,7,6,2024-09-07,OO,4816.0,PHX,ABQ,1150,1288,78.0,328.0,0,0,0,0,0
5,26,7,2024-05-26,WN,1196.0,BNA,STL,1365,1435,70.0,272.0,0,0,1,0,0
7,28,7,2024-07-28,DL,1328.0,MIA,ATL,1186,1320,134.0,594.0,0,0,1,0,1
10,21,1,2024-10-21,OO,5644.0,SFO,BOI,1105,1268,103.0,522.0,0,0,0,0,0
9,22,7,2024-09-22,NK,942.0,CHS,EWR,782,896,114.0,628.0,0,0,1,0,0
2,8,4,2024-02-08,WN,742.0,MKE,MCO,305,540,175.0,1066.0,0,0,0,0,0
11,4,1,2024-11-04,B6,1824.0,LAX,JFK,840,1348,328.0,2475.0,0,0,0,0,0
5,11,6,2024-05-11,UA,2278.0,ORD,SEA,971,1125,274.0,1721.0,0,0,0,0,0
7,15,1,2024-07-15,WN,6322.0,AUS,BNA,1095,1220,125.0,756.0,1,0,0,0,1
9,24,2,2024-09-24,UA,1220.0,DEN,DTW,1070,1363,173.0,1123.0,0,0,0,0,0
2,23,5,2024-02-23,9E,5409.0,LGA,IND,1200,1350,150.0,660.0,0,0,0,0,0
12,5,4,2024-12-05,AA,1904.0,CLT,RDU,1105,1160,55.0,130.0,0,0,0,0,0
10,25,5,2024-10-25,WN,1010.0,DAL,DEN,930,995,125.0,651.0,1,0,0,0,1
3,1,5,2024-03-01,YX,5744.0,BOS,DCA,450,566,116.0,399.0,0,0,0,0,0
7,15,1,2024-07-15,DL,1718.0,DTW,IAH,969,1083,174.0,1075.0,0,0,0,0,0
10,24,4,2024-10-24,AS,1123.0,SFO,SEA,480,617,137.0,679.0,0,0,0,0,0
8,15,4,2024-08-15,WN,3370.0,SAN,SFO,480,570,90.0,447.0,1,0,1,0,0
3,31,7,2024-03-31,WN,1326.0,RDU,AUS,720,860,200.0,1162.0,0,0,0,0,0
10,3,4,2024-10-03,WN,692.0,BUR,PHX,1190,1280,90.0,369.0,0,0,0,0,0
11,14,4,2024-11-14,OO,4708.0,SFO,ACV,600,679,79.0,250.0,0,0,1,0,1
11,28,4,2024-11-28,UA,662.0,BOS,DEN,550,721,291.0,1754.0,0,0,0,0,0
2,13,2,2024-02-13,9E,5107.0,GSO,LGA,1093,1200,107.0,461.0,0,0,0,0,0
11,21,4,2024-11-21,B6,2029.0,JFK,RSW,872,1065,193.0,1074.0,1,0,1,0,0
11,25,1,2024-11-25,MQ,3830.0,ROC,ORD,696,755,119.0,528.0,0,0,0,0,0
11,25,1,2024-11-25,MQ,3887.0,DFW,CMI,1110,1229,119.0,693.0,0,0,0,0,0
7,28,7,2024-07-28,G4,1460.0,SGF,VPS,881,988,107.0,610.0,0,0,0,0,0
4,17,3,2024-04-17,OO,3405.0,SEA,PDX,1035,1089,54.0,129.0,0,0,0,0,0
6,3,1,2024-06-03,WN,660.0,TPA,MSY,1235,1275,100.0,488.0,0,0,0,0,0
9,15,7,2024-09-15,MQ,3792.0,ORD,AVL,823,980,97.0,536.0,0,0,1,0,0
7,14,7,2024-07-14,WN,3984.0,SNA,DEN,880,1080,140.0,846.0,0,0,1,0,1
6,26,3,2024-06-26,DL,2623.0,LAS,SEA,835,1004,169.0,867.0,0,0,0,0,0
8,7,3,2024-08-07,YX,4318.0,LIT,LGA,415,652,177.0,1085.0,0,0,0,0,0
10,10,4,2024-10-10,UA,2473.0,EWR,IAH,480,650,230.0,1400.0,0,0,0,0,0
2,1,4,2024-02-01,F9,2209.0,MDW,DEN,1348,24,176.0,895.0,0,0,0,0,0
12,5,4,2024-12-05,DL,492.0,DTW,SAN,510,635,305.0,1956.0,0,0,0,0,0
3,22,5,2024-03-22,NK,3054.0,DTW,MIA,1281,30,189.0,1145.0,1,0,1,0,0
3,23,6,2024-03-23,AA,1292.0,LAX,BNA,606,956,230.0,1797.0,0,0,0,0,0
4,4,4,2024-04-04,WN,3929.0,IAH,LAS,410,490,200.0,1222.0,0,0,0,0,0
5,9,4,2024-05-09,DL,2985.0,BOS,MSY,440,601,221.0,1368.0,0,0,0,0,0
9,10,2,2024-09-10,DL,1298.0,ATL,DTW,560,673,113.0,594.0,0,0,0,0,0
5,15,3,2024-05-15,WN,3495.0,SAT,BWI,370,630,200.0,1407.0,0,0,0,0,0
3,29,5,2024-03-29,AA,1992.0,DFW,SEA,621,783,282.0,1660.0,0,0,0,0,0
11,5,2,2024-11-05,WN,2738.0,TUL,DAL,1055,1125,70.0,238.0,0,0,0,0,0
2,20,2,2024-02-20,MQ,3925.0,CID,DFW,1153,1310,157.0,685.0,0,0,0,0,0
3,15,5,2024-03-15,NK,1839.0,ORD,MIA,611,864,193.0,1197.0,0,0,0,0,0
6,25,2,2024-06-25,UA,2096.0,LAX,EWR,1395,447,312.0,2454.0,0,0,0,0,0
6,19,3,2024-06-19,UA,1544.0,IAH,CLE,440,669,169.0,1091.0,0,0,0,0,0
12,9,1,2024-12-09,WN,5304.0,LAS,EUG,625,765,140.0,700.0,0,0,0,1,0
12,1,7,2024-12-01,YX,3439.0,ORF,IAD,865,945,80.0,157.0,1,0,1,0,0
1,10,3,2024-01-10,YX,5732.0,DCA,BOS,1020,1123,103.0,399.0,0,0,0,0,0
11,5,2,2024-11-05,WN,3109.0,MDW,PHX,1050,1225,235.0,1444.0,0,0,0,0,0
4,11,4,2024-04-11,WN,5628.0,HOU,ATL,1065,1250,125.0,696.0,0,0,0,0,0
1,7,7,2024-01-07,AA,1758.0,DFW,MEM,1145,1234,89.0,431.0,0,0,0,0,0
6,1,6,2024-06-01,G4,617.0,IND,FLL,937,1098,161.0,1005.0,0,0,1,0,1
11,25,1,2024-11-25,9E,4850.0,IND,JFK,770,901,131.0,665.0,0,0,0,0,1
2,12,1,2024-02-12,UA,2488.0,IAH,MCI,1215,1335,120.0,643.0,0,0,0,0,0
9,27,5,2024-09-27,OO,3765.0,MKE,JFK,780,989,149.0,745.0,0,0,0,0,0
8,29,4,2024-08-29,AA,2176.0,CLT,SLC,1166,1306,260.0,1727.0,0,0,0,0,0
10,18,5,2024-10-18,YX,4478.0,TUL,LGA,415,660,185.0,1231.0,0,0,0,0,0
5,7,2,2024-05-07,YX,4590.0,LGA,CLE,470,569,99.0,419.0,0,0,0,0,0
8,1,4,2024-08-01,WN,1614.0,DEN,MCI,480,635,95.0,533.0,0,0,0,0,0
1,14,7,2024-01-14,AA,356.0,PHX,DFW,495,695,140.0,868.0,0,0,0,0,0
1,1,1,2024-01-01,DL,1701.0,ORD,ATL,341,524,123.0,606.0,0,0,0,0,0
1,3,3,2024-01-03,NK,763.0,ORD,RSW,590,829,179.0,1120.0,1,0,1,0,0
5,29,3,2024-05-29,DL,839.0,DFW,ATL,567,757,130.0,731.0,0,0,0,0,0
5,8,3,2024-05-08,WN,5045.0,ONT,OAK,450,525,75.0,362.0,0,0,0,0,0
5,2,4,2024-05-02,WN,1168.0,LAS,SAT,805,1085,160.0,1069.0,0,0,0,0,0
12,15,7,2024-12-15,MQ,3706.0,ABI,DFW,305,366,61.0,158.0,0,0,0,0,0
12,8,7,2024-12-08,DL,719.0,ATL,IAD,779,880,101.0,534.0,0,0,0,0,0
1,7,7,2024-01-07,DL,1780.0,SJU,BOS,831,1041,270.0,1674.0,0,0,0,0,0
7,19,5,2024-07-19,AS,512.0,SFO,AUS,420,763,223.0,1504.0,0,0,0,0,0
7,31,3,2024-07-31,WN,492.0,MDW,BOS,470,665,135.0,861.0,0,0,0,0,0
5,24,5,2024-05-24,UA,765.0,DEN,SAN,1260,1342,142.0,853.0,1,0,0,0,1
3,8,5,2024-03-08,YX,4265.0,DCA,LGA,419,508,89.0,214.0,0,0,0,0,0
1,28,7,2024-01-28,WN,2624.0,LAS,DEN,710,885,115.0,628.0,0,0,0,0,0
9,28,6,2024-09-28,DL,2085.0,MSY,LAX,360,490,250.0,1670.0,0,0,0,0,0
2,4,7,2024-02-04,WN,2810.0,LIT,DAL,1135,1210,75.0,296.0,0,0,0,0,0
4,25,4,2024-04-25,WN,875.0,AUS,BWI,1195,5,190.0,1342.0,0,0,0,0,1
3,25,1,2024-03-25,DL,978.0,DCA,ATL,840,960,120.0,547.0,0,0,0,0,0
10,10,4,2024-10-10,F9,3384.0,SFO,SAN,938,1038,100.0,447.0,0,0,0,0,0
10,14,1,2024-10-14,9E,5316.0,JFK,RIC,490,591,101.0,288.0,0,0,0,0,0
2,17,6,2024-02-17,WN,343.0,LAS,BWI,400,845,265.0,2106.0,0,0,0,0,0
6,7,5,2024-06-07,WN,785.0,BOS,BNA,325,420,155.0,942.0,0,0,0,0,0
2,10,6,2024-02-10,UA,2431.0,IAH,LAX,321,430,229.0,1379.0,0,0,0,0,0
6,30,7,2024-06-30,OO,3387.0,SJC,LAX,1140,1224,84.0,308.0,0,0,1,0,0
8,9,5,2024-08-09,NK,714.0,PIT,EWR,1029,1121,92.0,319.0,1,0,1,0,0
3,27,3,2024-03-27,B6,2735.0,SFO,LAX,843,931,88.0,337.0,0,0,0,0,0
1,27,6,2024-01-27,YX,4615.0,ORD,GRR,594,721,67.0,137.0,0,0,0,0,0
8,23,5,2024-08-23,OH,5366.0,CRW,CLT,657,739,82.0,221.0,0,0,0,0,0
9,28,6,2024-09-28,UA,488.0,SFO,IAH,556,913,237.0,1635.0,0,0,0,0,0
12,21,6,2024-12-21,OO,5893.0,SFO,SUN,635,823,128.0,587.0,0,0,0,0,0
7,28,7,2024-07-28,UA,701.0,IAH,SJU,905,1238,273.0,2007.0,0,1,0,0,0
7,27,6,2024-07-27,OH,5336.0,GPT,DFW,336,445,109.0,500.0,0,0,0,0,0
7,12,5,2024-07-12,WN,4958.0,ELP,SAT,605,750,85.0,496.0,1,0,1,0,1
7,6,6,2024-07-06,AS,494.0,SEA,SAT,660,1024,244.0,1774.0,0,0,0,0,0
8,16,5,2024-08-16,OO,4075.0,CLE,DTW,619,669,50.0,95.0,1,0,0,0,0
5,7,2,2024-05-07,NK,2321.0,MCO,EWR,1379,105,166.0,937.0,0,0,0,0,0
2,27,2,2024-02-27,AA,712.0,STL,CLT,430,599,109.0,575.0,0,0,0,0,0
10,27,7,2024-10-27,B6,319.0,JFK,ATL,510,669,159.0,760.0,0,0,0,0,0
1,7,7,2024-01-07,DL,2158.0,PDX,MSP,757,1068,191.0,1426.0,0,0,0,0,0
3,19,2,2024-03-19,OO,5624.0,ATW,ORD,640,721,81.0,160.0,0,0,0,0,0
12,27,5,2024-12-27,G4,1559.0,ATW,SFB,914,1156,182.0,1141.0,0,0,1,0,0
2,26,1,2024-02-26,AA,2128.0,DCA,MCO,496,641,145.0,759.0,0,0,0,0,0
5,22,3,2024-05-22,F9,690.0,DEN,DCA,985,1319,214.0,1476.0,0,0,0,0,0
10,1,2,2024-10-01,OO,5270.0,DEN,RAP,805,885,80.0,300.0,0,0,0,0,0
7,28,7,2024-07-28,OO,4048.0,FWA,ATL,677,784,107.0,508.0,1,0,0,0,0
9,4,3,2024-09-04,DL,2799.0,BWI,ATL,995,1116,121.0,577.0,0,0,0,0,0
3,7,4,2024-03-07,9E,4906.0,LGA,PIT,730,828,98.0,335.0,0,0,0,0,0
3,29,5,2024-03-29,9E,4987.0,CVG,LGA,840,958,118.0,585.0,0,0,0,0,0
8,31,6,2024-08-31,UA,2269.0,DEN,RDU,588,910,202.0,1436.0,0,0,1,0,1
8,14,3,2024-08-14,WN,197.0,PHX,DAL,895,1155,140.0,879.0,0,0,0,0,0
9,27,5,2024-09-27,WN,1529.0,IND,TPA,1205,1335,130.0,837.0,1,0,0,0,1
7,31,3,2024-07-31,WN,3322.0,LGB,SMF,430,510,80.0,387.0,0,0,0,0,0
6,18,2,2024-06-18,DL,3170.0,ATL,MYR,1010,1087,77.0,317.0,0,0,0,0,0
8,9,5,2024-08-09,WN,3456.0,LAX,LAS,360,440,80.0,236.0,0,0,0,0,0
12,17,2,2024-12-17,DL,1082.0,BDL,ATL,870,1025,155.0,859.0,0,0,0,0,0
9,6,5,2024-09-06,G4,2109.0,FLL,CVG,850,1004,154.0,932.0,0,0,1,0,0
5,31,5,2024-05-31,WN,403.0,AUS,DEN,315,390,135.0,775.0,0,1,1,0,0
1,12,5,2024-01-12,WN,2833.0,OAK,LAS,745,835,90.0,407.0,1,0,0,0,1
9,14,6,2024-09-14,UA,1298.0,EWR,BOS,1215,1296,81.0,200.0,0,0,0,0,0
11,24,7,2024-11-24,HA,163.0,HNL,LIH,480,521,41.0,102.0,0,0,0,0,0
7,12,5,2024-07-12,UA,1233.0,DEN,EWR,695,1054,239.0,1605.0,0,0,1,0,0
2,15,4,2024-02-15,AA,1941.0,ORD,PHL,1013,1184,111.0,678.0,0,0,0,0,0
8,19,1,2024-08-19,AA,445.0,SAV,MIA,360,454,94.0,440.0,0,0,0,0,0
11,20,3,2024-11-20,WN,1371.0,STL,MIA,535,760,165.0,1068.0,0,0,0,0,0
5,16,4,2024-05-16,DL,383.0,LAS,JFK,940,1439,319.0,2248.0,0,0,0,0,0
8,9,5,2024-08-09,DL,2633.0,RDU,ATL,689,775,86.0,356.0,0,0,0,0,0
1,6,6,2024-01-06,OO,4149.0,PIH,SLC,370,429,59.0,150.0,0,0,0,0,0
5,1,3,2024-05-01,AA,2692.0,LGA,MIA,405,598,193.0,1096.0,0,0,0,0,0
11,11,1,2024-11-11,WN,2153.0,SAN,DAL,820,1110,170.0,1182.0,1,0,0,0,1
5,2,4,2024-05-02,9E,5544.0,MSP,SDF,920,1093,113.0,604.0,0,0,0,0,0
8,9,5,2024-08-09,WN,1096.0,OGG,KOA,455,495,40.0,84.0,0,0,0,0,0
2,26,1,2024-02-26,UA,2480.0,SFO,IAH,785,1137,232.0,1635.0,0,0,1,0,0
12,21,6,2024-12-21,UA,231.0,DCA,IAH,360,523,223.0,1208.0,0,0,0,0,0
10,23,3,2024-10-23,UA,617.0,ORD,CHS,1104,1304,140.0,760.0,0,0,0,0,1
9,8,7,2024-09-08,OO,5043.0,IAD,JST,765,825,60.0,120.0,0,0,0,0,0
2,11,7,2024-02-11,WN,3289.0,AUS,ELP,1240,1280,100.0,528.0,0,0,0,0,0
3,10,7,2024-03-10,AA,1617.0,TUS,ORD,360,683,203.0,1437.0,0,0,0,0,0
8,4,7,2024-08-04,F9,3022.0,DFW,ATL,345,543,138.0,731.0,0,0,0,0,0
11,29,5,2024-11-29,AA,1399.0,DCA,BOS,1020,1122,102.0,399.0,1,0,0,0,1
3,25,1,2024-03-25,AA,2096.0,LIT,CLT,665,840,115.0,640.0,0,0,0,0,1
2,3,6,2024-02-03,MQ,3348.0,HDN,ORD,778,1010,172.0,1009.0,0,0,1,0,0
12,21,6,2024-12-21,WN,4419.0,MCO,SLC,975,1155,300.0,1931.0,0,0,0,0,1
8,17,6,2024-08-17,OH,5323.0,BTV,CLT,1165,1309,144.0,761.0,0,0,0,0,0
6,26,3,2024-06-26,DL,2613.0,SEA,SAN,935,1105,170.0,1050.0,0,0,0,0,0
7,8,1,2024-07-08,AA,1782.0,MCO,ORD,1121,1244,183.0,1005.0,0,1,0,0,0
1,18,4,2024-01-18,MQ,3625.0,DFW,FAR,640,809,169.0,968.0,0,0,0,0,0
7,19,5,2024-07-19,DL,519.0,ATL,DEN,976,1049,193.0,1199.0,1,0,0,0,0
4,19,5,2024-04-19,WN,4557.0,LAS,SNA,1255,1330,75.0,226.0,0,0,0,0,0
6,23,7,2024-06-23,AA,1851.0,MIA,LAS,600,741,321.0,2174.0,0,0,0,0,0
8,23,5,2024-08-23,AA,2790.0,DFW,IAH,1256,1332,76.0,224.0,0,0,0,0,0
10,15,2,2024-10-15,AA,3012.0,PHX,LAX,1092,1180,88.0,370.0,0,0,0,0,0
5,7,2,2024-05-07,OO,3166.0,LAX,SLC,961,1128,107.0,590.0,0,0,0,0,0
9,17,2,2024-09-17,DL,3063.0,ATL,GPT,1075,1096,81.0,352.0,0,0,0,0,0
7,3,3,2024-07-03,WN,4776.0,OAK,MCI,370,690,200.0,1489.0,0,0,0,0,0
11,2,6,2024-11-02,WN,2865.0,MIA,DAL,840,965,185.0,1109.0,0,0,0,0,0
7,30,2,2024-07-30,OO,6277.0,DRO,PHX,1155,1181,86.0,351.0,0,0,0,0,0
3,20,3,2024-03-20,UA,2611.0,SFO,PDX,1013,1131,118.0,550.0,0,0,0,0,0
6,11,2,2024-06-11,9E,5350.0,CHS,DTW,780,905,125.0,667.0,0,0,0,0,0
5,10,5,2024-05-10,OO,5906.0,BNA,ORD,465,584,119.0,409.0,0,0,0,0,0
1,20,6,2024-01-20,B6,2466.0,FLL,BUF,396,577,181.0,1166.0,0,0,0,0,0
7,11,4,2024-07-11,OH,5056.0,CLT,MDT,1080,1182,102.0,413.0,0,0,0,0,0
8,10,6,2024-08-10,DL,881.0,MSP,SEA,1121,1240,239.0,1399.0,0,0,0,0,0
9,17,2,2024-09-17,OO,4970.0,JAC,LAX,891,980,149.0,784.0,0,0,0,0,0
4,13,6,2024-04-13,YX,5802.0,CVG,BOS,910,1044,134.0,752.0,0,0,0,0,0
3,18,1,2024-03-18,DL,1446.0,MSP,RDU,837,1038,141.0,980.0,0,0,0,0,0
7,6,6,2024-07-06,OO,4856.0,TUS,LAX,420,519,99.0,451.0,0,0,0,0,0
11,21,4,2024-11-21,F9,2716.0,CLE,RSW,830,999,169.0,1025.0,0,0,0,0,0
4,19,5,2024-04-19,AA,2108.0,ORD,FLL,509,749,180.0,1182.0,0,0,0,0,0
7,13,6,2024-07-13,9E,5032.0,SAV,JFK,420,549,129.0,718.0,1,0,0,0,0
10,3,4,2024-10-03,9E,4964.0,MKE,LGA,1020,1222,142.0,738.0,0,0,0,0,0
3,24,7,2024-03-24,UA,594.0,DEN,PHX,1180,1243,123.0,602.0,0,0,0,0,0
5,18,6,2024-05-18,YX,4301.0,BOS,ORD,600,720,180.0,867.0,0,0,0,0,0
12,7,6,2024-12-07,MQ,3486.0,FAR,DFW,1016,1183,167.0,968.0,1,0,1,0,0
11,11,1,2024-11-11,F9,1483.0,ORD,DEN,1080,1202,182.0,888.0,0,0,0,0,0
9,17,2,2024-09-17,YX,5673.0,LGA,CMH,695,812,117.0,479.0,0,0,0,0,0
11,3,7,2024-11-03,NK,2555.0,LAS,SNA,896,970,74.0,226.0,1,0,1,0,0
1,23,2,2024-01-23,OO,3673.0,MSP,DLH,549,612,63.0,144.0,0,0,0,0,0
1,22,1,2024-01-22,AA,332.0,PHX,ORD,682,962,220.0,1440.0,1,0,0,0,1
4,17,3,2024-04-17,OO,5669.0,ORD,CAK,875,1023,88.0,343.0,1,0,0,0,0
9,20,5,2024-09-20,WN,1374.0,OAK,LAS,1055,1150,95.0,407.0,0,1,0,0,1
8,22,4,2024-08-22,DL,2881.0,ATL,MCO,1165,1255,90.0,404.0,0,0,0,0,0
3,18,1,2024-03-18,DL,1423.0,ATL,ORD,1355,1417,122.0,606.0,0,0,0,0,0
7,14,7,2024-07-14,YX,4316.0,LGA,LIT,1052,1186,194.0,1085.0,0,0,1,0,1
12,1,7,2024-12-01,AA,573.0,CLT,AUS,900,1028,188.0,1032.0,1,0,1,0,1
3,4,1,2024-03-04,AA,1208.0,DFW,BUR,615,713,218.0,1231.0,0,0,0,0,0
6,8,6,2024-06-08,UA,1925.0,DEN,DSM,1075,1241,106.0,589.0,0,1,1,0,0
2,16,5,2024-02-16,WN,1686.0,SAV,BWI,515,615,100.0,549.0,0,0,0,0,0
5,22,3,2024-05-22,DL,2118.0,SAN,MSP,712,1051,219.0,1532.0,0,0,0,0,0
8,23,5,2024-08-23,UA,382.0,IAH,SAT,1090,1154,64.0,191.0,0,0,0,0,0
3,22,5,2024-03-22,NK,3121.0,MIA,BNA,1014,1102,148.0,806.0,1,0,1,0,1
1,6,6,2024-01-06,B6,667.0,HPN,PBI,625,805,180.0,1056.0,1,0,1,0,0
5,20,1,2024-05-20,OH,5586.0,CLT,SBN,897,1015,118.0,534.0,0,0,0,0,0
10,19,6,2024-10-19,OO,4236.0,HIB,MSP,1057,1119,62.0,174.0,0,0,0,0,0
9,8,7,2024-09-08,WN,3242.0,SAN,MSY,870,1205,215.0,1599.0,0,0,0,0,0
10,3,4,2024-10-03,DL,2361.0,DCA,DTW,775,866,91.0,405.0,0,0,0,0,0
7,5,5,2024-07-05,WN,4259.0,BNA,RDU,615,765,90.0,442.0,1,0,1,0,0
11,22,5,2024-11-22,MQ,4073.0,CMI,DFW,300,448,148.0,693.0,0,0,0,0,0
8,24,6,2024-08-24,NK,147.0,CLE,MCO,1312,23,151.0,895.0,0,0,0,0,0
12,14,6,2024-12-14,WN,2048.0,DEN,TUS,940,1060,120.0,639.0,1,0,0,0,1
12,21,6,2024-12-21,OO,4262.0,MSP,ABR,765,845,80.0,257.0,0,0,0,0,0
3,24,7,2024-03-24,WN,3419.0,ORF,BWI,600,660,60.0,159.0,0,0,0,0,0
6,29,6,2024-06-29,B6,2903.0,JFK,SJU,1379,177,238.0,1598.0,1,0,1,0,0
8,10,6,2024-08-10,WN,433.0,DEN,COS,840,885,45.0,73.0,0,0,0,0,0
9,18,3,2024-09-18,AS,492.0,SEA,ATL,955,1420,285.0,2182.0,0,0,0,0,0
8,20,2,2024-08-20,DL,514.0,BOS,PHX,1005,1161,336.0,2300.0,1,0,0,0,1
4,18,4,2024-04-18,DL,715.0,SFO,SLC,805,979,114.0,599.0,0,0,0,0,1
4,3,3,2024-04-03,OH,5602.0,SDF,DCA,680,779,99.0,474.0,0,0,0,0,0
3,10,7,2024-03-10,AA,489.0,DCA,ORD,750,826,136.0,612.0,0,0,0,0,0
11,4,1,2024-11-04,9E,4952.0,IND,LGA,1096,1229,133.0,660.0,0,0,0,0,0
10,3,4,2024-10-03,YX,4641.0,BOS,CMH,1181,1315,134.0,640.0,0,0,0,0,0
9,16,1,2024-09-16,UA,2270.0,LAX,SFO,835,918,83.0,337.0,1,0,1,0,1
10,30,3,2024-10-30,WN,3638.0,BWI,MKE,845,905,120.0,641.0,0,0,0,0,0
10,11,5,2024-10-11,OH,5130.0,DCA,MSP,923,1036,173.0,931.0,0,0,0,0,0
12,25,3,2024-12-25,G4,894.0,SPI,PGD,1125,1340,155.0,994.0,1,0,1,0,0
6,1,6,2024-06-01,AA,1960.0,SFO,CLT,426,913,307.0,2296.0,0,0,0,0,0
6,26,3,2024-06-26,OO,4679.0,DEN,DRO,580,654,74.0,251.0,0,0,0,0,0
12,8,7,2024-12-08,MQ,3547.0,DFW,CID,662,785,123.0,685.0,0,0,0,0,0
11,6,3,2024-11-06,WN,2529.0,STL,HOU,655,790,135.0,687.0,0,0,0,0,0
7,9,2,2024-07-09,AS,1452.0,PAE,LAX,1180,1344,164.0,984.0,0,0,0,0,0
8,27,2,2024-08-27,OO,6230.0,LAX,ELP,480,664,124.0,715.0,0,0,0,0,0
8,27,2,2024-08-27,AA,750.0,RDU,CLT,768,835,67.0,130.0,0,0,0,0,0
4,8,1,2024-04-08,OH,5245.0,CAE,CLT,769,833,64.0,88.0,0,0,0,0,0
10,30,3,2024-10-30,WN,2789.0,DTW,STL,450,480,90.0,440.0,0,0,0,0,0
2,17,6,2024-02-17,AA,2672.0,DFW,PDX,646,791,265.0,1616.0,0,0,0,0,0
8,7,3,2024-08-07,AA,1866.0,PHX,ORD,22,351,209.0,1440.0,0,0,0,0,0
8,1,4,2024-08-01,WN,680.0,LAS,ONT,1065,1130,65.0,197.0,0,0,0,0,0
12,22,7,2024-12-22,F9,2290.0,MCO,SYR,401,572,171.0,1053.0,0,0,0,0,0
9,19,4,2024-09-19,OO,5251.0,ORD,TUS,1185,1311,246.0,1437.0,1,0,0,0,0
4,23,2,2024-04-23,AA,1677.0,SMF,PHX,778,888,110.0,647.0,0,0,0,0,0
12,26,4,2024-12-26,DL,662.0,PDX,ATL,435,902,287.0,2172.0,0,0,0,0,0
5,18,6,2024-05-18,OO,5383.0,ORD,TVC,525,664,79.0,224.0,0,0,0,0,0
8,20,2,2024-08-20,DL,481.0,SEA,OGG,830,1023,373.0,2640.0,0,0,0,0,0
6,25,2,2024-06-25,OH,5433.0,DCA,ALB,617,715,98.0,318.0,0,0,0,0,0
9,19,4,2024-09-19,MQ,3576.0,MIA,EYW,989,1049,60.0,126.0,0,1,1,0,1
11,21,4,2024-11-21,AA,2633.0,TPA,LAX,1115,1256,321.0,2158.0,0,0,0,0,0
10,6,7,2024-10-06,NK,3170.0,OAK,LAS,1010,1100,90.0,407.0,0,0,0,0,0
5,4,6,2024-05-04,F9,1713.0,MCO,CVG,325,466,141.0,757.0,0,0,0,0,0
4,24,3,2024-04-24,OH,5016.0,CLT,CHS,1005,1072,67.0,168.0,0,0,0,0,0
5,31,5,2024-05-31,MQ,3328.0,DFW,HSV,1275,1385,110.0,603.0,1,0,0,0,0
4,14,7,2024-04-14,WN,3676.0,DEN,PDX,1345,5,160.0,991.0,0,0,0,0,0
10,27,7,2024-10-27,WN,758.0,PHX,SAT,510,760,130.0,843.0,0,0,0,0,0
12,14,6,2024-12-14,WN,4714.0,MSY,DAL,965,1060,95.0,436.0,0,0,0,0,0
4,12,5,2024-04-12,AA,1914.0,ORF,DFW,1152,1305,213.0,1212.0,0,0,0,0,0
3,28,4,2024-03-28,OH,5655.0,CLT,MHT,1290,1424,134.0,737.0,0,0,0,0,0
1,21,7,2024-01-21,DL,2460.0,RDU,MCO,1109,1222,113.0,534.0,0,0,0,0,1
7,15,1,2024-07-15,DL,1109.0,ABQ,ATL,971,1284,193.0,1269.0,0,0,0,0,0
6,22,6,2024-06-22,WN,1282.0,SAN,HOU,1130,5,195.0,1313.0,1,0,0,0,1
7,12,5,2024-07-12,WN,1947.0,HNL,LIH,760,805,45.0,102.0,0,0,0,0,0
3,3,7,2024-03-03,AA,1442.0,BOS,DFW,857,1090,293.0,1562.0,0,0,0,0,0
4,12,5,2024-04-12,WN,2759.0,OAK,LGB,675,760,85.0,353.0,1,0,0,0,1
12,9,1,2024-12-09,WN,2775.0,MCI,DCA,755,955,140.0,949.0,0,0,0,0,0
11,13,3,2024-11-13,WN,4414.0,MCO,PVD,1005,1165,160.0,1072.0,0,0,0,0,0
11,9,6,2024-11-09,OH,5311.0,CLT,MLB,1045,1149,104.0,490.0,0,0,0,0,0
6,11,2,2024-06-11,AA,2061.0,DFW,CID,1005,1130,125.0,685.0,1,0,0,0,1
12,23,1,2024-12-23,AA,2968.0,CLT,PBI,1130,1246,116.0,590.0,0,0,0,0,0
6,9,7,2024-06-09,WN,1685.0,TPA,DCA,660,800,140.0,814.0,0,0,0,0,0
3,20,3,2024-03-20,UA,1577.0,LGA,ORD,485,595,170.0,733.0,0,0,0,0,0
6,28,5,2024-06-28,AS,102.0,ANC,SEA,300,569,209.0,1448.0,0,0,0,0,0
9,13,5,2024-09-13,AS,1319.0,SFO,SEA,1295,1422,127.0,679.0,0,0,0,0,0
4,2,2,2024-04-02,AS,439.0,IAH,SEA,1139,1314,295.0,1874.0,0,0,0,0,0
11,21,4,2024-11-21,WN,1029.0,MIA,STL,940,1055,175.0,1068.0,0,0,0,0,0
4,23,2,2024-04-23,AA,1296.0,IND,DFW,412,504,152.0,761.0,0,0,0,0,0
4,18,4,2024-04-18,OH,5435.0,CLT,DAY,1153,1248,95.0,370.0,1,0,1,0,0
9,26,4,2024-09-26,OO,6333.0,DFW,ROW,1367,1403,96.0,435.0,0,0,0,0,0
12,18,3,2024-12-18,WN,2248.0,GSP,ATL,845,905,60.0,153.0,0,0,0,0,0
8,17,6,2024-08-17,MQ,4009.0,DFW,AUS,790,853,63.0,190.0,0,0,0,0,0
7,1,1,2024-07-01,WN,717.0,MCI,HOU,1125,1240,115.0,666.0,0,0,0,0,0
3,29,5,2024-03-29,NK,2078.0,MCO,BWI,1290,1430,140.0,787.0,0,0,0,0,0
12,2,1,2024-12-02,UA,2737.0,EWR,STL,1289,1408,179.0,872.0,0,0,0,0,0
11,3,7,2024-11-03,DL,878.0,DFW,LGA,595,858,203.0,1389.0,0,0,0,0,0
12,21,6,2024-12-21,OO,4036.0,RDM,SEA,300,400,100.0,228.0,0,0,0,0,0
3,23,6,2024-03-23,AA,1153.0,MCO,DCA,839,974,135.0,759.0,1,0,0,0,1
3,22,5,2024-03-22,DL,1233.0,JFK,AUS,1130,1335,265.0,1521.0,0,0,0,0,0
3,20,3,2024-03-20,OH,5451.0,CLT,PIA,1285,1357,132.0,607.0,0,0,0,0,0
11,22,5,2024-11-22,B6,2523.0,DCA,MCO,1080,1232,152.0,759.0,1,0,0,0,1
8,10,6,2024-08-10,UA,2343.0,RSW,DEN,955,1089,254.0,1607.0,0,0,0,0,0
7,25,4,2024-07-25,B6,109.0,BOS,JAX,650,822,172.0,1010.0,1,0,1,0,0
4,15,1,2024-04-15,AA,2762.0,CLT,GSO,1006,1056,50.0,83.0,0,0,0,0,0
3,12,2,2024-03-12,F9,3039.0,IAH,DEN,563,669,166.0,862.0,0,0,0,0,0
7,15,1,2024-07-15,WN,383.0,PHX,HOU,775,1050,155.0,1020.0,0,0,1,0,0
5,24,5,2024-05-24,DL,2164.0,DTW,RDU,615,715,100.0,501.0,1,0,0,0,0
11,3,7,2024-11-03,AA,3024.0,ELP,PHX,938,1022,84.0,347.0,0,0,0,0,0
12,12,4,2024-12-12,F9,1991.0,OKC,LAS,1103,1162,179.0,986.0,0,0,0,0,0
3,8,5,2024-03-08,B6,1354.0,ONT,JFK,1424,470,306.0,2429.0,0,0,0,0,0
3,5,2,2024-03-05,UA,1494.0,EWR,FLL,869,1057,188.0,1065.0,0,0,0,0,0
2,18,7,2024-02-18,AA,2510.0,TPA,DFW,1074,1193,179.0,929.0,0,0,0,0,0
11,2,6,2024-11-02,OO,3475.0,LAX,EUG,538,684,146.0,748.0,0,0,0,0,0
11,13,3,2024-11-13,AA,797.0,MSN,DFW,381,543,162.0,821.0,1,0,1,0,0
8,5,1,2024-08-05,UA,2354.0,SDF,DEN,555,613,178.0,1024.0,0,0,0,0,0
10,26,6,2024-10-26,AS,541.0,AUS,PDX,1199,1336,257.0,1715.0,0,0,0,0,0
8,31,6,2024-08-31,B6,1189.0,JFK,SAN,955,1134,359.0,2446.0,0,0,0,0,0
7,29,1,2024-07-29,AA,2692.0,BNA,CLT,404,550,86.0,328.0,0,0,0,0,0
12,29,7,2024-12-29,MQ,3561.0,GSO,MIA,325,460,135.0,710.0,0,0,0,0,0
5,15,3,2024-05-15,UA,2203.0,DEN,TUL,1050,1206,96.0,541.0,0,0,0,0,0
2,15,4,2024-02-15,NK,130.0,SJU,ORD,925,1128,323.0,2072.0,0,0,0,0,0
12,20,5,2024-12-20,DL,1676.0,ATL,SAT,501,603,162.0,874.0,0,0,0,0,0
2,23,5,2024-02-23,DL,2054.0,DTW,GRR,1319,1374,55.0,120.0,0,0,0,0,0
4,14,7,2024-04-14,AA,1803.0,MFE,DFW,1177,1279,102.0,469.0,0,0,0,0,0
9,9,1,2024-09-09,WN,2797.0,RNO,BUR,1095,1175,80.0,374.0,0,0,0,0,0
1,4,4,2024-01-04,AS,490.0,SEA,MSY,1392,345,273.0,2086.0,0,0,0,0,0
8,21,3,2024-08-21,WN,3950.0,SAN,AUS,990,1280,170.0,1164.0,0,0,0,0,0
5,2,4,2024-05-02,WN,1801.0,SAT,DEN,1075,1150,135.0,794.0,0,0,0,0,0
7,29,1,2024-07-29,DL,508.0,SEA,IAD,515,995,300.0,2306.0,0,0,0,0,0
9,9,1,2024-09-09,9E,4972.0,MSN,LGA,729,930,141.0,812.0,0,0,0,0,0
11,28,4,2024-11-28,WN,196.0,RDU,DEN,745,865,240.0,1436.0,1,0,0,0,1
7,15,1,2024-07-15,DL,665.0,ONT,ATL,683,1130,267.0,1900.0,0,0,0,0,0
5,17,5,2024-05-17,YX,5600.0,BOS,BWI,1045,1152,107.0,369.0,0,0,0,0,0
5,3,5,2024-05-03,WN,3720.0,AUS,PHX,670,700,150.0,872.0,0,0,0,0,0
4,24,3,2024-04-24,WN,5959.0,LGA,DEN,1240,1390,270.0,1620.0,0,0,0,0,0
5,31,5,2024-05-31,WN,1264.0,CMH,MDW,375,390,75.0,283.0,0,0,0,0,0
10,6,7,2024-10-06,HA,343.0,HNL,LIH,886,929,43.0,102.0,0,0,0,0,0
5,27,1,2024-05-27,DL,950.0,DCA,ATL,1065,1185,120.0,547.0,0,0,0,0,1
8,5,1,2024-08-05,AA,1310.0,DFW,PHL,1110,1367,197.0,1303.0,0,0,0,0,1
11,6,3,2024-11-06,AA,577.0,DFW,DEN,1257,1328,131.0,641.0,0,0,0,0,0
7,3,3,2024-07-03,AA,614.0,JAX,MIA,360,444,84.0,335.0,0,0,0,0,0
9,16,1,2024-09-16,WN,2529.0,HNL,KOA,1145,1195,50.0,163.0,0,0,0,0,0
6,13,4,2024-06-13,YX,5711.0,BOS,PHL,490,588,98.0,280.0,0,0,0,0,0
3,12,2,2024-03-12,AA,1235.0,ORD,AUS,1020,1195,175.0,977.0,0,0,0,0,1
5,20,1,2024-05-20,WN,2295.0,HNL,ITO,870,930,60.0,216.0,0,0,0,0,0
11,16,6,2024-11-16,OH,5378.0,CLT,ORF,999,1077,78.0,290.0,0,0,0,0,0
9,29,7,2024-09-29,AA,2947.0,GRR,CLT,701,818,117.0,583.0,0,0,0,0,0
2,16,5,2024-02-16,AA,1208.0,BUR,DFW,765,1070,185.0,1231.0,0,0,0,0,0
3,25,1,2024-03-25,DL,2934.0,STL,ATL,861,1012,91.0,484.0,1,0,0,0,1
10,9,3,2024-10-09,AS,66.0,JNU,SEA,1139,1341,142.0,909.0,0,0,1,0,0
1,29,1,2024-01-29,UA,689.0,IAD,MCO,1320,26,146.0,758.0,0,0,0,0,0
10,6,7,2024-10-06,OO,3894.0,PHX,LAX,975,1067,92.0,370.0,0,0,0,0,0
8,27,2,2024-08-27,WN,3845.0,BWI,BUF,1000,1075,75.0,281.0,0,0,0,0,0
12,22,7,2024-12-22,WN,274.0,AUS,SLC,565,685,180.0,1086.0,0,0,0,0,0
7,6,6,2024-07-06,YX,3500.0,JAX,ORD,977,1090,173.0,864.0,0,0,0,0,0
6,20,4,2024-06-20,WN,254.0,SMF,DEN,1110,1315,145.0,909.0,0,0,1,0,1
3,25,1,2024-03-25,WN,1260.0,SAN,DEN,755,955,140.0,853.0,0,0,0,0,0
9,17,2,2024-09-17,HA,322.0,HNL,ITO,846,901,55.0,216.0,0,0,0,0,0
2,5,1,2024-02-05,DL,2635.0,SRQ,ATL,1142,1247,105.0,444.0,0,0,0,0,0
8,2,5,2024-08-02,WN,2109.0,IND,DEN,1040,1085,165.0,977.0,0,0,1,0,0
8,11,7,2024-08-11,OO,3677.0,DTW,ROC,1275,1351,76.0,296.0,0,0,0,0,0
7,1,1,2024-07-01,WN,3852.0,ONT,DEN,310,505,135.0,819.0,0,0,0,0,0
8,7,3,2024-08-07,MQ,3766.0,BHM,CLT,1147,1299,92.0,350.0,0,0,1,0,1
3,23,6,2024-03-23,AA,763.0,CLT,ATL,1242,1316,74.0,226.0,1,0,0,0,1
5,24,5,2024-05-24,DL,2867.0,LAS,JFK,1379,420,301.0,2248.0,0,0,0,0,0
5,23,4,2024-05-23,DL,2190.0,SLC,LAS,1065,1090,85.0,368.0,0,0,1,0,0
6,6,4,2024-06-06,F9,3223.0,MSP,DFW,1063,1215,152.0,852.0,1,0,1,0,1
11,14,4,2024-11-14,MQ,3651.0,MIA,STL,860,979,179.0,1068.0,0,0,1,0,0
8,4,7,2024-08-04,9E,5475.0,ALB,DTW,736,842,106.0,489.0,1,0,1,0,1
3,17,7,2024-03-17,YX,3471.0,MDT,ORD,1040,1123,143.0,594.0,0,0,0,0,0
7,31,3,2024-07-31,AA,2808.0,STL,DCA,370,551,121.0,719.0,0,0,0,0,0
7,29,1,2024-07-29,WN,287.0,STL,ECP,790,895,105.0,634.0,0,0,0,0,0
12,28,6,2024-12-28,NK,340.0,ATL,FLL,1184,1301,117.0,581.0,1,0,1,0,0
1,31,3,2024-01-31,YX,4495.0,BNA,DCA,1098,1259,101.0,562.0,0,0,0,0,0
10,10,4,2024-10-10,YX,3539.0,IAD,LGA,500,587,87.0,229.0,0,0,0,0,0
1,16,2,2024-01-16,WN,2907.0,CHS,BNA,385,420,95.0,439.0,0,0,0,0,0
6,22,6,2024-06-22,AA,2990.0,CVG,PHX,1110,1166,236.0,1569.0,0,0,0,0,0
9,5,4,2024-09-05,DL,462.0,RDU,LAX,455,589,314.0,2239.0,0,0,0,0,0
4,13,6,2024-04-13,UA,1333.0,DEN,LGA,1063,1410,227.0,1620.0,0,0,0,0,0
11,5,2,2024-11-05,DL,2884.0,BWI,MSP,900,1008,168.0,936.0,1,0,0,0,0
3,15,5,2024-03-15,UA,735.0,PIT,DEN,978,1080,222.0,1290.0,0,0,0,0,0
7,21,7,2024-07-21,OO,4010.0,ABQ,SLC,730,836,106.0,493.0,0,0,0,0,0
1,28,7,2024-01-28,UA,2478.0,PIT,SFO,1152,1320,348.0,2254.0,1,0,0,0,1
11,17,7,2024-11-17,WN,4589.0,SJC,ONT,1250,1325,75.0,333.0,0,0,0,0,0
7,19,5,2024-07-19,WN,1767.0,DAL,CHS,760,965,145.0,977.0,0,0,0,0,0
9,2,1,2024-09-02,WN,3483.0,PHX,DEN,665,830,105.0,602.0,0,0,0,0,0
9,30,1,2024-09-30,WN,247.0,AUS,LAX,350,420,190.0,1242.0,0,0,0,0,0
11,15,5,2024-11-15,YX,4616.0,LGA,SDF,1080,1225,145.0,659.0,0,0,0,0,1
9,9,1,2024-09-09,AS,372.0,SEA,DFW,1087,1439,232.0,1660.0,0,0,0,0,1
4,13,6,2024-04-13,DL,1695.0,IAD,ATL,1075,1192,117.0,534.0,0,0,0,0,0
8,31,6,2024-08-31,AA,1613.0,SJU,MIA,818,983,165.0,1045.0,1,0,0,0,1
4,4,4,2024-04-04,WN,3163.0,RSW,BWI,530,680,150.0,919.0,0,0,0,0,0
6,24,1,2024-06-24,AA,1107.0,CHS,PHL,1085,1198,113.0,550.0,1,0,1,0,1
9,19,4,2024-09-19,UA,1451.0,DEN,MCO,592,936,224.0,1546.0,0,0,0,0,0
11,16,6,2024-11-16,YX,3531.0,DLH,ORD,906,1030,124.0,397.0,0,0,0,0,0
11,21,4,2024-11-21,9E,4919.0,ATL,BTR,520,562,102.0,448.0,0,0,0,0,0
2,16,5,2024-02-16,UA,2270.0,LAS,DEN,525,702,117.0,628.0,0,0,0,0,0
9,8,7,2024-09-08,F9,3155.0,DEN,LAX,835,927,152.0,862.0,0,0,1,0,0
12,12,4,2024-12-12,YX,3536.0,JAX,EWR,1124,1269,145.0,820.0,0,0,1,0,0
8,24,6,2024-08-24,OO,3944.0,IDA,SLC,785,850,65.0,188.0,0,0,0,0,0
7,10,3,2024-07-10,UA,1700.0,LAX,EWR,990,60,330.0,2454.0,0,0,0,0,0
7,8,1,2024-07-08,AA,2765.0,MIA,CLT,760,899,139.0,650.0,0,0,0,0,0
10,5,6,2024-10-05,DL,2716.0,RDU,MSP,900,1013,173.0,980.0,0,0,0,0,0
12,29,7,2024-12-29,DL,2455.0,STL,SLC,855,994,199.0,1156.0,0,0,0,0,0
11,21,4,2024-11-21,UA,1865.0,EWR,MCO,420,598,178.0,937.0,0,0,0,0,0
2,11,7,2024-02-11,WN,3120.0,SJC,LGB,720,795,75.0,324.0,0,0,0,0,0
11,15,5,2024-11-15,WN,58.0,CRP,HOU,1095,1155,60.0,187.0,0,0,0,0,0
6,18,2,2024-06-18,DL,2613.0,SAN,SEA,1160,1345,185.0,1050.0,0,0,0,0,0
2,19,1,2024-02-19,YX,3420.0,ORD,GRB,538,609,71.0,173.0,0,0,0,0,0
1,11,4,2024-01-11,OO,4137.0,ATL,ASE,740,855,235.0,1304.0,1,0,0,0,0
3,13,3,2024-03-13,DL,856.0,PHX,SEA,668,860,192.0,1107.0,0,0,0,0,0
11,5,2,2024-11-05,WN,3501.0,MAF,DAL,760,835,75.0,319.0,0,0,1,0,0
5,17,5,2024-05-17,AA,1915.0,DFW,RIC,624,873,189.0,1158.0,1,0,0,0,1
3,10,7,2024-03-10,UA,1992.0,IAD,SEA,1048,1228,360.0,2306.0,0,0,0,0,0
11,13,3,2024-11-13,AA,641.0,ORD,LAS,900,1024,244.0,1514.0,0,0,0,0,0
7,11,4,2024-07-11,AS,230.0,SEA,ANC,1015,1170,215.0,1448.0,0,0,0,0,0
5,1,3,2024-05-01,UA,1850.0,TUS,IAH,380,644,144.0,936.0,0,0,0,0,0
10,18,5,2024-10-18,MQ,3644.0,LIT,DFW,1220,1310,90.0,304.0,0,0,0,0,0
12,14,6,2024-12-14,NK,19.0,ORD,FLL,300,551,191.0,1182.0,0,0,0,0,0
11,23,6,2024-11-23,AA,569.0,SMF,DFW,480,800,200.0,1431.0,0,0,0,0,0
4,1,1,2024-04-01,9E,5066.0,DTW,MCI,741,811,130.0,629.0,0,0,0,0,0
4,24,3,2024-04-24,OH,5195.0,BHM,CLT,502,660,98.0,350.0,0,0,0,0,0
4,9,2,2024-04-09,NK,891.0,MYR,LGA,1295,1402,107.0,563.0,0,0,0,0,1
12,24,2,2024-12-24,OH,5062.0,CAK,DCA,362,451,89.0,274.0,0,0,0,0,0
6,11,2,2024-06-11,WN,3050.0,RDU,DAL,1035,1140,165.0,1052.0,1,0,0,0,1
11,7,4,2024-11-07,NK,412.0,IND,LAS,476,539,243.0,1590.0,0,0,0,0,0
4,27,6,2024-04-27,AA,468.0,DFW,LAS,1016,1076,180.0,1055.0,0,0,0,0,0
4,21,7,2024-04-21,DL,509.0,SEA,JFK,1385,445,320.0,2422.0,0,0,0,0,0
7,19,5,2024-07-19,UA,2112.0,PHL,IAH,1095,1246,211.0,1325.0,0,0,0,0,0
4,23,2,2024-04-23,WN,5574.0,BDL,BWI,385,460,75.0,283.0,0,0,0,0,0
3,10,7,2024-03-10,YX,3443.0,EWR,IND,929,1076,147.0,645.0,0,0,0,0,0
10,4,5,2024-10-04,OO,3754.0,SEA,GEG,690,765,75.0,224.0,1,0,1,0,0
4,29,1,2024-04-29,OO,4787.0,ORD,MLI,952,1018,66.0,139.0,0,0,0,0,1
3,31,7,2024-03-31,WN,3838.0,FLL,DAL,635,775,200.0,1108.0,0,0,0,0,0
9,15,7,2024-09-15,WN,3886.0,LAS,BZN,1135,1315,120.0,701.0,0,0,0,0,0
11,2,6,2024-11-02,OH,5192.0,PVD,DCA,317,420,103.0,356.0,1,0,0,0,0
11,30,6,2024-11-30,OO,4138.0,FAT,SLC,360,522,102.0,501.0,0,0,0,0,0
7,17,3,2024-07-17,DL,1641.0,EWR,MSP,360,475,175.0,1008.0,0,0,1,0,0
4,19,5,2024-04-19,AS,815.0,SEA,HNL,1246,1438,372.0,2677.0,0,0,0,0,0
10,24,4,2024-10-24,AA,675.0,SFO,JFK,799,1317,338.0,2586.0,0,0,0,0,0
12,17,2,2024-12-17,WN,1693.0,DCA,BNA,1145,1205,120.0,562.0,0,0,0,0,0
11,2,6,2024-11-02,UA,251.0,COS,DEN,802,856,54.0,73.0,0,0,0,0,0
6,5,3,2024-06-05,UA,1009.0,RNO,DEN,545,742,137.0,804.0,1,0,0,0,0
1,28,7,2024-01-28,B6,961.0,LGA,PBI,1285,28,183.0,1035.0,1,0,0,0,1
10,16,3,2024-10-16,AA,1147.0,MIA,PHX,1260,1381,301.0,1972.0,1,0,0,0,1
11,21,4,2024-11-21,9E,5531.0,MSP,MEM,570,703,133.0,700.0,0,0,0,0,0
4,12,5,2024-04-12,AA,1618.0,LAX,CLT,1360,385,285.0,2125.0,0,0,0,0,0
6,6,4,2024-06-06,WN,4330.0,SAN,OAK,405,500,95.0,446.0,0,0,1,0,0
3,14,4,2024-03-14,AA,2029.0,ELP,DFW,366,529,103.0,551.0,1,0,1,0,0
2,7,3,2024-02-07,AS,1083.0,LAX,SEA,835,1010,175.0,954.0,0,0,0,0,0
2,3,6,2024-02-03,AA,1640.0,PHX,SBA,939,972,93.0,455.0,1,0,1,0,1
12,23,1,2024-12-23,DL,905.0,SLC,ATL,1070,1409,219.0,1590.0,0,0,0,0,0
1,8,1,2024-01-08,UA,2200.0,ORD,LGA,480,674,134.0,733.0,0,0,0,0,0
3,22,5,2024-03-22,DL,1465.0,ATL,SAT,940,1037,157.0,874.0,0,0,0,0,0
9,26,4,2024-09-26,G4,1196.0,PBG,SFB,1121,1306,185.0,1175.0,0,0,1,0,0
11,25,1,2024-11-25,F9,2468.0,ATL,CLE,729,836,107.0,554.0,1,0,0,0,1
8,21,3,2024-08-21,DL,3074.0,ATL,MYR,1364,1439,75.0,317.0,0,0,0,0,0
1,22,1,2024-01-22,WN,3068.0,SJC,PHX,1025,1195,110.0,621.0,0,0,1,0,1
9,12,4,2024-09-12,YX,5712.0,RIC,LGA,360,434,74.0,292.0,0,0,1,0,0
11,1,5,2024-11-01,WN,3555.0,SAT,MDW,1005,1165,160.0,1036.0,0,0,0,0,0
9,11,3,2024-09-11,OO,4644.0,CRW,ORD,1065,1120,115.0,416.0,0,0,0,0,0
5,23,4,2024-05-23,OO,5972.0,MTJ,DEN,820,898,78.0,196.0,0,0,0,0,0
7,3,3,2024-07-03,WN,1923.0,PIT,BNA,1280,1315,95.0,462.0,0,0,0,0,1
12,19,4,2024-12-19,F9,1665.0,BWI,MIA,559,734,175.0,946.0,0,0,0,0,0
6,14,5,2024-06-14,AA,470.0,PHX,SNA,619,704,85.0,338.0,1,0,1,0,0
7,28,7,2024-07-28,AA,2883.0,MIA,SMF,1250,1419,349.0,2552.0,0,0,0,0,0
9,24,2,2024-09-24,AS,83.0,SEA,ANC,540,706,226.0,1448.0,0,0,0,0,0
8,6,2,2024-08-06,OO,5526.0,ORD,ATW,1085,1157,72.0,160.0,0,0,0,0,0
5,11,6,2024-05-11,DL,1307.0,DTW,IAH,779,897,178.0,1075.0,0,0,0,0,0
5,25,6,2024-05-25,WN,2762.0,PHX,LGB,395,470,75.0,355.0,0,0,0,0,0
9,4,3,2024-09-04,AA,670.0,DFW,RNO,1029,1116,207.0,1345.0,0,0,0,0,0
8,24,6,2024-08-24,AA,2390.0,DFW,LAS,1305,1353,168.0,1055.0,0,0,0,0,0
12,24,2,2024-12-24,DL,2282.0,JAC,SLC,795,875,80.0,205.0,0,0,0,0,0
7,3,3,2024-07-03,B6,1990.0,SJU,EWR,1193,1439,246.0,1608.0,0,0,0,0,0
11,8,5,2024-11-08,WN,2038.0,HOU,MCI,495,610,115.0,666.0,0,0,0,0,0
4,27,6,2024-04-27,AA,2304.0,DCA,ORD,419,495,136.0,612.0,0,0,0,0,0
6,18,2,2024-06-18,AA,2814.0,ORF,CLT,1212,1298,86.0,290.0,0,0,0,0,0
7,3,3,2024-07-03,NK,2878.0,SAN,PDX,375,529,154.0,933.0,0,0,0,0,0
6,11,2,2024-06-11,MQ,3462.0,DFW,ILM,750,997,187.0,1106.0,0,0,0,0,0
7,13,6,2024-07-13,WN,2460.0,LAS,SNA,1245,1310,65.0,226.0,0,0,1,0,1
3,7,4,2024-03-07,UA,1524.0,DFW,IAH,580,661,81.0,224.0,0,0,0,0,0
3,17,7,2024-03-17,YX,4756.0,ATL,DCA,1180,1290,110.0,547.0,0,0,0,0,0
8,26,1,2024-08-26,UA,354.0,SFO,BOS,914,1439,345.0,2704.0,0,0,0,0,0
7,20,6,2024-07-20,YX,4782.0,MVY,DCA,736,839,103.0,383.0,1,0,0,0,1
4,23,2,2024-04-23,AA,1374.0,LGA,DTW,960,1079,119.0,502.0,0,0,0,0,0
9,3,2,2024-09-03,OH,5340.0,BHM,PHL,820,1018,138.0,772.0,0,0,0,0,0
2,4,7,2024-02-04,G4,1441.0,VPS,BLV,813,923,110.0,587.0,0,0,0,0,0
1,2,2,2024-01-02,OH,5269.0,CLT,GSP,880,938,58.0,75.0,0,0,0,0,0
9,26,4,2024-09-26,AS,1269.0,BNA,PDX,1135,1315,300.0,1973.0,0,0,0,0,0
10,1,2,2024-10-01,AS,908.0,SEA,DFW,360,713,233.0,1660.0,1,0,0,0,0
6,13,4,2024-06-13,B6,2854.0,DCA,BOS,1240,1335,95.0,399.0,0,0,0,0,0
7,13,6,2024-07-13,MQ,3977.0,DTW,ORD,770,795,85.0,235.0,0,0,0,0,0
6,5,3,2024-06-05,AA,2030.0,LGA,DFW,600,782,242.0,1389.0,0,0,0,0,0
6,23,7,2024-06-23,F9,3022.0,DFW,ATL,305,504,139.0,731.0,0,0,1,0,0
6,21,5,2024-06-21,NK,2012.0,CMH,MYR,1139,1229,90.0,488.0,0,0,0,0,0
10,20,7,2024-10-20,AA,1349.0,PHL,ATL,915,1044,129.0,666.0,0,0,0,0,0
6,3,1,2024-06-03,NK,657.0,FLL,MSY,445,506,121.0,674.0,0,0,0,0,0
2,29,4,2024-02-29,WN,1311.0,DEN,ICT,790,930,80.0,420.0,0,0,0,0,0
8,25,7,2024-08-25,AS,54.0,DLG,ANC,674,742,68.0,329.0,0,0,0,0,0
12,10,2,2024-12-10,9E,5370.0,ORF,JFK,733,827,94.0,290.0,0,0,0,0,0
7,7,7,2024-07-07,WN,2103.0,SAN,OAK,1240,1325,85.0,446.0,0,0,0,0,1
8,3,6,2024-08-03,YX,4599.0,LGA,ACK,805,879,74.0,202.0,1,0,1,0,0
11,11,1,2024-11-11,AS,380.0,LAS,SEA,480,650,170.0,867.0,0,0,0,0,0
10,28,1,2024-10-28,OH,5276.0,CLT,FAY,1372,4,72.0,118.0,0,0,0,0,0
11,21,4,2024-11-21,MQ,3676.0,ORD,EYW,489,745,196.0,1251.0,0,0,1,0,0
4,18,4,2024-04-18,WN,2255.0,AUS,IND,1080,1280,140.0,919.0,0,0,0,0,0
10,1,2,2024-10-01,DL,765.0,DTW,SLC,1060,1170,230.0,1481.0,1,0,0,0,0
1,28,7,2024-01-28,WN,3070.0,SJC,BUR,990,1065,75.0,296.0,0,0,0,0,0
9,2,1,2024-09-02,DL,574.0,GEG,ATL,1379,379,260.0,1969.0,0,0,0,0,0
7,11,4,2024-07-11,AS,65.0,WRG,PSG,670,693,23.0,31.0,0,0,0,0,0
7,3,3,2024-07-03,AA,1935.0,JAX,CLT,811,900,89.0,328.0,0,0,0,0,0
12,14,6,2024-12-14,UA,487.0,IAH,ORD,510,672,162.0,925.0,0,0,0,0,0
11,11,1,2024-11-11,UA,1617.0,PHL,SFO,1110,1309,379.0,2521.0,0,0,0,0,0
10,23,3,2024-10-23,WN,3763.0,LAS,PDX,955,1100,145.0,763.0,0,0,0,0,0
3,30,6,2024-03-30,WN,4363.0,TPA,MKE,580,700,180.0,1075.0,0,0,0,0,0
5,16,4,2024-05-16,AA,1633.0,TPA,MIA,1235,1304,69.0,204.0,0,0,0,0,1
2,16,5,2024-02-16,WN,1970.0,PHX,LGB,925,945,80.0,355.0,0,0,0,0,0
10,10,4,2024-10-10,WN,3918.0,OAK,LAS,595,685,90.0,407.0,0,0,0,0,0
6,20,4,2024-06-20,UA,1632.0,SFO,SNA,1150,1249,99.0,372.0,0,0,0,0,1
10,6,7,2024-10-06,OO,3471.0,RDM,SFO,1049,1142,93.0,462.0,0,0,0,0,0
7,11,4,2024-07-11,WN,245.0,RDU,DEN,300,405,225.0,1436.0,0,0,0,0,0
8,7,3,2024-08-07,DL,1286.0,BUF,MSP,1164,1243,139.0,735.0,0,0,0,0,0
9,29,7,2024-09-29,WN,915.0,SAN,ABQ,505,675,110.0,628.0,1,0,1,0,0
8,31,6,2024-08-31,AA,976.0,SNA,JFK,771,1290,339.0,2454.0,1,0,1,0,0
7,16,2,2024-07-16,9E,5267.0,LGA,SAV,534,680,146.0,722.0,0,0,0,0,0
2,3,6,2024-02-03,AS,670.0,SEA,TUS,810,1050,180.0,1216.0,0,0,0,0,0
6,17,1,2024-06-17,9E,4945.0,DSM,LGA,448,672,164.0,1031.0,0,0,0,0,0
2,18,7,2024-02-18,G4,3205.0,ATW,FLL,450,721,211.0,1338.0,0,0,0,0,0
9,9,1,2024-09-09,YX,5651.0,LGA,CLE,779,888,109.0,419.0,0,0,0,0,0
3,27,3,2024-03-27,WN,1427.0,OGG,OAK,530,1005,295.0,2349.0,0,0,0,0,0
4,14,7,2024-04-14,WN,4813.0,PHX,TUL,580,830,130.0,935.0,0,0,0,0,0
3,17,7,2024-03-17,B6,2030.0,SJU,JFK,240,491,251.0,1598.0,1,0,0,0,0
7,17,3,2024-07-17,OO,4024.0,DTW,MSN,505,521,76.0,311.0,0,0,0,0,0
7,23,2,2024-07-23,YX,3446.0,EWR,IND,685,818,133.0,645.0,0,0,0,0,0
8,20,2,2024-08-20,UA,2117.0,SFO,IAD,1295,347,312.0,2419.0,0,0,0,0,0
4,4,4,2024-04-04,WN,2159.0,AUS,LBB,1180,1255,75.0,341.0,0,0,0,0,0
7,21,7,2024-07-21,DL,1065.0,FLL,ATL,600,710,110.0,581.0,1,0,1,0,0
5,12,7,2024-05-12,DL,1757.0,SJU,ATL,769,1000,231.0,1547.0,0,0,1,0,0
5,19,7,2024-05-19,F9,2283.0,SJU,MIA,579,755,176.0,1045.0,0,0,0,0,0
2,11,7,2024-02-11,DL,1569.0,MSP,LAS,1315,1420,225.0,1299.0,0,0,0,0,0
7,3,3,2024-07-03,WN,801.0,TPA,ATL,320,410,90.0,406.0,0,0,0,0,0
3,6,3,2024-03-06,WN,1590.0,DAL,MCO,490,695,145.0,973.0,0,0,0,0,0
10,3,4,2024-10-03,9E,5131.0,CAE,LGA,360,471,111.0,617.0,0,0,0,0,0
5,19,7,2024-05-19,B6,2826.0,TPA,JFK,1169,1338,169.0,1005.0,1,0,0,0,1
10,14,1,2024-10-14,NK,198.0,IAH,MCO,826,1033,147.0,854.0,0,0,0,0,0
5,8,3,2024-05-08,WN,3607.0,PHX,ONT,820,890,70.0,325.0,0,0,0,0,1
8,9,5,2024-08-09,OH,5263.0,CLT,CRW,1250,1332,82.0,221.0,0,0,0,0,1
3,14,4,2024-03-14,AA,690.0,DFW,DTW,1245,20,155.0,986.0,0,1,1,0,1
9,20,5,2024-09-20,DL,3125.0,ATL,IND,455,542,87.0,432.0,1,0,1,0,0
7,29,1,2024-07-29,F9,3076.0,CLT,BWI,1053,1137,84.0,361.0,1,0,1,0,1
7,25,4,2024-07-25,YX,3718.0,EWR,MKE,583,673,150.0,725.0,0,0,0,0,0
3,22,5,2024-03-22,UA,2348.0,SFO,PHL,544,1044,320.0,2521.0,0,0,0,0,0
10,20,7,2024-10-20,DL,2126.0,DTW,BNA,1203,1245,102.0,456.0,0,0,0,0,0
12,4,3,2024-12-04,DL,1950.0,ATL,STT,585,861,216.0,1599.0,0,0,0,0,0
3,30,6,2024-03-30,B6,471.0,LGA,FLL,995,1190,195.0,1076.0,0,0,0,0,0
8,15,4,2024-08-15,AA,1849.0,PDX,CLT,1329,365,296.0,2282.0,0,0,0,0,0
5,17,5,2024-05-17,F9,1596.0,ORD,ATL,997,1189,132.0,606.0,1,0,0,0,1
9,21,6,2024-09-21,DL,2238.0,MSP,LAS,665,750,205.0,1299.0,0,0,0,0,0
7,2,2,2024-07-02,DL,2895.0,EWR,MSP,915,1036,181.0,1008.0,0,0,0,0,0
2,10,6,2024-02-10,UA,2179.0,DEN,IAH,1225,1430,145.0,862.0,1,0,1,0,1
5,31,5,2024-05-31,AA,1071.0,PHX,AUS,510,779,149.0,872.0,0,0,0,0,0
5,11,6,2024-05-11,WN,4295.0,DAL,LIT,850,920,70.0,296.0,0,0,0,0,0
7,27,6,2024-07-27,WN,1554.0,BUR,STL,525,860,215.0,1583.0,1,0,0,0,1
7,2,2,2024-07-02,DL,1360.0,BIL,SLC,330,409,79.0,387.0,0,0,0,0,0
4,24,3,2024-04-24,WN,2045.0,LIH,HNL,375,415,40.0,102.0,0,0,0,0,0
11,8,5,2024-11-08,WN,986.0,TUL,PHX,925,1025,160.0,935.0,0,0,0,0,0
4,2,2,2024-04-02,DL,712.0,DTW,TPA,1300,15,155.0,983.0,0,0,0,0,0
8,30,5,2024-08-30,OO,4798.0,SFO,BUR,1110,1193,83.0,326.0,1,0,0,0,0
12,16,1,2024-12-16,OO,3482.0,SFO,PDX,735,851,116.0,550.0,0,0,1,0,0
8,26,1,2024-08-26,WN,1220.0,RNO,SAN,830,920,90.0,488.0,0,0,0,0,0
10,17,4,2024-10-17,WN,1098.0,HRL,HOU,325,395,70.0,277.0,0,0,0,0,0
7,28,7,2024-07-28,DL,3035.0,ATL,DAB,551,630,79.0,366.0,0,0,0,0,0
10,14,1,2024-10-14,WN,4142.0,DSM,STL,1100,1170,70.0,259.0,0,0,0,0,0
9,19,4,2024-09-19,9E,5159.0,JFK,IAD,945,1045,100.0,228.0,0,0,0,0,0
5,13,1,2024-05-13,WN,467.0,HNL,SJC,500,995,315.0,2417.0,0,0,0,0,0
7,15,1,2024-07-15,UA,1380.0,DFW,DEN,825,895,130.0,641.0,0,0,0,0,0
6,19,3,2024-06-19,AA,2088.0,SNA,PHX,1165,1250,85.0,338.0,0,0,0,0,0
11,23,6,2024-11-23,AA,2474.0,MIA,LAX,513,684,351.0,2342.0,0,0,0,0,0
11,20,3,2024-11-20,UA,1217.0,DEN,DRO,675,744,69.0,251.0,0,0,0,0,0
9,25,3,2024-09-25,WN,2719.0,TPA,STL,775,860,145.0,869.0,0,0,0,0,0
11,3,7,2024-11-03,AS,420.0,PDX,DEN,805,1015,150.0,991.0,0,0,1,0,1
4,30,2,2024-04-30,WN,2707.0,DAL,LGA,820,1085,205.0,1381.0,0,0,0,0,1
11,13,3,2024-11-13,DL,1250.0,AUS,JFK,957,1247,230.0,1521.0,0,0,0,0,0
5,7,2,2024-05-07,AA,529.0,CHS,CLT,558,625,67.0,168.0,0,0,1,0,0
11,3,7,2024-11-03,DL,1136.0,OMA,ATL,320,520,140.0,821.0,1,0,1,0,0
9,1,7,2024-09-01,AA,1356.0,LGA,MIA,1020,1212,192.0,1096.0,0,0,0,0,1
3,12,2,2024-03-12,OO,3320.0,STS,SAN,480,577,97.0,508.0,1,0,0,0,0
12,4,3,2024-12-04,UA,2282.0,SFO,BUR,981,1062,81.0,326.0,0,0,0,0,0
4,29,1,2024-04-29,DL,2194.0,BHM,ATL,926,1050,64.0,134.0,0,0,0,0,0
2,26,1,2024-02-26,AA,739.0,LAS,LAX,1150,1228,78.0,236.0,0,0,0,0,0
12,14,6,2024-12-14,WN,588.0,ELP,LAS,515,565,110.0,583.0,0,0,0,0,0
2,9,5,2024-02-09,UA,2480.0,SFO,IAH,780,1140,240.0,1635.0,0,0,0,0,0
4,12,5,2024-04-12,OO,4321.0,PLN,DTW,845,910,65.0,243.0,1,0,0,0,0
3,21,4,2024-03-21,OO,4059.0,DTW,GRB,620,643,83.0,287.0,0,0,0,0,0
5,17,5,2024-05-17,AA,2320.0,CLT,ROC,892,1003,111.0,573.0,0,0,0,0,0
7,30,2,2024-07-30,DL,2587.0,TPA,DTW,815,979,164.0,983.0,0,0,0,0,0
10,23,3,2024-10-23,DL,2985.0,TPA,MSP,1100,1242,202.0,1306.0,0,0,0,0,0
1,31,3,2024-01-31,DL,2898.0,BIL,MSP,385,570,125.0,748.0,0,0,0,0,0
8,8,4,2024-08-08,WN,1132.0,SJC,SNA,1070,1155,85.0,342.0,0,0,0,0,0
10,2,3,2024-10-02,DL,2990.0,ATL,JAX,820,887,67.0,270.0,0,0,0,0,0
9,2,1,2024-09-02,YX,3439.0,EWR,DTW,990,1107,117.0,488.0,0,0,1,0,0
12,18,3,2024-12-18,WN,1907.0,CMH,STL,1135,1165,90.0,409.0,0,0,0,0,0
10,13,7,2024-10-13,F9,4206.0,ONT,LAS,1259,1329,70.0,197.0,1,0,0,0,1
10,8,2,2024-10-08,OO,3905.0,ORF,DTW,779,894,115.0,529.0,0,0,0,0,0
6,11,2,2024-06-11,OO,5440.0,SFO,SNA,800,906,106.0,372.0,0,0,0,0,0
3,21,4,2024-03-21,YX,4581.0,MEM,LGA,410,630,160.0,963.0,0,0,0,0,0
3,21,4,2024-03-21,DL,2465.0,ATL,RDU,745,822,77.0,356.0,0,0,0,0,0
2,9,5,2024-02-09,MQ,4065.0,DFW,CRP,1352,1438,86.0,354.0,0,0,0,0,0
11,25,1,2024-11-25,G4,2879.0,SFB,TOL,490,633,143.0,895.0,0,0,0,0,0
7,2,2,2024-07-02,9E,5271.0,TYS,ATL,559,625,66.0,152.0,0,0,0,0,0
10,4,5,2024-10-04,AA,1891.0,RDU,MIA,1173,1307,134.0,700.0,0,0,0,0,0
4,22,1,2024-04-22,UA,2357.0,EWR,TPA,540,720,180.0,997.0,1,0,0,0,0
10,7,1,2024-10-07,DL,1053.0,CVG,DEN,539,595,176.0,1069.0,0,0,0,0,0
3,24,7,2024-03-24,AA,2141.0,PHL,MCO,954,1118,164.0,861.0,0,0,0,0,0
6,25,2,2024-06-25,AA,2321.0,DFW,TPA,446,656,150.0,929.0,0,0,0,0,0
9,7,6,2024-09-07,AA,3093.0,SAT,DFW,1051,1128,77.0,247.0,0,0,0,0,1
2,17,6,2024-02-17,OO,5429.0,AMA,IAH,722,835,113.0,517.0,0,0,0,0,0
12,15,7,2024-12-15,OO,5544.0,ORD,FSD,770,876,106.0,462.0,0,0,1,0,1
7,10,3,2024-07-10,B6,1289.0,EWR,SJU,1055,1298,243.0,1608.0,1,0,0,0,1
8,23,5,2024-08-23,UA,1608.0,EWR,BNA,915,1000,145.0,748.0,0,0,0,0,0
12,9,1,2024-12-09,UA,1928.0,EWR,PBI,1005,1188,183.0,1023.0,0,0,0,0,0
4,6,6,2024-04-06,DL,2674.0,LAS,SLC,360,507,87.0,368.0,0,0,0,0,0
10,27,7,2024-10-27,DL,2252.0,RSW,MSP,872,1023,211.0,1416.0,0,0,0,0,0
10,14,1,2024-10-14,WN,2064.0,HRL,AUS,420,490,70.0,273.0,0,0,0,0,0
6,30,7,2024-06-30,NK,898.0,DTW,BOS,350,465,115.0,632.0,0,0,0,0,0
1,19,5,2024-01-19,OO,5078.0,GCC,DEN,330,423,93.0,313.0,0,0,0,0,0
8,16,5,2024-08-16,OO,4043.0,SEA,SMF,1019,1133,114.0,605.0,0,0,0,0,0
3,12,2,2024-03-12,WN,286.0,MDW,PHX,920,1030,230.0,1444.0,0,0,0,0,0
8,7,3,2024-08-07,OO,4134.0,OAK,SLC,763,934,111.0,588.0,0,0,0,0,0
11,18,1,2024-11-18,YX,4461.0,LGA,STL,809,919,170.0,888.0,0,0,0,0,0
11,26,2,2024-11-26,DL,734.0,DTW,SEA,505,656,331.0,1927.0,0,0,0,0,0
8,11,7,2024-08-11,YX,4535.0,OKC,LGA,458,720,202.0,1341.0,0,1,0,0,0
5,5,7,2024-05-05,UA,348.0,BTV,EWR,360,432,72.0,266.0,0,0,0,0,0
10,20,7,2024-10-20,AA,1552.0,DFW,COS,507,584,137.0,592.0,0,0,0,0,0
8,6,2,2024-08-06,OO,5774.0,ASE,DEN,825,896,71.0,125.0,0,0,0,0,1
8,22,4,2024-08-22,NK,1487.0,LAS,ABQ,1175,1330,95.0,486.0,1,0,1,0,1
8,26,1,2024-08-26,WN,4360.0,ATL,GSP,820,875,55.0,153.0,0,0,0,0,0
9,26,4,2024-09-26,AA,1937.0,CLT,BOS,1360,50,130.0,728.0,0,0,0,0,0
12,24,2,2024-12-24,AS,1287.0,SEA,LAX,559,728,169.0,954.0,0,0,0,0,0
7,25,4,2024-07-25,WN,2961.0,FLL,PIT,755,915,160.0,994.0,1,0,1,0,1
1,8,1,2024-01-08,YX,3490.0,ORD,MSN,842,910,68.0,108.0,0,0,0,0,0
11,12,2,2024-11-12,DL,1570.0,BOS,MCO,715,915,200.0,1121.0,0,0,0,0,0
9,1,7,2024-09-01,WN,1839.0,DCA,HOU,785,920,195.0,1218.0,0,0,0,0,0
7,30,2,2024-07-30,DL,1622.0,SDF,ATL,659,740,81.0,321.0,0,0,0,0,0
5,24,5,2024-05-24,DL,2379.0,DCA,ATL,960,1075,115.0,547.0,0,0,0,0,0
6,4,2,2024-06-04,AA,2112.0,CLT,SFO,1232,1387,335.0,2296.0,0,1,0,0,1
2,25,7,2024-02-25,F9,4612.0,LAS,DEN,1319,59,120.0,628.0,0,0,0,0,0
5,29,3,2024-05-29,DL,2526.0,ATL,ORF,1255,1348,93.0,516.0,0,0,0,0,0
11,19,2,2024-11-19,UA,1338.0,ORD,PHX,953,1131,238.0,1440.0,0,0,0,0,0
8,9,5,2024-08-09,AA,486.0,SNA,PHX,405,497,92.0,338.0,0,0,0,0,0
8,31,6,2024-08-31,NK,877.0,PHL,FLL,992,1170,178.0,992.0,0,0,0,0,0
5,3,5,2024-05-03,B6,424.0,LAX,JFK,720,1234,334.0,2475.0,0,0,0,0,0
9,21,6,2024-09-21,9E,5159.0,JFK,IAD,935,1035,100.0,228.0,0,0,0,0,0
7,3,3,2024-07-03,OO,6194.0,IDA,DFW,392,625,173.0,1095.0,1,0,0,0,0
5,11,6,2024-05-11,OH,5534.0,ILM,CLT,559,630,71.0,185.0,0,0,0,0,0
11,29,5,2024-11-29,MQ,3422.0,MIA,BHM,995,1060,125.0,661.0,0,0,0,0,0
11,9,6,2024-11-09,AA,2389.0,EYW,PHL,1026,1204,178.0,1121.0,1,0,0,0,1
4,26,5,2024-04-26,AA,463.0,PHX,LAX,844,930,86.0,370.0,0,0,0,0,0
10,1,2,2024-10-01,DL,2568.0,LAX,SAT,510,805,175.0,1211.0,0,0,0,0,0
1,15,1,2024-01-15,MQ,3718.0,BOS,STL,657,796,199.0,1047.0,1,0,0,0,1
5,27,1,2024-05-27,G4,2114.0,FLL,SDF,490,647,157.0,895.0,0,0,1,0,0
9,3,2,2024-09-03,WN,1387.0,HOU,MAF,540,635,95.0,441.0,0,0,0,0,0
12,19,4,2024-12-19,DL,2531.0,LGA,TPA,425,614,189.0,1010.0,0,0,0,0,0
6,14,5,2024-06-14,YX,5728.0,LGA,BOS,599,679,80.0,184.0,0,0,0,0,0
11,11,1,2024-11-11,UA,2071.0,ORD,JAX,670,875,145.0,864.0,0,0,0,0,0
3,18,1,2024-03-18,9E,4983.0,TYS,LGA,715,839,124.0,647.0,0,0,0,0,0
2,23,5,2024-02-23,WN,2498.0,MKE,DCA,485,665,120.0,634.0,0,0,0,0,0
5,9,4,2024-05-09,WN,5026.0,ORD,DEN,1260,1370,170.0,888.0,0,0,0,0,0
6,28,5,2024-06-28,AA,1847.0,SJU,CLT,480,705,225.0,1475.0,0,0,0,0,0
1,14,7,2024-01-14,F9,2709.0,FAR,DEN,867,943,136.0,627.0,0,0,0,0,0
10,12,6,2024-10-12,MQ,4116.0,MLI,DFW,945,1089,144.0,691.0,0,0,0,0,0
8,24,6,2024-08-24,DL,1524.0,STL,ATL,360,517,97.0,484.0,0,0,0,0,0
9,1,7,2024-09-01,DL,2729.0,PNS,ATL,960,1097,77.0,271.0,0,0,0,0,0
2,15,4,2024-02-15,YX,4761.0,LGA,TYS,959,1108,149.0,647.0,0,0,0,0,0
4,23,2,2024-04-23,OO,4107.0,MSP,CMH,537,712,115.0,626.0,0,0,0,0,0
1,10,3,2024-01-10,DL,1451.0,BOS,JAX,520,707,187.0,1010.0,0,0,0,0,0
2,3,6,2024-02-03,UA,690.0,DEN,SEA,685,808,183.0,1024.0,1,0,0,0,1
4,13,6,2024-04-13,F9,1504.0,SFO,SLC,743,914,111.0,599.0,0,0,0,0,1
9,9,1,2024-09-09,DL,2881.0,ATL,MCO,1190,1280,90.0,404.0,0,0,1,0,0
3,23,6,2024-03-23,AA,936.0,ILM,CLT,402,479,77.0,185.0,1,0,1,0,0
4,3,3,2024-04-03,OO,5013.0,GGG,DFW,369,439,70.0,140.0,0,0,0,0,0
8,4,7,2024-08-04,YX,5678.0,BOS,PIT,475,590,115.0,496.0,1,0,1,0,1
11,16,6,2024-11-16,HA,59.0,SMF,OGG,420,630,330.0,2404.0,0,0,0,0,0
7,18,4,2024-07-18,YX,4432.0,CMH,DCA,756,838,82.0,323.0,0,0,0,0,0
12,25,3,2024-12-25,MQ,4188.0,MIA,SYR,1182,1388,206.0,1217.0,0,0,0,0,0
10,3,4,2024-10-03,WN,536.0,STL,DSM,580,650,70.0,259.0,1,0,0,0,1
12,8,7,2024-12-08,WN,4255.0,SAN,LAS,885,965,80.0,258.0,0,0,0,0,0
3,18,1,2024-03-18,AA,1260.0,LGA,RDU,848,961,113.0,431.0,0,0,0,0,0
7,1,1,2024-07-01,B6,2134.0,SJU,MCO,1245,1427,182.0,1189.0,0,0,0,0,0
3,15,5,2024-03-15,WN,2686.0,DAL,MAF,1060,1135,75.0,319.0,1,0,0,0,1
6,16,7,2024-06-16,WN,421.0,LAX,ATL,360,815,275.0,1947.0,0,0,0,0,0
8,7,3,2024-08-07,WN,1011.0,LAS,LGB,440,510,70.0,231.0,0,0,0,0,0
5,14,2,2024-05-14,WN,401.0,ATL,LIT,725,760,95.0,453.0,0,0,0,0,0
5,6,1,2024-05-06,AA,2045.0,MIA,SFO,521,727,386.0,2585.0,1,0,1,0,0
1,3,3,2024-01-03,OO,3823.0,PDX,SEA,929,999,70.0,129.0,0,0,0,0,0
2,26,1,2024-02-26,WN,3227.0,ICT,DEN,890,920,90.0,420.0,0,1,1,0,0
12,21,6,2024-12-21,OO,6477.0,SGU,PHX,772,849,77.0,262.0,0,0,0,0,0
6,15,6,2024-06-15,DL,1558.0,DTW,DCA,445,534,89.0,405.0,0,0,0,0,0
3,17,7,2024-03-17,OH,5646.0,MKE,DCA,362,540,118.0,634.0,0,0,0,0,0
5,14,2,2024-05-14,AA,1182.0,MEM,PHX,455,543,208.0,1264.0,0,0,0,0,0
9,10,2,2024-09-10,YX,3714.0,ORD,SDF,1199,1344,85.0,286.0,0,0,0,0,0
12,1,7,2024-12-01,WN,1164.0,BNA,PNS,575,660,85.0,391.0,0,0,0,0,0
8,15,4,2024-08-15,WN,2210.0,DSM,DEN,865,915,110.0,589.0,0,0,0,0,0
3,31,7,2024-03-31,AA,1578.0,BOS,LAX,1095,1315,400.0,2611.0,0,0,1,0,0
12,31,2,2024-12-31,DL,2807.0,DTW,STL,1255,1303,108.0,440.0,0,0,0,0,0
5,10,5,2024-05-10,9E,5213.0,LGA,RIC,970,1069,99.0,292.0,1,0,0,0,0
2,17,6,2024-02-17,AA,1467.0,PHL,BOS,586,666,80.0,280.0,0,0,0,0,0
5,16,4,2024-05-16,WN,1472.0,TUL,DAL,360,430,70.0,238.0,0,0,0,0,0
7,22,1,2024-07-22,DL,1353.0,PIT,ATL,994,1104,110.0,526.0,1,0,0,0,1
10,17,4,2024-10-17,DL,2049.0,MCO,JFK,689,847,158.0,944.0,0,0,0,0,0
9,26,4,2024-09-26,WN,1420.0,DEN,SAT,970,1160,130.0,794.0,0,0,0,0,0
11,24,7,2024-11-24,AA,952.0,DFW,PHL,1246,53,187.0,1303.0,1,0,0,0,1
6,30,7,2024-06-30,WN,1006.0,CLE,BNA,375,405,90.0,448.0,0,0,0,0,0
1,6,6,2024-01-06,WN,2437.0,SJU,MCO,1075,1205,190.0,1189.0,1,0,1,0,1
5,27,1,2024-05-27,WN,6130.0,KOA,OAK,570,1055,305.0,2378.0,0,0,0,0,0
4,27,6,2024-04-27,DL,2364.0,ATL,OMA,1005,1088,143.0,821.0,0,0,0,0,0
5,19,7,2024-05-19,UA,2453.0,JAX,IAH,420,514,154.0,817.0,1,0,0,0,0
10,25,5,2024-10-25,YX,3431.0,EWR,CMH,1000,1110,110.0,463.0,0,0,0,0,0
5,10,5,2024-05-10,AA,1191.0,DCA,LGA,1038,1106,68.0,214.0,0,0,1,0,1
4,9,2,2024-04-09,UA,1193.0,IAD,IAH,762,907,205.0,1190.0,0,0,0,0,0
4,20,6,2024-04-20,WN,2506.0,PHX,LAS,1135,1205,70.0,255.0,0,0,0,0,0
3,5,2,2024-03-05,AA,1261.0,MCI,DFW,433,543,110.0,460.0,0,0,0,0,0
2,8,4,2024-02-08,UA,354.0,EWR,CLE,1049,1154,105.0,404.0,0,0,0,0,0
12,17,2,2024-12-17,AS,1.0,DCA,SEA,480,665,365.0,2329.0,0,0,0,0,0
3,27,3,2024-03-27,OO,6212.0,DFW,TYR,1363,1416,53.0,102.0,0,0,0,0,0
9,1,7,2024-09-01,OO,4843.0,MAF,DFW,965,1048,83.0,309.0,0,0,0,0,0
12,23,1,2024-12-23,OO,3718.0,SLC,TUS,565,685,120.0,601.0,0,0,0,0,0
1,23,2,2024-01-23,OO,3727.0,RDM,SLC,755,920,105.0,525.0,0,0,0,0,0
6,22,6,2024-06-22,WN,4441.0,COS,PHX,1190,1235,105.0,551.0,0,0,0,0,0
10,18,5,2024-10-18,WN,2517.0,AUS,DEN,625,705,140.0,775.0,0,0,0,0,0
2,20,2,2024-02-20,AA,1772.0,MIA,PIT,1261,1429,168.0,1013.0,0,0,0,0,0
6,4,2,2024-06-04,OO,5498.0,DEN,BIL,932,1031,99.0,455.0,0,0,0,0,0
2,26,1,2024-02-26,9E,5108.0,LGA,RDU,500,619,119.0,431.0,0,0,0,0,0
8,30,5,2024-08-30,NK,1503.0,AUS,LAS,360,407,167.0,1090.0,0,0,0,0,0
10,13,7,2024-10-13,WN,191.0,BWI,ATL,1180,1295,115.0,577.0,0,0,0,0,0
11,14,4,2024-11-14,OH,5297.0,LEX,CLT,491,599,108.0,281.0,0,0,0,0,0
11,7,4,2024-11-07,DL,2561.0,LGA,MCO,1010,1182,172.0,950.0,0,0,0,0,0
7,18,4,2024-07-18,WN,2146.0,ABQ,DAL,990,1155,105.0,580.0,0,0,0,0,0
8,27,2,2024-08-27,AA,2830.0,BNA,MIA,459,660,141.0,806.0,0,0,0,0,0
1,13,6,2024-01-13,YX,3644.0,PWM,ORD,985,1115,190.0,900.0,0,0,0,0,0
4,20,6,2024-04-20,AA,2891.0,CLT,MYR,787,844,57.0,157.0,1,0,0,0,1
9,25,3,2024-09-25,MQ,3677.0,MOB,DFW,741,858,117.0,539.0,0,0,0,0,0
4,11,4,2024-04-11,DL,2667.0,LGA,DTW,907,1028,121.0,502.0,0,0,0,0,0
11,21,4,2024-11-21,OO,3368.0,SAN,SMF,480,584,104.0,480.0,0,0,0,0,0
5,2,4,2024-05-02,WN,239.0,DCA,AUS,1080,1230,210.0,1315.0,0,0,0,0,1
9,4,3,2024-09-04,DL,2420.0,ATL,JFK,464,600,136.0,760.0,0,0,0,0,0
9,7,6,2024-09-07,WN,3126.0,PHX,SMF,1140,1255,115.0,647.0,0,0,0,0,0
11,7,4,2024-11-07,OO,5951.0,RDD,LAX,1142,1250,108.0,501.0,0,0,0,0,0
12,5,4,2024-12-05,WN,1939.0,ATL,MIA,1070,1185,115.0,594.0,0,0,1,0,0
6,29,6,2024-06-29,WN,101.0,ECP,STL,420,530,110.0,634.0,0,0,0,0,0
11,9,6,2024-11-09,AA,1121.0,SFO,MIA,778,1284,326.0,2585.0,0,0,0,0,0
1,26,5,2024-01-26,OO,4229.0,HIB,MSP,651,720,69.0,174.0,0,0,0,0,0
11,11,1,2024-11-11,OO,5058.0,VCT,IAH,330,385,55.0,123.0,1,0,1,0,0
5,8,3,2024-05-08,OO,4670.0,CHO,ORD,415,483,128.0,566.0,0,0,0,0,0
10,25,5,2024-10-25,YX,3505.0,EWR,PIT,450,536,86.0,319.0,0,0,0,0,0
8,22,4,2024-08-22,AA,315.0,MIA,JFK,387,570,183.0,1089.0,0,0,0,0,0
11,30,6,2024-11-30,B6,166.0,RSW,BOS,1290,35,185.0,1249.0,0,0,0,0,0
9,4,3,2024-09-04,WN,2055.0,BUR,DEN,935,1135,140.0,850.0,0,0,1,0,0
2,4,7,2024-02-04,WN,2740.0,RSW,MDW,855,975,180.0,1105.0,0,0,0,0,0
5,29,3,2024-05-29,OH,5484.0,DCA,TYS,1140,1236,96.0,437.0,0,0,1,0,1
11,13,3,2024-11-13,MQ,3748.0,ORD,CID,1285,1355,70.0,196.0,0,0,0,0,0
12,12,4,2024-12-12,OO,3476.0,BOI,SAN,929,1020,151.0,749.0,0,0,0,0,0
11,7,4,2024-11-07,YX,5772.0,DCA,LGA,525,612,87.0,214.0,0,0,0,0,0
3,12,2,2024-03-12,UA,505.0,SFO,IAH,1439,343,224.0,1635.0,0,0,0,0,0
5,5,7,2024-05-05,AS,816.0,HNL,SEA,641,1172,351.0,2677.0,0,0,0,0,0
5,13,1,2024-05-13,WN,282.0,LAS,SAN,830,900,70.0,258.0,0,0,0,0,0
10,14,1,2024-10-14,OO,5610.0,ORD,CHO,1115,1304,129.0,566.0,0,0,0,0,0
3,30,6,2024-03-30,OO,4685.0,CVG,ORD,847,882,95.0,264.0,0,0,0,0,0
3,14,4,2024-03-14,AA,1452.0,SRQ,CLT,827,941,114.0,547.0,0,0,0,0,0
12,25,3,2024-12-25,AA,1851.0,GRR,DFW,848,955,167.0,931.0,0,0,0,0,0
5,7,2,2024-05-07,OO,3762.0,SJC,LAX,811,896,85.0,308.0,0,0,0,0,0
11,21,4,2024-11-21,MQ,3586.0,TLH,MIA,365,446,81.0,402.0,0,0,0,0,0
4,1,1,2024-04-01,OH,5576.0,DCA,BTV,779,875,96.0,437.0,0,0,0,0,0
4,25,4,2024-04-25,WN,3001.0,ROC,MCO,775,940,165.0,1033.0,0,0,0,0,0
12,15,7,2024-12-15,F9,4989.0,DEN,SAN,1335,1429,154.0,853.0,0,0,0,0,0
8,24,6,2024-08-24,B6,172.0,FLL,LGA,429,600,171.0,1076.0,0,0,0,0,0
7,28,7,2024-07-28,DL,2329.0,ATL,ORF,934,1030,96.0,516.0,0,0,0,0,1
6,19,3,2024-06-19,AS,962.0,SEA,GEG,938,1002,64.0,224.0,0,0,1,0,0
9,30,1,2024-09-30,DL,2548.0,DTW,MIA,1195,1384,189.0,1145.0,0,0,0,0,0
12,5,4,2024-12-05,DL,2430.0,RSW,JFK,715,884,169.0,1074.0,0,0,0,0,0
10,23,3,2024-10-23,OO,6244.0,SFO,LAX,1012,1103,91.0,337.0,0,0,0,0,0
8,11,7,2024-08-11,OO,5069.0,SGU,DEN,1047,1165,118.0,517.0,0,0,0,0,1
11,1,5,2024-11-01,YX,3511.0,EWR,MEM,829,954,185.0,946.0,0,0,0,0,0
11,29,5,2024-11-29,UA,1187.0,SFO,PHX,1245,1426,121.0,651.0,0,0,1,0,0
6,13,4,2024-06-13,MQ,3582.0,DFW,ACT,1040,1079,39.0,89.0,0,0,0,0,0
2,15,4,2024-02-15,OO,3978.0,ATL,CSG,1260,1310,50.0,83.0,0,0,1,0,0
4,10,3,2024-04-10,AA,2199.0,DFW,AUS,1140,1210,70.0,190.0,1,0,1,0,0
6,13,4,2024-06-13,AA,2470.0,LAS,CLT,841,1289,268.0,1916.0,0,0,0,0,0
5,28,2,2024-05-28,WN,6170.0,SJC,PHX,680,790,110.0,621.0,0,0,0,0,0
2,6,2,2024-02-06,YX,4342.0,IND,PHL,341,458,117.0,588.0,0,0,0,0,0
4,23,2,2024-04-23,WN,5391.0,SMF,LGB,1040,1125,85.0,387.0,0,0,0,0,0
11,6,3,2024-11-06,WN,379.0,MEM,MDW,340,435,95.0,480.0,0,0,0,0,0
8,20,2,2024-08-20,9E,5513.0,ATL,TRI,544,614,70.0,227.0,0,0,0,0,0
10,15,2,2024-10-15,YX,4646.0,PHL,LGA,832,889,57.0,96.0,0,0,0,0,0
1,5,5,2024-01-05,WN,1206.0,BNA,MKE,615,710,95.0,475.0,0,0,0,0,1
2,22,4,2024-02-22,B6,714.0,FLL,HPN,1083,1261,178.0,1097.0,1,0,1,0,1
10,29,2,2024-10-29,DL,2456.0,AUS,MCO,505,717,152.0,994.0,0,0,0,0,0
4,11,4,2024-04-11,WN,5475.0,MCI,STL,1030,1090,60.0,237.0,0,0,0,0,0
7,28,7,2024-07-28,DL,2972.0,MSP,DFW,415,565,150.0,852.0,0,0,0,0,0
9,12,4,2024-09-12,OO,5839.0,BFL,DEN,325,538,153.0,845.0,0,0,0,0,0
2,16,5,2024-02-16,UA,1847.0,IAD,PHX,513,710,317.0,1956.0,0,0,0,0,0
1,25,4,2024-01-25,DL,2331.0,JAX,ATL,1226,1309,83.0,270.0,0,0,1,0,1
12,9,1,2024-12-09,OO,4649.0,SBA,LAX,350,415,65.0,89.0,0,0,0,0,0
6,30,7,2024-06-30,WN,963.0,SAN,MDW,895,1250,235.0,1728.0,0,0,0,0,0
5,21,2,2024-05-21,AA,2714.0,MSN,PHX,450,550,220.0,1396.0,0,0,1,0,0
5,29,3,2024-05-29,UA,517.0,DEN,LAS,970,1029,119.0,628.0,0,0,0,0,0
9,14,6,2024-09-14,DL,791.0,JFK,PHX,515,656,321.0,2153.0,0,0,0,0,0
8,20,2,2024-08-20,AA,1252.0,DCA,MIA,601,768,167.0,919.0,0,0,0,0,0
1,5,5,2024-01-05,WN,3241.0,BWI,TPA,1285,1435,150.0,842.0,0,0,0,0,1
6,7,5,2024-06-07,NK,1451.0,DTW,FLL,380,562,182.0,1127.0,0,0,0,0,0
1,21,7,2024-01-21,OH,5301.0,LEX,CLT,1211,1302,91.0,281.0,0,0,0,0,0
6,28,5,2024-06-28,OO,5065.0,MEI,IAH,545,634,89.0,422.0,0,0,0,0,0
5,9,4,2024-05-09,OO,4832.0,ORD,IND,801,926,65.0,177.0,0,0,0,0,0
11,3,7,2024-11-03,WN,2812.0,BNA,BWI,1040,1205,105.0,587.0,0,0,0,0,0
6,10,1,2024-06-10,DL,832.0,ATL,DCA,1062,1170,108.0,547.0,0,0,0,0,0
4,29,1,2024-04-29,DL,2539.0,ATL,GSO,950,1025,75.0,306.0,0,0,0,0,0
12,12,4,2024-12-12,WN,2846.0,ONT,LAS,740,805,65.0,197.0,0,0,0,0,0
3,29,5,2024-03-29,OO,3822.0,DTW,MDW,505,526,81.0,228.0,0,0,0,0,0
1,17,3,2024-01-17,UA,2017.0,ORD,JAC,555,702,207.0,1162.0,0,0,0,0,0
3,31,7,2024-03-31,AS,1147.0,LAX,SEA,915,1090,175.0,954.0,0,0,0,0,0
8,3,6,2024-08-03,WN,2778.0,PIT,BWI,1060,1125,65.0,210.0,0,0,1,0,1
9,28,6,2024-09-28,DL,1617.0,XNA,ATL,759,933,114.0,589.0,0,0,0,0,0
9,17,2,2024-09-17,DL,1299.0,DTW,MCI,735,793,118.0,629.0,0,0,0,0,0
6,30,7,2024-06-30,DL,340.0,ATL,SFO,1135,1259,304.0,2139.0,0,0,0,0,0
7,4,4,2024-07-04,B6,403.0,JFK,SJU,1310,116,246.0,1598.0,0,0,0,0,0
12,17,2,2024-12-17,UA,2169.0,FLL,IAD,540,693,153.0,901.0,0,0,0,0,0
10,15,2,2024-10-15,MQ,3353.0,SAV,MIA,420,512,92.0,440.0,0,0,0,0,0
4,19,5,2024-04-19,NK,688.0,LGA,MCO,659,839,180.0,950.0,0,0,0,0,0
9,29,7,2024-09-29,OO,5399.0,LIT,ORD,678,795,117.0,552.0,1,0,1,0,0
9,19,4,2024-09-19,WN,2357.0,MCO,PHX,1010,1100,270.0,1849.0,0,0,0,0,0
12,20,5,2024-12-20,UA,2439.0,SFO,IAH,435,790,235.0,1635.0,0,0,0,0,0
5,16,4,2024-05-16,AS,1010.0,SEA,GEG,688,758,70.0,224.0,0,0,0,0,0
12,28,6,2024-12-28,G4,2468.0,PGD,SPI,945,1044,159.0,994.0,1,0,0,0,1
3,19,2,2024-03-19,WN,657.0,SAN,DEN,1175,1375,140.0,853.0,0,0,0,0,0
12,20,5,2024-12-20,UA,1673.0,RSW,CLE,782,944,162.0,1025.0,0,0,0,0,0
3,20,3,2024-03-20,OH,5615.0,DCA,PWM,748,846,98.0,482.0,0,0,0,0,0
4,17,3,2024-04-17,WN,2545.0,HNL,LAS,540,1070,350.0,2762.0,0,0,0,0,0
10,26,6,2024-10-26,UA,2050.0,EWR,SNA,460,638,358.0,2434.0,0,0,0,0,0
3,11,1,2024-03-11,WN,2722.0,SMF,SNA,595,685,90.0,404.0,0,0,0,0,0
7,1,1,2024-07-01,B6,1220.0,MIA,BOS,760,969,209.0,1258.0,1,0,1,0,1
9,22,7,2024-09-22,AS,509.0,ANC,SFO,990,1320,270.0,2018.0,0,0,0,0,0
3,11,1,2024-03-11,AA,636.0,LAX,CLT,810,1270,280.0,2125.0,0,0,0,0,0
8,13,2,2024-08-13,DL,914.0,LAX,MSP,809,1154,225.0,1535.0,0,0,0,0,0
10,1,2,2024-10-01,OO,3908.0,SLC,MFR,1379,1430,111.0,575.0,0,0,0,0,0
8,31,6,2024-08-31,AS,647.0,SEA,ANC,600,765,225.0,1448.0,0,0,0,0,0
7,15,1,2024-07-15,WN,3722.0,BUR,LAS,1050,1120,70.0,223.0,0,0,1,0,1
1,23,2,2024-01-23,WN,2087.0,FLL,BWI,940,1090,150.0,925.0,0,0,0,0,0
4,17,3,2024-04-17,AS,537.0,BOS,SEA,660,854,374.0,2496.0,1,0,0,0,0
6,17,1,2024-06-17,WN,1639.0,HOU,BNA,1115,1240,125.0,670.0,1,0,0,0,0
7,25,4,2024-07-25,YX,3705.0,MCI,EWR,913,1157,184.0,1092.0,0,0,0,0,0
11,20,3,2024-11-20,MQ,3763.0,CID,ORD,930,1002,72.0,196.0,1,0,1,0,0
4,30,2,2024-04-30,NK,1399.0,EWR,MCO,359,536,177.0,937.0,0,0,0,0,0
10,18,5,2024-10-18,AS,351.0,IAD,SEA,967,1138,351.0,2306.0,0,0,0,0,0
2,18,7,2024-02-18,AA,1177.0,DCA,DFW,776,941,225.0,1192.0,0,0,0,0,0
3,11,1,2024-03-11,WN,5662.0,LAS,BWI,1070,75,265.0,2106.0,0,0,0,0,0
1,14,7,2024-01-14,WN,3039.0,DEN,MSY,850,1055,145.0,1062.0,1,0,0,0,0
2,22,4,2024-02-22,AA,2621.0,MKE,DFW,360,532,172.0,853.0,0,0,0,0,0
11,14,4,2024-11-14,UA,618.0,SFO,DEN,865,1085,160.0,967.0,0,0,0,0,0
9,17,2,2024-09-17,UA,1531.0,ORD,TVC,1200,1336,76.0,224.0,0,0,0,0,0
9,20,5,2024-09-20,OO,3942.0,BIS,MSP,799,893,94.0,386.0,0,0,0,0,0
11,20,3,2024-11-20,DL,1147.0,ORD,ATL,720,895,115.0,606.0,0,0,0,0,0
3,27,3,2024-03-27,AA,1711.0,DSM,DFW,1063,1194,131.0,624.0,0,0,0,0,0
5,17,5,2024-05-17,UA,2351.0,MFR,SFO,848,934,86.0,329.0,0,0,0,0,0
7,20,6,2024-07-20,AA,1514.0,PHL,BOS,960,1049,89.0,280.0,0,0,0,0,0
10,7,1,2024-10-07,UA,743.0,ORD,TUS,539,649,230.0,1437.0,0,0,0,0,0
5,19,7,2024-05-19,DL,2063.0,RDU,MCO,725,839,114.0,534.0,0,0,0,0,0
3,28,4,2024-03-28,WN,2901.0,OAK,HOU,1160,50,210.0,1642.0,0,0,0,0,0
10,20,7,2024-10-20,AA,2059.0,ORF,CLT,1102,1185,83.0,290.0,0,0,0,0,1
7,15,1,2024-07-15,OO,3442.0,SEA,PDX,1060,1112,52.0,129.0,0,0,0,0,0
7,2,2,2024-07-02,WN,3324.0,OKC,HOU,375,455,80.0,419.0,0,0,0,0,0
3,28,4,2024-03-28,AA,1133.0,DFW,RIC,1176,1398,162.0,1158.0,1,0,0,0,1
5,10,5,2024-05-10,DL,868.0,LAX,MSP,37,380,223.0,1535.0,0,0,0,0,0
11,18,1,2024-11-18,UA,1992.0,EWR,IAD,907,985,78.0,212.0,0,0,0,0,0
4,8,1,2024-04-08,MQ,3469.0,JAN,DFW,1185,1288,103.0,408.0,0,1,1,0,1
11,17,7,2024-11-17,MQ,3477.0,DFW,AMA,1290,1370,80.0,312.0,1,0,1,0,0
3,22,5,2024-03-22,9E,5168.0,ALB,DTW,340,453,113.0,489.0,0,0,0,0,0
2,6,2,2024-02-06,B6,284.0,MCO,JFK,1255,1421,166.0,944.0,0,0,0,0,0
11,17,7,2024-11-17,DL,492.0,SAN,DTW,705,1152,267.0,1956.0,0,0,0,0,0
11,28,4,2024-11-28,DL,2113.0,SAV,ATL,518,589,71.0,214.0,0,0,0,0,0
10,11,5,2024-10-11,WN,1576.0,IND,SAN,910,995,265.0,1782.0,0,0,0,0,0
2,12,1,2024-02-12,DL,975.0,LIH,SEA,1415,449,354.0,2701.0,0,0,0,0,0
2,5,1,2024-02-05,WN,1490.0,MCO,ROC,480,640,160.0,1033.0,0,0,0,0,0
3,20,3,2024-03-20,YX,4423.0,ILM,LGA,1032,1133,101.0,500.0,0,0,0,0,0
3,16,6,2024-03-16,WN,1232.0,LAS,STL,310,610,180.0,1371.0,0,0,0,0,0
6,29,6,2024-06-29,WN,1123.0,MCI,PHX,1215,1260,165.0,1044.0,1,0,0,0,1
7,23,2,2024-07-23,9E,4810.0,IND,JFK,1073,1220,147.0,665.0,0,0,0,0,0
2,16,5,2024-02-16,AA,1710.0,CLT,TPA,489,587,98.0,507.0,0,0,0,0,0
5,18,6,2024-05-18,AA,970.0,ELP,PHX,360,380,80.0,347.0,0,0,0,0,0
8,10,6,2024-08-10,OO,3782.0,SMF,LAX,360,460,100.0,373.0,0,0,0,0,0
6,27,4,2024-06-27,AS,542.0,SEA,DFW,1374,278,224.0,1660.0,1,0,0,0,1
4,13,6,2024-04-13,OO,4986.0,PHX,RDM,623,792,169.0,893.0,0,0,0,0,0
9,18,3,2024-09-18,WN,340.0,MCI,IND,775,920,85.0,451.0,0,0,0,0,0
10,15,2,2024-10-15,YX,3550.0,ORD,GSP,895,1075,120.0,577.0,0,0,1,0,1
3,2,6,2024-03-02,YX,4265.0,DCA,LGA,419,508,89.0,214.0,0,0,0,0,0
3,23,6,2024-03-23,WN,2892.0,LAX,OAK,465,545,80.0,337.0,0,0,0,0,0
4,1,1,2024-04-01,OO,5510.0,LAX,SBP,1371,1439,68.0,156.0,0,0,0,0,0
9,2,1,2024-09-02,DL,1159.0,ATL,MCI,775,833,118.0,692.0,0,0,0,0,0
2,7,3,2024-02-07,UA,2647.0,PIT,IAH,992,1133,201.0,1117.0,0,0,0,0,0
2,8,4,2024-02-08,UA,2241.0,MCI,IAH,903,1032,129.0,643.0,0,0,0,0,0
10,23,3,2024-10-23,OO,4038.0,SLC,BIL,567,655,88.0,387.0,0,0,0,0,0
1,8,1,2024-01-08,YX,5637.0,JFK,BOS,610,677,67.0,187.0,0,0,0,0,0
12,14,6,2024-12-14,F9,3849.0,ELP,LAS,706,765,119.0,583.0,0,0,0,0,0
1,7,7,2024-01-07,WN,695.0,MDW,BNA,315,405,90.0,395.0,0,0,0,0,0
2,12,1,2024-02-12,OO,4804.0,DTW,ORD,839,869,90.0,235.0,0,0,0,0,0
11,7,4,2024-11-07,YX,4337.0,JFK,CVG,795,937,142.0,589.0,0,0,0,0,0
4,7,7,2024-04-07,9E,5492.0,LGA,PVD,1319,1379,60.0,143.0,0,0,0,0,0
4,17,3,2024-04-17,WN,1097.0,RSW,BWI,405,545,140.0,919.0,1,0,0,0,0
5,7,2,2024-05-07,WN,4238.0,DEN,SBA,1140,1235,155.0,916.0,0,0,0,0,1
7,8,1,2024-07-08,OH,5323.0,CLT,BTV,990,1126,136.0,761.0,0,0,0,0,0
12,20,5,2024-12-20,WN,4259.0,HNL,OGG,1200,1245,45.0,100.0,0,0,0,0,0
11,14,4,2024-11-14,AA,1797.0,DFW,LAS,1240,1302,182.0,1055.0,1,0,0,0,1
7,4,4,2024-07-04,WN,4834.0,MCI,MSY,840,950,110.0,689.0,1,0,0,0,0
5,5,7,2024-05-05,AA,2198.0,DFW,SMF,1351,14,223.0,1431.0,0,0,0,0,0
12,27,5,2024-12-27,DL,2076.0,DTW,PHX,1210,1357,267.0,1671.0,0,0,0,0,0
4,14,7,2024-04-14,WN,2724.0,MDW,LGA,1095,1285,130.0,725.0,1,0,1,0,0
12,20,5,2024-12-20,UA,2682.0,IAH,BNA,1214,1331,117.0,657.0,0,0,0,0,0
11,4,1,2024-11-04,AA,3098.0,DFW,EWR,487,760,213.0,1372.0,0,0,0,0,0
11,17,7,2024-11-17,OO,3964.0,DTW,MBS,979,1035,56.0,98.0,0,0,0,0,0
6,27,4,2024-06-27,AA,2931.0,CHS,PHL,479,589,110.0,550.0,0,0,0,0,0
10,30,3,2024-10-30,B6,2366.0,RSW,BOS,1045,1234,189.0,1249.0,1,0,1,0,0
9,12,4,2024-09-12,NK,3653.0,BOS,MYR,1242,1381,139.0,738.0,0,0,0,0,0
3,1,5,2024-03-01,DL,923.0,BOS,ATL,415,608,193.0,946.0,0,0,0,0,0
4,16,2,2024-04-16,WN,2630.0,PHX,SFO,800,915,115.0,651.0,0,0,1,0,1
7,4,4,2024-07-04,UA,1851.0,BTV,ORD,390,480,150.0,763.0,0,0,0,0,0
8,16,5,2024-08-16,F9,3699.0,CLT,MIA,794,918,124.0,650.0,0,0,0,0,0
7,19,5,2024-07-19,WN,5003.0,MDW,SMF,810,955,265.0,1790.0,0,0,0,0,1
12,25,3,2024-12-25,OO,5091.0,LBF,DEN,670,695,85.0,228.0,0,0,0,0,0
10,4,5,2024-10-04,WN,899.0,BUF,BWI,340,415,75.0,281.0,0,0,0,0,0
2,2,5,2024-02-02,OO,3439.0,SMF,SAN,1035,1127,92.0,480.0,1,0,1,0,0
6,6,4,2024-06-06,DL,539.0,JFK,SAT,569,760,251.0,1587.0,0,0,0,0,0
5,17,5,2024-05-17,AA,1798.0,ECP,DFW,415,551,136.0,685.0,0,0,0,0,0
12,28,6,2024-12-28,UA,1775.0,ORD,FLL,650,904,194.0,1182.0,0,0,1,0,0
9,9,1,2024-09-09,B6,1551.0,HPN,RSW,455,635,180.0,1102.0,0,0,0,0,0
1,22,1,2024-01-22,OO,3770.0,SEA,MFR,915,1001,86.0,352.0,0,0,0,0,0
7,1,1,2024-07-01,UA,1315.0,DEN,STL,822,1008,126.0,770.0,0,0,0,0,0
11,22,5,2024-11-22,AA,1526.0,CHS,PHL,666,774,108.0,550.0,0,0,0,0,0
8,29,4,2024-08-29,WN,1648.0,PIT,MDW,420,445,85.0,402.0,0,0,0,0,0
8,14,3,2024-08-14,OO,5499.0,ORD,SBN,1175,1292,57.0,84.0,0,0,0,0,0
10,17,4,2024-10-17,F9,3243.0,ORD,DFW,1193,1352,159.0,802.0,0,0,0,0,0
1,11,4,2024-01-11,F9,3913.0,PHL,MCO,683,855,172.0,861.0,0,0,0,0,0
10,15,2,2024-10-15,9E,5259.0,DTW,CVG,519,594,75.0,229.0,0,0,0,0,0
12,2,1,2024-12-02,DL,2164.0,RDU,DTW,777,890,113.0,501.0,0,0,0,0,0
7,21,7,2024-07-21,WN,3392.0,BZN,LAS,1145,1210,125.0,701.0,0,0,0,0,1
3,27,3,2024-03-27,B6,592.0,TPA,BOS,360,543,183.0,1185.0,0,0,0,0,0
3,2,6,2024-03-02,B6,770.0,FLL,BOS,1033,1233,200.0,1237.0,1,0,0,0,1
12,31,2,2024-12-31,WN,3094.0,MDW,DEN,810,910,160.0,895.0,0,0,0,0,0
3,17,7,2024-03-17,OO,3957.0,DTW,SDF,970,1053,83.0,306.0,0,0,0,0,0
6,7,5,2024-06-07,OO,6299.0,ORD,STL,790,866,76.0,258.0,0,0,0,0,0
3,4,1,2024-03-04,WN,2624.0,DEN,MSP,885,1060,115.0,680.0,0,0,0,0,0
7,29,1,2024-07-29,OO,4845.0,ACT,DFW,632,689,57.0,89.0,0,0,0,0,0
11,24,7,2024-11-24,UA,1298.0,LAS,EWR,755,1234,299.0,2227.0,0,0,0,0,0
7,17,3,2024-07-17,DL,2764.0,MSP,LGA,606,835,169.0,1020.0,0,0,0,0,0
10,24,4,2024-10-24,YX,3647.0,GSP,EWR,710,840,130.0,594.0,0,0,0,0,0
2,10,6,2024-02-10,WN,2967.0,MCO,ATL,685,775,90.0,404.0,0,0,0,0,0
9,6,5,2024-09-06,F9,2484.0,ATL,MIA,370,494,124.0,594.0,0,0,0,0,0
4,6,6,2024-04-06,UA,1494.0,EWR,MCO,510,685,175.0,937.0,0,0,0,0,0
5,13,1,2024-05-13,AA,1976.0,PHX,DFW,753,1017,144.0,868.0,1,0,0,0,1
10,14,1,2024-10-14,F9,2640.0,DTW,RDU,611,711,100.0,501.0,1,0,0,0,0
12,12,4,2024-12-12,AA,3225.0,MFE,DFW,300,402,102.0,469.0,0,0,0,0,0
1,15,1,2024-01-15,NK,1675.0,PIT,FLL,335,506,171.0,994.0,1,0,1,0,0
6,12,3,2024-06-12,WN,3641.0,HOU,JAX,910,1100,130.0,816.0,0,0,0,0,0
8,1,4,2024-08-01,G4,1593.0,PVU,LAS,510,531,81.0,341.0,0,0,0,0,0
2,22,4,2024-02-22,DL,2007.0,ABQ,SLC,330,441,111.0,493.0,0,0,0,0,0
3,31,7,2024-03-31,OH,5308.0,MHT,DCA,1042,1155,113.0,406.0,0,0,0,0,0
5,20,1,2024-05-20,OO,3805.0,SLC,OMA,1250,10,140.0,840.0,0,1,0,0,0
4,12,5,2024-04-12,WN,4114.0,OAK,SAN,360,450,90.0,446.0,0,0,0,0,0
5,17,5,2024-05-17,OO,4037.0,SUN,SLC,450,512,62.0,222.0,0,0,0,0,0
6,23,7,2024-06-23,DL,1423.0,SLC,SMF,695,745,110.0,532.0,0,0,0,0,0
9,4,3,2024-09-04,AA,1999.0,CLT,ILM,1260,1327,67.0,185.0,0,0,0,0,0
9,13,5,2024-09-13,WN,3027.0,DEN,LAS,565,620,115.0,628.0,0,0,0,0,0
3,24,7,2024-03-24,9E,5093.0,EWR,CVG,839,961,122.0,569.0,0,0,0,0,0
4,5,5,2024-04-05,F9,1239.0,DEN,LAS,360,439,139.0,628.0,0,0,0,0,0
9,20,5,2024-09-20,OO,4918.0,DAY,DFW,749,842,153.0,861.0,0,0,0,0,0
7,25,4,2024-07-25,DL,2553.0,PHX,MSP,360,669,189.0,1276.0,1,0,1,0,0
11,20,3,2024-11-20,NK,910.0,IAH,FLL,1063,1273,150.0,966.0,0,0,0,0,0
10,19,6,2024-10-19,OO,3838.0,MSP,OMA,780,859,79.0,282.0,0,0,0,0,0
9,13,5,2024-09-13,AS,1223.0,SEA,LAX,1152,1317,165.0,954.0,0,0,0,0,0
12,28,6,2024-12-28,AS,898.0,HNL,SAN,1437,453,336.0,2614.0,0,0,1,0,0
8,20,2,2024-08-20,OH,5051.0,CLT,OAJ,559,636,77.0,191.0,1,0,1,0,0
1,15,1,2024-01-15,DL,1054.0,DEN,JFK,385,744,239.0,1626.0,0,0,0,0,0
10,3,4,2024-10-03,OO,4821.0,BFL,PHX,1000,1101,101.0,425.0,0,0,0,0,0
10,26,6,2024-10-26,WN,1391.0,FLL,BWI,650,800,150.0,925.0,0,0,0,0,0
7,15,1,2024-07-15,OO,5354.0,IAH,ASE,715,825,170.0,913.0,0,0,0,0,0
9,23,1,2024-09-23,WN,1428.0,MCO,MSY,790,840,110.0,551.0,0,0,0,0,0
8,21,3,2024-08-21,AA,360.0,PVD,ORD,432,533,161.0,849.0,0,0,0,0,0
4,18,4,2024-04-18,DL,661.0,ATL,SNA,1065,1168,283.0,1919.0,1,0,1,0,0
11,27,3,2024-11-27,AA,2974.0,SAN,PHL,570,1052,302.0,2370.0,0,0,0,0,0
10,7,1,2024-10-07,AA,2904.0,DFW,MSY,830,915,85.0,447.0,0,0,0,0,0
9,11,3,2024-09-11,B6,1054.0,PBI,JFK,715,878,163.0,1028.0,0,0,0,0,0
11,19,2,2024-11-19,OO,4164.0,AUS,BNA,458,591,133.0,756.0,0,0,0,0,0
10,24,4,2024-10-24,F9,1114.0,DEN,TPA,1439,324,205.0,1506.0,0,0,0,0,0
8,15,4,2024-08-15,OO,3451.0,LAX,SFO,1130,1212,82.0,337.0,1,0,1,0,0
10,29,2,2024-10-29,OO,4697.0,CRW,ORD,840,895,115.0,416.0,0,0,0,0,0
6,24,1,2024-06-24,WN,3714.0,MCO,ATL,580,675,95.0,404.0,0,0,0,0,0
3,27,3,2024-03-27,DL,1587.0,TPA,ATL,756,855,99.0,406.0,0,0,0,0,0
4,14,7,2024-04-14,DL,2105.0,DTW,GRR,1314,1366,52.0,120.0,0,0,0,0,0
2,20,2,2024-02-20,WN,846.0,IND,RSW,480,625,145.0,945.0,0,0,0,0,0
9,27,5,2024-09-27,DL,2568.0,LAX,SAT,510,805,175.0,1211.0,0,0,0,0,0
4,14,7,2024-04-14,B6,2184.0,RDU,BOS,1040,1162,122.0,612.0,0,0,1,0,0
7,9,2,2024-07-09,AA,2889.0,PDX,MIA,1310,389,339.0,2700.0,0,0,0,0,0
1,27,6,2024-01-27,AA,1395.0,MSP,DFW,300,478,178.0,852.0,0,0,0,0,0
7,2,2,2024-07-02,UA,1696.0,MCO,IAH,1021,1114,153.0,854.0,0,0,0,0,0
2,29,4,2024-02-29,UA,1486.0,SDF,DEN,915,991,196.0,1024.0,0,0,0,0,0
6,27,4,2024-06-27,WN,1515.0,PHX,BNA,495,815,200.0,1449.0,0,0,0,0,0
2,7,3,2024-02-07,F9,4173.0,MCO,CLE,715,873,158.0,895.0,0,0,0,0,0
6,25,2,2024-06-25,OO,3899.0,PDX,SEA,1057,1119,62.0,129.0,0,0,0,0,0
8,22,4,2024-08-22,OO,5685.0,AVL,ORD,1053,1130,137.0,536.0,0,0,0,0,0
2,20,2,2024-02-20,F9,2142.0,PHX,DEN,1158,1274,116.0,602.0,0,0,0,0,0
3,18,1,2024-03-18,AA,697.0,CLT,BWI,1225,1311,86.0,361.0,0,0,0,0,0
6,8,6,2024-06-08,AS,875.0,SEA,LIH,626,820,374.0,2701.0,0,0,0,0,0
1,29,1,2024-01-29,OO,3848.0,GSP,DTW,1106,1214,108.0,508.0,1,0,1,0,0
3,27,3,2024-03-27,WN,1670.0,SAN,HOU,550,850,180.0,1313.0,0,0,0,0,0
2,20,2,2024-02-20,DL,1495.0,ATL,PBI,1360,29,109.0,545.0,0,0,0,0,0
4,25,4,2024-04-25,WN,2932.0,DAL,MCO,770,985,155.0,973.0,0,0,0,0,0
4,28,7,2024-04-28,YX,4526.0,LGA,OKC,1120,1301,241.0,1341.0,0,0,0,0,0
6,10,1,2024-06-10,YX,4782.0,CLE,DCA,751,839,88.0,310.0,0,0,0,0,0
4,28,7,2024-04-28,WN,1783.0,SNA,SMF,480,570,90.0,404.0,0,0,0,0,0
11,29,5,2024-11-29,B6,2924.0,LAX,JFK,1240,302,322.0,2475.0,0,0,0,0,0
2,17,6,2024-02-17,DL,1443.0,LAX,MCI,535,847,192.0,1363.0,0,0,0,0,0
4,9,2,2024-04-09,AS,216.0,CLE,SEA,1139,1274,315.0,2021.0,0,0,0,0,0
12,21,6,2024-12-21,OO,5619.0,AVL,ORD,1065,1130,125.0,536.0,1,0,0,0,0
4,5,5,2024-04-05,WN,692.0,SMF,SAN,1140,1225,85.0,480.0,1,0,0,0,1
8,22,4,2024-08-22,UA,616.0,PSP,DEN,806,998,132.0,776.0,0,0,0,0,0
8,10,6,2024-08-10,YX,4497.0,HHH,DCA,1006,1113,107.0,501.0,0,0,0,0,0
4,22,1,2024-04-22,DL,910.0,LAS,JFK,575,1060,305.0,2248.0,0,0,0,0,0
9,6,5,2024-09-06,OO,5568.0,ORD,MLI,555,625,70.0,139.0,0,0,0,0,0
9,16,1,2024-09-16,OO,4139.0,RAP,MSP,989,1149,100.0,489.0,0,0,0,0,0
7,21,7,2024-07-21,UA,602.0,PIT,ORD,1080,1120,100.0,413.0,0,0,0,0,0
12,25,3,2024-12-25,AA,1799.0,PHL,LAX,979,1158,359.0,2402.0,0,0,0,0,0
9,12,4,2024-09-12,OO,4804.0,IAH,LGA,593,874,221.0,1416.0,0,0,0,0,0
12,1,7,2024-12-01,WN,3755.0,LAS,SAN,1125,1195,70.0,258.0,0,0,0,0,0
1,9,2,2024-01-09,AS,1202.0,SEA,SNA,989,1149,160.0,978.0,0,0,0,0,0
4,26,5,2024-04-26,AS,494.0,SAT,SEA,1100,1245,265.0,1774.0,0,0,0,0,0
1,12,5,2024-01-12,NK,3384.0,PBI,LGA,1085,1260,175.0,1035.0,0,0,0,0,0
3,12,2,2024-03-12,B6,472.0,FLL,LGA,1020,1200,180.0,1076.0,0,0,0,0,0
8,10,6,2024-08-10,AA,1775.0,CLT,DCA,1114,1199,85.0,331.0,0,0,0,0,0
5,24,5,2024-05-24,WN,2793.0,SAV,BNA,665,695,90.0,417.0,0,0,1,0,0
10,15,2,2024-10-15,WN,1768.0,ABQ,DEN,835,915,80.0,349.0,1,0,0,0,0
6,12,3,2024-06-12,OH,5450.0,PHL,SDF,801,925,124.0,576.0,0,0,0,0,0
4,21,7,2024-04-21,DL,2896.0,IAD,DTW,360,452,92.0,383.0,0,0,0,0,0
10,10,4,2024-10-10,OO,4011.0,ATL,ASE,630,725,215.0,1304.0,0,0,0,0,0
12,6,5,2024-12-06,OO,5499.0,ORD,SBN,1175,1296,61.0,84.0,0,0,0,0,0
11,10,7,2024-11-10,B6,706.0,FLL,EWR,1259,1439,180.0,1065.0,0,0,0,0,0
8,9,5,2024-08-09,9E,5503.0,ATL,XNA,869,920,111.0,589.0,0,0,0,0,0
10,9,3,2024-10-09,OO,3723.0,JFK,MKE,1050,1149,159.0,745.0,0,0,0,0,0
10,6,7,2024-10-06,UA,2195.0,ORD,BDL,650,845,135.0,783.0,0,0,0,0,0
6,11,2,2024-06-11,AA,3013.0,PHL,DFW,1045,1200,215.0,1303.0,0,0,0,0,1
2,8,4,2024-02-08,DL,1398.0,JFK,LAS,1276,32,376.0,2248.0,0,0,0,0,0
8,29,4,2024-08-29,OO,4303.0,BJI,MSP,404,471,67.0,199.0,0,0,0,0,0
6,27,4,2024-06-27,9E,5060.0,DTW,CVG,965,1036,71.0,229.0,0,0,0,0,0
9,8,7,2024-09-08,OO,4314.0,SLC,WYS,675,747,72.0,273.0,0,0,0,0,0
8,31,6,2024-08-31,B6,2334.0,PBI,DCA,525,669,144.0,857.0,0,0,0,0,0
8,9,5,2024-08-09,B6,71.0,JFK,SLC,1139,1342,323.0,1990.0,0,0,0,0,0
2,19,1,2024-02-19,AS,603.0,PHX,SEA,779,910,191.0,1107.0,1,0,0,0,1
3,29,5,2024-03-29,OO,3954.0,SEA,MFR,1290,1372,82.0,352.0,1,0,0,0,0
3,10,7,2024-03-10,OH,5426.0,CVG,DCA,1050,1139,89.0,411.0,0,0,0,0,0
5,28,2,2024-05-28,WN,4917.0,LAX,SMF,1200,1285,85.0,373.0,0,0,0,0,1
7,1,1,2024-07-01,DL,1127.0,BOS,MSP,909,1049,200.0,1124.0,0,0,0,0,0
12,1,7,2024-12-01,AA,702.0,PHX,CLT,450,804,234.0,1773.0,0,0,0,0,0
7,19,5,2024-07-19,AA,2049.0,BWI,CLT,813,906,93.0,361.0,1,0,1,0,1
8,1,4,2024-08-01,YX,5713.0,DCA,JFK,1026,1125,99.0,213.0,0,0,1,0,1
4,3,3,2024-04-03,UA,1796.0,MCI,ORD,701,795,94.0,403.0,0,0,1,0,1
3,28,4,2024-03-28,F9,3015.0,SLC,LAS,926,967,101.0,368.0,0,0,0,0,0
2,2,5,2024-02-02,UA,2206.0,EWR,IAH,945,1135,250.0,1400.0,0,0,0,0,0
9,1,7,2024-09-01,WN,3594.0,MDW,CMH,645,775,70.0,283.0,0,0,0,0,0
11,29,5,2024-11-29,OO,4107.0,SBN,ATL,390,516,126.0,566.0,1,0,0,0,0
11,12,2,2024-11-12,AA,1426.0,CLT,CHS,567,634,67.0,168.0,0,0,0,0,0
9,28,6,2024-09-28,DL,1595.0,SLC,RNO,705,734,89.0,422.0,0,0,0,0,0
7,11,4,2024-07-11,AA,2898.0,CLT,PVD,430,554,124.0,683.0,0,0,0,0,0
6,26,3,2024-06-26,OO,3768.0,SLC,FAT,669,719,110.0,501.0,0,0,0,0,0
1,3,3,2024-01-03,UA,483.0,BNA,SFO,1122,1306,304.0,1969.0,0,0,0,0,0
11,18,1,2024-11-18,WN,270.0,BWI,DTW,1340,1435,95.0,409.0,0,0,0,0,0
8,23,5,2024-08-23,AA,1341.0,DFW,EGE,755,839,144.0,721.0,0,0,0,0,0
2,11,7,2024-02-11,UA,560.0,EWR,PBI,910,1093,183.0,1023.0,0,0,0,0,0
4,10,3,2024-04-10,WN,2745.0,HOU,LGB,525,630,225.0,1374.0,0,0,0,0,0
2,10,6,2024-02-10,WN,1342.0,IND,FLL,730,890,160.0,1005.0,0,0,0,0,0
8,27,2,2024-08-27,OH,5447.0,IAD,CLT,1067,1180,113.0,322.0,0,0,0,0,0
10,3,4,2024-10-03,OO,3421.0,RNO,LAX,360,466,106.0,391.0,0,0,0,0,0
6,26,3,2024-06-26,YX,5695.0,LGA,IND,675,817,142.0,660.0,1,0,0,0,0
12,18,3,2024-12-18,F9,1375.0,DEN,PHX,330,456,126.0,602.0,0,0,0,0,0
9,28,6,2024-09-28,WN,250.0,LGA,BNA,565,650,145.0,764.0,0,0,0,0,0
2,20,2,2024-02-20,DL,2175.0,DTW,CMH,1305,1371,66.0,155.0,0,0,0,0,0
6,4,2,2024-06-04,WN,2556.0,PHX,ATL,330,730,220.0,1587.0,0,0,0,0,0
9,20,5,2024-09-20,WN,711.0,PIT,FLL,475,630,155.0,994.0,0,0,0,0,0
5,2,4,2024-05-02,WN,1781.0,LAS,SLC,715,860,85.0,368.0,0,0,0,0,0
10,8,2,2024-10-08,DL,1660.0,ATL,MCI,895,960,125.0,692.0,0,0,0,0,0
2,3,6,2024-02-03,MQ,3710.0,GSP,ORD,391,465,134.0,577.0,0,0,0,0,0
11,12,2,2024-11-12,WN,1152.0,LAS,BUR,1205,1275,70.0,223.0,0,0,0,0,0
9,1,7,2024-09-01,WN,2805.0,PHX,MDW,1110,1425,195.0,1444.0,1,0,0,0,0
10,3,4,2024-10-03,OH,5342.0,BTR,DFW,330,430,100.0,383.0,0,0,0,0,0
4,15,1,2024-04-15,WN,4069.0,AUS,SAN,730,790,180.0,1164.0,1,0,1,0,0
1,16,2,2024-01-16,OO,3380.0,SFO,PSP,625,720,95.0,421.0,0,0,0,0,0
11,24,7,2024-11-24,WN,1974.0,OAK,BUR,675,745,70.0,325.0,0,0,0,0,0
3,13,3,2024-03-13,UA,426.0,ORD,EWR,960,1158,138.0,719.0,0,0,0,0,0
7,18,4,2024-07-18,DL,2217.0,MIA,BOS,1185,1402,217.0,1258.0,0,0,0,0,0
10,15,2,2024-10-15,AA,155.0,ICT,DFW,1119,1203,84.0,328.0,0,0,0,0,0
3,14,4,2024-03-14,DL,2457.0,LAX,PDX,1225,1371,146.0,834.0,0,0,1,0,1
5,6,1,2024-05-06,AS,1085.0,SEA,SJC,768,899,131.0,696.0,0,0,0,0,0
8,12,1,2024-08-12,OO,5610.0,ORD,CHO,1103,1286,123.0,566.0,0,0,0,0,0
7,19,5,2024-07-19,HA,9.0,LAX,HNL,1050,1220,350.0,2556.0,0,0,0,0,0
10,14,1,2024-10-14,DL,959.0,ATL,PBI,1016,1122,106.0,545.0,0,0,0,0,0
2,8,4,2024-02-08,DL,775.0,LAX,DAL,1125,1421,176.0,1246.0,0,0,0,0,0
8,31,6,2024-08-31,WN,212.0,COS,MDW,725,925,140.0,917.0,0,0,0,0,0
11,26,2,2024-11-26,AA,1842.0,CLT,MCO,1215,1320,105.0,468.0,1,0,0,0,1
1,28,7,2024-01-28,B6,655.0,SYR,MCO,1105,1286,181.0,1053.0,0,0,0,0,0
3,21,4,2024-03-21,AA,1885.0,CLT,ILM,451,516,65.0,185.0,0,0,0,0,0
11,29,5,2024-11-29,B6,1100.0,LAX,FLL,835,1314,299.0,2343.0,0,0,0,0,0
6,18,2,2024-06-18,YX,4496.0,LGA,BUF,979,1057,78.0,292.0,0,0,0,0,0
3,28,4,2024-03-28,MQ,3907.0,MIA,BNA,834,923,149.0,806.0,1,0,1,0,1
4,25,4,2024-04-25,WN,715.0,BUF,MDW,985,1025,100.0,468.0,0,0,0,0,0
5,10,5,2024-05-10,DL,2688.0,MCO,JFK,480,640,160.0,944.0,0,0,0,0,0
3,16,6,2024-03-16,G4,956.0,FNT,PGD,591,782,191.0,1111.0,0,0,0,0,0
6,20,4,2024-06-20,NK,3154.0,LGA,MIA,1019,1220,201.0,1096.0,0,0,0,0,0
10,14,1,2024-10-14,NK,844.0,LAX,PHL,355,847,312.0,2402.0,0,0,0,0,0
4,13,6,2024-04-13,AA,781.0,ORD,PSP,496,633,257.0,1651.0,1,0,1,0,0
5,2,4,2024-05-02,OH,5287.0,AVL,CLT,633,694,61.0,91.0,0,0,0,0,0
8,16,5,2024-08-16,OH,5488.0,CLT,MLB,934,1037,103.0,490.0,0,0,0,0,0
2,8,4,2024-02-08,AA,2453.0,LAX,BOS,1320,385,325.0,2611.0,0,0,0,0,0
8,11,7,2024-08-11,OH,5646.0,MKE,DCA,479,659,120.0,634.0,0,0,0,0,0
2,24,6,2024-02-24,WN,3025.0,DEN,MTJ,845,905,60.0,196.0,0,0,0,0,0
7,1,1,2024-07-01,9E,5516.0,CHA,ATL,335,387,52.0,106.0,0,0,0,0,0
6,29,6,2024-06-29,AA,1474.0,CLT,LAS,1233,1332,279.0,1916.0,0,0,0,0,0
10,1,2,2024-10-01,OO,4061.0,ATL,AGS,496,551,55.0,143.0,0,0,1,0,0
3,9,6,2024-03-09,WN,5528.0,OAK,BUR,490,560,70.0,325.0,0,0,0,0,0
9,23,1,2024-09-23,WN,3485.0,MIA,BWI,450,605,155.0,946.0,0,0,0,0,0
5,3,5,2024-05-03,OO,4016.0,SEA,ONT,630,791,161.0,956.0,0,0,0,0,0
10,18,5,2024-10-18,AA,485.0,JFK,MIA,1105,1305,200.0,1089.0,0,0,0,0,0
10,29,2,2024-10-29,B6,2124.0,LAX,JFK,1299,359,320.0,2475.0,0,0,0,0,0
3,5,2,2024-03-05,AA,2127.0,MCO,CLT,824,932,108.0,468.0,0,0,0,0,0
3,6,3,2024-03-06,OH,5137.0,CHA,DFW,360,455,155.0,695.0,0,0,0,0,0
1,28,7,2024-01-28,OO,5625.0,EGE,DEN,820,897,77.0,120.0,0,0,0,0,0
12,7,6,2024-12-07,WN,444.0,DEN,OAK,705,805,160.0,957.0,0,0,0,0,0
4,21,7,2024-04-21,WN,3893.0,PHX,GEG,590,745,155.0,1020.0,0,0,0,0,0
7,22,1,2024-07-22,AA,88.0,MIA,PHX,975,1070,275.0,1972.0,0,0,1,0,1
4,15,1,2024-04-15,AA,2030.0,PHL,CVG,945,1063,118.0,507.0,0,0,0,0,0
11,8,5,2024-11-08,YX,3674.0,ORD,PWM,665,875,150.0,900.0,0,0,0,0,0
12,7,6,2024-12-07,AS,494.0,SEA,SAT,749,1105,236.0,1774.0,0,0,0,0,0
1,20,6,2024-01-20,DL,1448.0,MSP,DFW,535,700,165.0,852.0,0,0,0,0,0
3,1,5,2024-03-01,WN,347.0,OAK,SAN,1225,1315,90.0,446.0,0,0,0,0,0
6,18,2,2024-06-18,AA,2855.0,LGA,CLT,680,807,127.0,544.0,0,0,0,0,0
5,6,1,2024-05-06,DL,2391.0,PNS,ATL,1161,1299,78.0,271.0,0,0,0,0,0
5,7,2,2024-05-07,NK,2057.0,ORD,MCO,369,601,172.0,1005.0,0,0,0,0,0
10,30,3,2024-10-30,OO,3859.0,GTF,SLC,700,789,89.0,463.0,0,0,0,0,0
8,4,7,2024-08-04,DL,769.0,SMF,ATL,1379,384,265.0,2092.0,0,0,0,0,0
3,9,6,2024-03-09,OH,5582.0,IAD,CLT,1070,1180,110.0,322.0,0,0,0,0,0
10,11,5,2024-10-11,OO,4654.0,ACV,SFO,1125,1200,75.0,250.0,0,0,0,0,0
2,24,6,2024-02-24,DL,517.0,ATL,BUF,537,657,120.0,712.0,0,0,0,0,0
8,15,4,2024-08-15,YX,5643.0,LGA,SDF,555,703,148.0,659.0,0,0,0,0,0
6,18,2,2024-06-18,OO,5630.0,MAF,DEN,838,898,120.0,563.0,0,0,0,0,0
2,15,4,2024-02-15,MQ,4094.0,CVG,ORD,438,465,87.0,264.0,0,0,0,0,0
6,25,2,2024-06-25,DL,2449.0,PHX,SEA,945,1132,187.0,1107.0,0,0,0,0,0
10,30,3,2024-10-30,YX,4360.0,ORF,JFK,360,440,80.0,290.0,0,0,0,0,0
1,18,4,2024-01-18,MQ,4108.0,DFW,SGF,615,704,89.0,364.0,0,0,0,0,0
4,5,5,2024-04-05,WN,1797.0,OAK,KOA,825,985,340.0,2378.0,0,0,0,0,0
5,17,5,2024-05-17,WN,5007.0,MYR,BWI,445,530,85.0,399.0,0,0,0,0,0
9,2,1,2024-09-02,F9,2816.0,JAX,PHL,499,635,136.0,742.0,0,0,0,0,0
4,2,2,2024-04-02,AA,679.0,DFW,JAX,1225,1422,137.0,918.0,0,0,0,0,0
5,18,6,2024-05-18,OH,5499.0,LIT,DFW,611,699,88.0,304.0,0,0,0,0,0
9,11,3,2024-09-11,OO,5812.0,OKC,IAH,810,905,95.0,395.0,0,0,0,0,0
9,30,1,2024-09-30,MQ,3513.0,MIA,EYW,1079,1139,60.0,126.0,0,0,0,0,0
3,21,4,2024-03-21,AA,2366.0,DFW,SAN,511,592,201.0,1171.0,0,0,0,0,0
4,28,7,2024-04-28,NK,2001.0,MYR,FLL,530,650,120.0,529.0,0,0,0,0,0
7,14,7,2024-07-14,OO,5063.0,ORD,DEC,935,996,61.0,156.0,1,0,1,0,0
7,4,4,2024-07-04,NK,903.0,BOS,DTW,1301,1434,133.0,632.0,0,0,0,0,0
7,11,4,2024-07-11,F9,1165.0,SJU,PHL,1209,1439,230.0,1576.0,1,0,0,0,0
12,29,7,2024-12-29,AA,2954.0,DFW,MSP,673,815,142.0,852.0,0,0,0,0,0
6,23,7,2024-06-23,DL,1540.0,PHL,DTW,360,460,100.0,453.0,0,0,0,0,0
7,23,2,2024-07-23,WN,3228.0,RDU,STL,1190,1255,125.0,667.0,1,0,1,0,1
10,4,5,2024-10-04,OO,4726.0,LAX,SBA,635,696,61.0,89.0,0,0,0,0,0
12,18,3,2024-12-18,WN,3024.0,PHX,LGB,1000,1025,85.0,355.0,0,0,0,0,0
9,24,2,2024-09-24,WN,814.0,ITO,HNL,375,435,60.0,216.0,0,0,0,0,0
12,3,2,2024-12-03,NK,1159.0,DTW,ATL,836,957,121.0,594.0,0,0,0,0,0
7,27,6,2024-07-27,AA,2277.0,LAX,STL,1048,1387,219.0,1592.0,0,0,0,0,0
6,29,6,2024-06-29,WN,3412.0,HOU,LAS,460,525,185.0,1235.0,0,0,0,0,0
7,16,2,2024-07-16,DL,1420.0,SMF,SLC,1140,1302,102.0,532.0,1,0,0,0,1
3,22,5,2024-03-22,DL,332.0,LAX,JFK,420,920,320.0,2475.0,0,0,0,0,0
1,12,5,2024-01-12,AA,2746.0,LAX,DFW,425,730,185.0,1235.0,0,1,0,0,0
8,24,6,2024-08-24,UA,208.0,BUR,SFO,835,918,83.0,326.0,0,0,0,0,0
11,8,5,2024-11-08,MQ,3492.0,SAV,MIA,1217,1309,92.0,440.0,0,0,0,0,0
3,6,3,2024-03-06,WN,753.0,PHX,LAS,1020,1030,70.0,255.0,1,0,1,0,1
11,26,2,2024-11-26,OO,4142.0,MSP,SYR,1215,1415,140.0,860.0,0,0,0,0,0
10,12,6,2024-10-12,AA,2209.0,SNA,CLT,460,919,279.0,2099.0,0,0,0,0,0
10,21,1,2024-10-21,B6,932.0,IAH,BOS,730,1023,233.0,1597.0,0,0,0,0,0
8,8,4,2024-08-08,AS,442.0,SEA,PHL,596,1079,303.0,2378.0,0,0,0,0,0
9,16,1,2024-09-16,UA,674.0,CHS,EWR,675,791,116.0,628.0,0,0,0,0,0
3,31,7,2024-03-31,WN,2537.0,ABQ,DEN,1150,1235,85.0,349.0,0,0,0,0,0
8,19,1,2024-08-19,WN,2953.0,PHX,SDF,575,955,200.0,1506.0,0,0,0,0,0
8,4,7,2024-08-04,WN,4588.0,SJC,SAN,820,905,85.0,417.0,0,0,0,0,0
8,29,4,2024-08-29,DL,2796.0,SLC,DFW,1052,1270,158.0,989.0,0,0,0,0,0
6,17,1,2024-06-17,UA,1221.0,LAX,AUS,1130,1438,188.0,1242.0,0,0,0,0,1
9,27,5,2024-09-27,DL,318.0,BOS,LAX,990,1188,378.0,2611.0,0,0,0,0,0
9,19,4,2024-09-19,AS,305.0,MIA,SEA,1075,1289,394.0,2724.0,0,1,1,0,0
4,13,6,2024-04-13,DL,1609.0,MIA,SLC,1105,1304,319.0,2088.0,1,0,0,0,0
12,21,6,2024-12-21,OO,5521.0,ORD,ATW,940,1015,75.0,160.0,0,0,0,0,0
1,24,3,2024-01-24,DL,867.0,SFO,DTW,1350,361,271.0,2079.0,0,0,0,0,0
7,8,1,2024-07-08,AS,79.0,ANC,SEA,665,938,213.0,1448.0,0,0,0,0,0
5,3,5,2024-05-03,DL,2233.0,TPA,ATL,1079,1174,95.0,406.0,0,0,0,0,0
3,17,7,2024-03-17,WN,4227.0,MCO,PHX,1250,1365,295.0,1849.0,1,0,1,0,1
4,24,3,2024-04-24,OO,6223.0,SFO,LAX,710,800,90.0,337.0,0,0,0,0,0
12,13,5,2024-12-13,OO,5389.0,FAR,DEN,694,772,138.0,627.0,0,0,0,0,0
7,28,7,2024-07-28,DL,1165.0,SEA,SLC,1035,1215,120.0,689.0,0,0,0,0,1
11,16,6,2024-11-16,UA,483.0,EWR,BNA,950,1041,151.0,748.0,0,0,0,0,1
11,26,2,2024-11-26,G4,255.0,AVL,LAS,850,943,273.0,1824.0,0,0,1,0,0
1,29,1,2024-01-29,WN,2784.0,AUS,LBB,1195,1275,80.0,341.0,0,0,0,0,0
2,28,3,2024-02-28,AS,614.0,SEA,SLC,606,789,123.0,689.0,0,0,0,0,0
10,3,4,2024-10-03,OO,5315.0,DEN,TUL,580,745,105.0,541.0,0,0,0,0,0
11,5,2,2024-11-05,YX,4654.0,SDF,LGA,787,908,121.0,659.0,0,0,0,0,0
3,12,2,2024-03-12,DL,2088.0,ATL,JAN,881,899,78.0,341.0,0,0,0,0,0
8,4,7,2024-08-04,DL,3144.0,ATL,CLT,452,523,71.0,226.0,0,0,0,0,0
3,19,2,2024-03-19,DL,901.0,PSP,MSP,935,1250,195.0,1454.0,1,0,1,0,0
12,20,5,2024-12-20,AA,2590.0,SNA,ORD,470,836,246.0,1726.0,0,1,0,0,1
1,3,3,2024-01-03,HA,278.0,HNL,KOA,745,794,49.0,163.0,0,0,0,0,0
8,5,1,2024-08-05,NK,140.0,MCO,EWR,922,1089,167.0,937.0,1,0,1,0,0
8,20,2,2024-08-20,WN,4018.0,SLC,OAK,1075,1130,115.0,588.0,0,0,0,0,0
8,5,1,2024-08-05,AA,2844.0,PHX,JAX,943,1381,258.0,1786.0,0,0,0,0,0
8,5,1,2024-08-05,AA,1922.0,ORD,PIT,771,920,89.0,413.0,1,0,0,0,1
7,10,3,2024-07-10,AA,2762.0,GSO,CLT,1124,1179,55.0,83.0,0,0,1,0,1
2,25,7,2024-02-25,UA,1469.0,DEN,MCO,830,1164,214.0,1546.0,0,0,0,0,0
1,3,3,2024-01-03,WN,210.0,LBB,DAL,625,695,70.0,293.0,0,0,0,0,0
4,1,1,2024-04-01,WN,3215.0,BHM,MCO,1120,1275,95.0,479.0,0,0,0,0,0
10,4,5,2024-10-04,AA,2693.0,PHX,ORD,581,915,214.0,1440.0,0,0,0,0,0
2,16,5,2024-02-16,WN,2147.0,AUS,CMH,830,1040,150.0,1073.0,0,0,0,0,0
4,27,6,2024-04-27,DL,2664.0,BUF,ATL,360,493,133.0,712.0,0,1,0,0,0
6,3,1,2024-06-03,G4,1457.0,XNA,VPS,657,764,107.0,601.0,0,0,0,0,0
12,30,1,2024-12-30,MQ,4283.0,ORD,AVP,794,963,109.0,632.0,0,0,0,0,1
2,23,5,2024-02-23,AA,2358.0,DFW,RSW,540,755,155.0,1017.0,0,0,0,0,0
11,23,6,2024-11-23,OO,5773.0,DEN,ASE,940,998,58.0,125.0,0,0,0,0,0
1,20,6,2024-01-20,WN,1125.0,ALB,BWI,685,770,85.0,289.0,0,0,0,0,0
5,5,7,2024-05-05,DL,1616.0,PNS,ATL,714,847,73.0,271.0,0,0,0,0,0
6,13,4,2024-06-13,UA,1182.0,CMH,ORD,1092,1121,89.0,296.0,1,0,1,0,0
2,7,3,2024-02-07,UA,1576.0,DTW,EWR,731,840,109.0,488.0,0,0,0,0,0
8,25,7,2024-08-25,B6,126.0,TPA,JFK,605,772,167.0,1005.0,0,0,0,0,0
2,24,6,2024-02-24,DL,1705.0,OKC,ATL,1013,1199,126.0,761.0,0,0,0,0,0
4,22,1,2024-04-22,DL,1692.0,SEA,TPA,820,1318,318.0,2520.0,0,0,0,0,0
3,1,5,2024-03-01,UA,368.0,PHX,DEN,885,997,112.0,602.0,0,0,0,0,0
5,6,1,2024-05-06,WN,2644.0,HOU,OKC,805,885,80.0,419.0,0,0,0,0,0
7,2,2,2024-07-02,YX,4632.0,CLE,DCA,871,959,88.0,310.0,0,0,0,0,0
7,16,2,2024-07-16,AS,610.0,PDX,LAS,810,943,133.0,763.0,0,0,0,0,0
12,23,1,2024-12-23,DL,1701.0,HRL,MSP,935,1135,200.0,1310.0,0,0,0,0,0
5,28,2,2024-05-28,B6,2584.0,MCO,JFK,630,793,163.0,944.0,0,0,0,0,0
3,14,4,2024-03-14,WN,3318.0,SNA,SMF,425,515,90.0,404.0,0,0,0,0,0
1,4,4,2024-01-04,DL,877.0,DTW,LGA,1300,1409,109.0,502.0,1,0,0,0,1
7,15,1,2024-07-15,9E,5523.0,TYS,MSP,393,481,148.0,792.0,1,0,0,0,0
4,21,7,2024-04-21,DL,2025.0,SLC,BWI,1410,333,243.0,1865.0,0,0,0,0,0
6,8,6,2024-06-08,YX,4604.0,DCA,CHS,1000,1100,100.0,444.0,0,0,0,0,0
10,12,6,2024-10-12,OO,5588.0,ORD,DAY,635,779,84.0,240.0,0,0,0,0,0
1,24,3,2024-01-24,UA,336.0,SAN,IAH,895,1210,195.0,1303.0,0,0,0,0,0
9,20,5,2024-09-20,AS,371.0,SEA,PHL,1299,345,306.0,2378.0,0,0,0,0,0
3,18,1,2024-03-18,WN,2600.0,FLL,DCA,1205,1360,155.0,899.0,0,0,0,0,1
10,24,4,2024-10-24,AA,1734.0,DFW,MCI,540,643,103.0,460.0,0,0,0,0,0
4,10,3,2024-04-10,AA,1979.0,MCO,PHL,605,760,155.0,861.0,0,0,0,0,0
10,17,4,2024-10-17,UA,1552.0,EWR,RSW,895,1081,186.0,1068.0,0,0,0,0,0
2,12,1,2024-02-12,AA,1280.0,CLT,AVP,792,891,99.0,509.0,0,0,0,0,0
3,31,7,2024-03-31,AA,2258.0,LAS,ORD,420,760,220.0,1514.0,0,0,0,0,0
10,29,2,2024-10-29,OO,4952.0,PHX,TUS,631,694,63.0,110.0,0,0,0,0,0
2,14,3,2024-02-14,WN,1629.0,MDW,LGB,605,750,265.0,1741.0,0,0,0,0,0
12,13,5,2024-12-13,AA,2493.0,CLT,STL,465,534,129.0,575.0,0,0,0,0,0
9,13,5,2024-09-13,AA,2264.0,SNA,DFW,746,1052,186.0,1205.0,0,0,0,0,0
5,31,5,2024-05-31,OO,3261.0,FSD,PHX,883,942,179.0,1081.0,0,0,0,0,0
5,8,3,2024-05-08,AS,682.0,SEA,DEN,369,593,164.0,1024.0,0,0,0,0,0
9,29,7,2024-09-29,AS,878.0,OGG,SFO,967,1439,292.0,2338.0,0,0,0,0,0
7,14,7,2024-07-14,B6,97.0,JFK,DEN,1220,1377,277.0,1626.0,1,0,0,0,1
12,17,2,2024-12-17,DL,1235.0,ATL,BWI,1020,1122,102.0,577.0,0,0,0,0,0
3,7,4,2024-03-07,WN,3370.0,RNO,DEN,305,505,140.0,804.0,0,0,0,0,0
8,16,5,2024-08-16,UA,2282.0,BUF,ORD,420,472,112.0,474.0,1,0,1,0,0
12,18,3,2024-12-18,AA,3154.0,PHX,MSN,581,851,210.0,1396.0,0,0,0,0,0
3,17,7,2024-03-17,UA,476.0,EWR,MIA,1228,1420,192.0,1085.0,0,0,0,0,0
1,3,3,2024-01-03,AS,173.0,SEA,ANC,355,522,227.0,1448.0,0,0,0,0,0
4,25,4,2024-04-25,YX,3492.0,EWR,MKE,982,1076,154.0,725.0,0,0,0,0,0
9,19,4,2024-09-19,UA,1533.0,ORD,BDL,660,855,135.0,783.0,0,0,0,0,0
2,27,2,2024-02-27,WN,2333.0,IAD,DEN,950,1080,250.0,1452.0,0,0,1,0,1
8,11,7,2024-08-11,OO,4799.0,DEN,FAR,1223,1400,117.0,627.0,0,0,0,0,0
1,5,5,2024-01-05,AA,1789.0,EWR,PHX,1015,1231,336.0,2133.0,0,0,0,0,0
10,23,3,2024-10-23,DL,2296.0,DTW,FLL,1110,1283,173.0,1127.0,0,0,0,0,0
6,18,2,2024-06-18,YX,5801.0,ORF,LGA,444,539,95.0,296.0,0,0,0,0,0
2,21,3,2024-02-21,DL,431.0,DFW,LGA,1147,1413,206.0,1389.0,1,0,0,0,0
3,8,5,2024-03-08,DL,2308.0,MCO,BOS,425,603,178.0,1121.0,0,0,0,0,0
7,22,1,2024-07-22,YX,3607.0,AVL,EWR,445,570,125.0,583.0,0,0,0,0,0
1,31,3,2024-01-31,F9,3247.0,SJU,PHL,59,240,241.0,1576.0,0,0,1,0,1
5,14,2,2024-05-14,WN,4498.0,DEN,COS,1015,1060,45.0,73.0,0,0,0,0,0
5,27,1,2024-05-27,AA,471.0,PHL,PBI,950,1110,160.0,951.0,1,0,1,0,0
12,7,6,2024-12-07,AA,2054.0,PHX,MIA,1439,372,253.0,1972.0,0,0,0,0,0
10,2,3,2024-10-02,WN,1912.0,BWI,MHT,760,845,85.0,377.0,0,0,0,0,0
4,9,2,2024-04-09,DL,2312.0,PDX,LAX,765,911,146.0,834.0,0,0,0,0,0
9,14,6,2024-09-14,WN,3328.0,MIA,DAL,1000,1120,180.0,1109.0,0,0,0,0,0
3,4,1,2024-03-04,WN,4021.0,LAS,BUR,1135,1205,70.0,223.0,0,0,0,0,0
4,21,7,2024-04-21,WN,1111.0,ABQ,DEN,320,400,80.0,349.0,0,0,0,0,0
8,27,2,2024-08-27,DL,1763.0,SJU,ATL,450,669,219.0,1547.0,0,0,0,0,0
7,16,2,2024-07-16,WN,827.0,DEN,ATL,920,1215,175.0,1199.0,1,0,1,0,1
5,16,4,2024-05-16,AA,2117.0,MCO,CLT,986,1095,109.0,468.0,0,0,0,0,0
10,29,2,2024-10-29,AA,2825.0,PHX,EWR,528,994,286.0,2133.0,0,0,0,0,0
11,17,7,2024-11-17,YX,4571.0,LGA,TYS,1119,1259,140.0,647.0,0,0,0,0,0
10,7,1,2024-10-07,AA,1561.0,GRR,DFW,327,437,170.0,931.0,0,0,0,0,0
5,14,2,2024-05-14,F9,2144.0,MDW,ATL,420,605,125.0,591.0,0,0,0,0,0
1,12,5,2024-01-12,DL,2294.0,LGA,DFW,927,1131,264.0,1389.0,1,0,0,0,1
9,1,7,2024-09-01,WN,4075.0,DEN,ELP,985,1090,105.0,563.0,0,0,0,0,0
2,18,7,2024-02-18,WN,3547.0,BNA,MSY,1305,1405,100.0,471.0,0,0,0,0,0
2,10,6,2024-02-10,AA,2157.0,DFW,MFE,1055,1152,97.0,469.0,0,0,1,0,1
4,18,4,2024-04-18,WN,2538.0,SAT,LAS,430,480,170.0,1069.0,0,0,0,0,0
8,9,5,2024-08-09,OO,3807.0,SEA,GEG,1190,1261,71.0,224.0,0,1,1,0,0
10,27,7,2024-10-27,WN,1860.0,OAK,ONT,875,955,80.0,362.0,0,0,0,0,0
12,25,3,2024-12-25,B6,2252.0,RSW,HPN,965,1140,175.0,1102.0,1,0,0,0,1
3,10,7,2024-03-10,DL,813.0,ATL,PHX,988,1069,261.0,1587.0,0,0,0,0,0
6,21,5,2024-06-21,UA,1226.0,ORD,BNA,1275,1377,102.0,409.0,0,0,0,0,1
9,23,1,2024-09-23,MQ,3453.0,DFW,FSM,876,944,68.0,227.0,0,0,0,0,0
4,29,1,2024-04-29,YX,3564.0,CMH,EWR,459,570,111.0,463.0,0,0,0,0,0
4,25,4,2024-04-25,AS,840.0,LIH,SEA,804,1330,346.0,2701.0,1,0,1,0,0
6,6,4,2024-06-06,WN,920.0,BWI,PVD,410,490,80.0,327.0,0,0,0,0,0
11,8,5,2024-11-08,WN,1796.0,PHX,STL,1070,1300,170.0,1262.0,0,0,0,0,0
6,17,1,2024-06-17,WN,5008.0,MSY,HOU,685,760,75.0,302.0,0,0,1,0,1
6,10,1,2024-06-10,AA,2357.0,DEN,DFW,640,823,123.0,641.0,1,0,1,0,1
7,23,2,2024-07-23,YX,3662.0,EWR,RIC,500,592,92.0,277.0,0,0,0,0,0
2,12,1,2024-02-12,F9,762.0,MSY,MCO,839,1011,112.0,551.0,0,0,0,0,1
10,5,6,2024-10-05,WN,909.0,MCO,STL,840,935,155.0,882.0,0,0,0,0,0
6,10,1,2024-06-10,AA,1341.0,EGE,DFW,879,1070,131.0,721.0,0,1,0,0,0
9,25,3,2024-09-25,OH,5425.0,CLT,LFT,1099,1185,146.0,729.0,1,0,0,0,1
9,25,3,2024-09-25,WN,3136.0,COS,DEN,945,995,50.0,73.0,0,0,0,0,0
1,12,5,2024-01-12,9E,4846.0,PIT,MSP,405,500,155.0,726.0,0,0,0,0,0
5,15,3,2024-05-15,WN,1319.0,DAL,ABQ,760,810,110.0,580.0,0,0,0,0,0
11,26,2,2024-11-26,OO,5113.0,DEN,EAR,1240,1381,81.0,305.0,0,0,0,0,0
1,29,1,2024-01-29,OO,5528.0,ORD,CRW,860,1020,100.0,416.0,0,0,0,0,0
7,4,4,2024-07-04,AA,338.0,PHX,ORD,735,1063,208.0,1440.0,0,0,0,0,0
10,9,3,2024-10-09,YX,5780.0,BOS,CVG,525,674,149.0,752.0,0,0,0,0,0
6,28,5,2024-06-28,MQ,3724.0,ORD,MQT,873,1013,80.0,303.0,1,0,1,0,1
11,27,3,2024-11-27,DL,735.0,SBA,ATL,435,875,260.0,2023.0,0,0,0,0,0
11,9,6,2024-11-09,UA,1981.0,TPA,EWR,674,840,166.0,997.0,0,0,0,0,0
2,24,6,2024-02-24,DL,2316.0,BNA,DTW,1050,1215,105.0,456.0,0,0,0,0,0
9,16,1,2024-09-16,OO,5537.0,ORD,DSM,1115,1205,90.0,299.0,0,0,0,0,0
7,25,4,2024-07-25,UA,1735.0,EWR,BZN,592,760,288.0,1882.0,0,0,0,0,0
12,20,5,2024-12-20,UA,1865.0,EWR,MCO,420,601,181.0,937.0,0,0,0,0,0
6,27,4,2024-06-27,OH,5598.0,ALB,CLT,1176,1310,134.0,646.0,0,0,0,0,0
12,26,4,2024-12-26,AA,1291.0,AUS,LAX,1110,1198,208.0,1242.0,0,0,0,0,0
6,20,4,2024-06-20,B6,109.0,BOS,JAX,650,822,172.0,1010.0,0,0,0,0,0
9,26,4,2024-09-26,OO,5058.0,VCT,IAH,330,382,52.0,123.0,0,0,0,0,0
9,27,5,2024-09-27,AA,1196.0,EWR,MIA,310,502,192.0,1085.0,0,0,0,0,0
1,24,3,2024-01-24,MQ,3495.0,SGF,DFW,640,734,94.0,364.0,1,0,1,0,1
10,25,5,2024-10-25,UA,2046.0,EWR,MSP,850,963,173.0,1008.0,0,0,0,0,0
3,8,5,2024-03-08,OO,3269.0,EGE,PHX,958,1080,122.0,513.0,0,0,0,0,0
10,6,7,2024-10-06,OO,4921.0,GPT,DFW,655,763,108.0,500.0,0,0,0,0,0
10,31,4,2024-10-31,AA,2872.0,DFW,FSD,628,771,143.0,737.0,0,0,0,0,0
3,17,7,2024-03-17,DL,402.0,JFK,SLC,1050,1271,341.0,1990.0,0,0,0,0,0
10,22,2,2024-10-22,OO,3970.0,PIT,DTW,630,700,70.0,201.0,0,0,0,0,0
2,1,4,2024-02-01,B6,2251.0,BOS,MCO,750,957,207.0,1121.0,0,0,0,0,0
7,30,2,2024-07-30,WN,4727.0,HNL,KOA,1000,1050,50.0,163.0,0,0,0,0,0
11,4,1,2024-11-04,G4,1068.0,PIE,FSD,932,1075,203.0,1334.0,0,0,0,0,0
9,1,7,2024-09-01,WN,460.0,BUR,SMF,1130,1210,80.0,358.0,0,0,0,0,0
4,4,4,2024-04-04,UA,1645.0,CLE,IAH,375,502,187.0,1091.0,1,0,0,0,0
6,30,7,2024-06-30,DL,1730.0,SEA,SFO,1319,15,136.0,679.0,0,0,0,0,0
9,6,5,2024-09-06,OO,3475.0,SBP,SEA,420,565,145.0,847.0,0,0,0,0,0
12,30,1,2024-12-30,WN,2192.0,OGG,HNL,670,720,50.0,100.0,0,0,0,0,0
7,8,1,2024-07-08,9E,5052.0,JFK,CLT,485,609,124.0,541.0,0,0,0,0,0
4,8,1,2024-04-08,AA,1468.0,MIA,SAT,1280,1430,210.0,1143.0,0,0,0,0,1
11,10,7,2024-11-10,9E,4900.0,OMA,DTW,616,794,118.0,651.0,0,0,0,0,0
2,2,5,2024-02-02,OO,3185.0,PHX,SFO,500,576,136.0,651.0,0,0,1,0,1
10,1,2,2024-10-01,9E,4981.0,STL,LGA,360,569,149.0,888.0,0,0,0,0,0
11,30,6,2024-11-30,DL,2551.0,LAX,PDX,838,987,149.0,834.0,0,0,0,0,0
10,1,2,2024-10-01,AA,1051.0,ATL,DFW,1114,1199,145.0,731.0,0,0,0,0,0
3,7,4,2024-03-07,DL,667.0,JFK,SFO,1155,1387,412.0,2586.0,0,0,0,0,0
8,5,1,2024-08-05,UA,1368.0,DEN,LAX,1141,1232,151.0,862.0,0,1,0,0,0
3,16,6,2024-03-16,OH,5486.0,ROC,CLT,1040,1162,122.0,573.0,0,0,0,0,0
7,25,4,2024-07-25,DL,2268.0,MSP,RSW,1135,1402,207.0,1416.0,0,0,0,0,0
11,17,7,2024-11-17,OO,5439.0,ORD,CRW,850,1010,100.0,416.0,0,0,0,0,0
9,29,7,2024-09-29,DL,2792.0,MSP,CLT,425,643,158.0,930.0,0,0,0,0,0
5,23,4,2024-05-23,WN,943.0,PDX,DEN,725,935,150.0,991.0,0,0,0,0,0
2,16,5,2024-02-16,UA,1969.0,SBA,DEN,786,992,146.0,916.0,0,0,1,0,0
3,6,3,2024-03-06,UA,499.0,DFW,EWR,996,1259,203.0,1372.0,0,0,0,0,0
3,21,4,2024-03-21,NK,77.0,ATL,DFW,1245,1344,159.0,731.0,1,0,1,0,1
2,27,2,2024-02-27,WN,205.0,PNS,DAL,605,715,110.0,592.0,0,0,0,0,0
12,21,6,2024-12-21,WN,1414.0,OGG,SJC,835,1250,295.0,2355.0,0,0,0,0,0
12,23,1,2024-12-23,AA,538.0,PIT,ORD,379,434,115.0,413.0,0,0,0,0,0
9,12,4,2024-09-12,OO,6003.0,DEN,JAC,940,1038,98.0,406.0,0,0,0,0,0
3,12,2,2024-03-12,F9,2448.0,PBI,ISP,617,791,174.0,1052.0,1,0,0,0,1
3,20,3,2024-03-20,UA,1141.0,HNL,SFO,805,1289,304.0,2398.0,0,0,0,0,0
6,6,4,2024-06-06,YX,5804.0,CLE,BOS,367,485,118.0,563.0,0,0,0,0,0
5,24,5,2024-05-24,UA,2454.0,DEN,OMA,1080,1233,93.0,472.0,0,0,0,0,0
3,5,2,2024-03-05,AA,418.0,EWR,DFW,540,740,260.0,1372.0,0,0,0,0,0
7,1,1,2024-07-01,DL,2902.0,ATL,IAD,990,1097,107.0,534.0,0,0,0,0,0
8,20,2,2024-08-20,AA,1375.0,LGA,CLT,685,807,122.0,544.0,0,0,0,0,0
9,29,7,2024-09-29,AA,297.0,LAX,HNL,1101,1274,353.0,2556.0,0,0,0,0,0
9,12,4,2024-09-12,UA,1251.0,SBA,SFO,388,458,70.0,262.0,0,0,0,0,0
9,13,5,2024-09-13,WN,2528.0,PHX,BUR,470,560,90.0,369.0,0,0,0,0,0
3,17,7,2024-03-17,NK,3930.0,LGA,FLL,729,915,186.0,1076.0,0,0,1,0,0
6,15,6,2024-06-15,F9,3211.0,DFW,LAX,1223,1300,197.0,1235.0,0,0,0,0,0
5,26,7,2024-05-26,UA,1180.0,DEN,CID,675,851,116.0,692.0,1,0,0,0,0
4,27,6,2024-04-27,DL,1649.0,ATL,TPA,1180,1264,84.0,406.0,0,0,0,0,0
9,6,5,2024-09-06,B6,700.0,LAX,FLL,1439,493,314.0,2343.0,0,0,0,0,0
4,1,1,2024-04-01,DL,2950.0,BWI,ATL,360,481,121.0,577.0,0,0,0,0,0
7,20,6,2024-07-20,OO,4633.0,BOI,LAX,855,933,138.0,674.0,0,0,0,0,0
2,17,6,2024-02-17,9E,4939.0,STL,LGA,550,749,139.0,888.0,0,0,0,0,0
5,30,4,2024-05-30,UA,1388.0,AUS,SFO,1200,1305,225.0,1504.0,0,0,0,0,0
10,30,3,2024-10-30,AA,2897.0,DFW,STL,420,525,105.0,550.0,0,0,0,0,0
9,8,7,2024-09-08,DL,1216.0,IAH,LAX,360,439,199.0,1379.0,0,0,0,0,0
11,3,7,2024-11-03,WN,4780.0,FLL,BWI,1255,1405,150.0,925.0,0,0,0,0,0
10,23,3,2024-10-23,AS,61.0,JNU,YAK,604,665,61.0,198.0,0,0,0,0,0
3,10,7,2024-03-10,AA,1935.0,CLT,RSW,540,653,113.0,600.0,0,0,1,0,1
2,25,7,2024-02-25,NK,2020.0,FLL,LGA,1165,1345,180.0,1076.0,0,0,0,0,0
12,19,4,2024-12-19,MQ,3983.0,DFW,LRD,490,581,91.0,396.0,0,0,0,0,0
2,16,5,2024-02-16,DL,1315.0,ATL,CLE,1369,33,104.0,554.0,0,0,0,0,0
12,21,6,2024-12-21,NK,3164.0,SJU,MCO,152,288,196.0,1189.0,0,0,0,0,0
11,11,1,2024-11-11,NK,3170.0,OAK,LAS,1047,1137,90.0,407.0,0,0,0,0,0
12,29,7,2024-12-29,F9,3288.0,ATL,LGA,556,690,134.0,762.0,0,0,1,0,1
9,25,3,2024-09-25,9E,5452.0,ATL,MLU,1180,1215,95.0,448.0,0,0,0,0,1
5,10,5,2024-05-10,9E,4953.0,ATL,GTR,820,831,71.0,241.0,0,0,0,0,0
2,21,3,2024-02-21,YX,5789.0,BOS,BWI,1175,1287,112.0,369.0,0,0,0,0,0
2,27,2,2024-02-27,WN,2034.0,AUS,PHX,1120,1215,155.0,872.0,0,0,0,0,0
6,28,5,2024-06-28,UA,2322.0,LAS,IAH,720,1031,191.0,1222.0,0,0,0,0,0
8,9,5,2024-08-09,OO,4668.0,DEN,TUL,1263,1429,106.0,541.0,0,0,0,0,0
12,12,4,2024-12-12,G4,2317.0,AZA,FAR,865,1109,184.0,1220.0,0,0,1,0,1
5,7,2,2024-05-07,UA,397.0,DEN,SJC,480,582,162.0,948.0,0,0,0,0,0
8,13,2,2024-08-13,NK,390.0,MCO,DFW,1237,1355,178.0,985.0,0,0,1,0,1
11,13,3,2024-11-13,WN,5026.0,OKC,HOU,1125,1210,85.0,419.0,0,0,0,0,0
10,31,4,2024-10-31,DL,553.0,LAS,LAX,365,435,70.0,236.0,0,0,0,0,0
11,13,3,2024-11-13,AS,279.0,EWR,SFO,960,1164,384.0,2565.0,0,0,0,0,0
12,13,5,2024-12-13,OO,4780.0,DEN,BFL,690,799,169.0,845.0,0,0,0,0,0
6,17,1,2024-06-17,UA,790.0,EWR,PBI,360,532,172.0,1023.0,0,0,0,0,0
4,1,1,2024-04-01,WN,2521.0,CHS,MDW,1220,1290,130.0,745.0,0,0,1,0,0
12,26,4,2024-12-26,NK,2377.0,BWI,LAS,524,672,328.0,2106.0,0,0,0,0,0
3,30,6,2024-03-30,WN,5742.0,RSW,BWI,310,460,150.0,919.0,0,0,0,0,0
4,15,1,2024-04-15,WN,820.0,CMH,MCO,680,820,140.0,802.0,0,0,0,0,0
11,5,2,2024-11-05,UA,538.0,BWI,SFO,520,713,373.0,2457.0,0,0,0,0,0
6,27,4,2024-06-27,DL,2006.0,MSP,MKE,800,878,78.0,297.0,0,0,0,0,0
8,19,1,2024-08-19,DL,2790.0,MSY,DTW,677,890,153.0,926.0,0,0,0,0,0
3,28,4,2024-03-28,MQ,3560.0,DFW,BRO,1031,1130,99.0,482.0,0,0,0,0,0
8,7,3,2024-08-07,DL,2813.0,ORD,MSP,1035,1140,105.0,334.0,0,0,0,0,0
6,9,7,2024-06-09,AS,1297.0,SAN,PDX,854,1012,158.0,933.0,0,0,0,0,0
4,27,6,2024-04-27,OO,6200.0,SPS,DFW,372,436,64.0,113.0,0,0,0,0,0
9,14,6,2024-09-14,AA,1625.0,CLT,DFW,575,696,181.0,936.0,0,0,0,0,0
7,3,3,2024-07-03,WN,4763.0,SDF,MDW,1010,1025,75.0,271.0,0,0,0,0,0
7,13,6,2024-07-13,OO,5789.0,DEN,HDN,815,877,62.0,141.0,0,1,0,0,0
8,2,5,2024-08-02,NK,1781.0,IAH,BWI,804,1050,186.0,1235.0,0,0,1,0,0
6,22,6,2024-06-22,AA,2686.0,CLT,GRR,1165,1277,112.0,583.0,0,0,0,0,0
12,22,7,2024-12-22,AA,1685.0,DFW,PHX,739,841,162.0,868.0,0,0,0,0,0
5,13,1,2024-05-13,WN,664.0,DAL,DEN,625,690,125.0,651.0,0,0,0,0,0
7,20,6,2024-07-20,MQ,3788.0,RAP,DFW,620,817,137.0,835.0,0,0,0,0,0
6,27,4,2024-06-27,OO,5879.0,DEN,SHV,1055,1260,145.0,792.0,0,0,0,0,0
10,24,4,2024-10-24,UA,2211.0,ORD,SEA,1178,1335,277.0,1721.0,0,0,1,0,0
8,13,2,2024-08-13,MQ,3424.0,ROC,ORD,480,538,118.0,528.0,0,0,0,0,0
1,11,4,2024-01-11,AA,1285.0,CLT,AUS,563,697,194.0,1032.0,0,0,1,0,0
8,20,2,2024-08-20,WN,392.0,LAX,STL,440,775,215.0,1592.0,0,0,0,0,0
3,10,7,2024-03-10,WN,2887.0,LGB,OAK,615,700,85.0,353.0,0,0,0,0,0
8,19,1,2024-08-19,NK,505.0,MCO,LBE,587,729,142.0,823.0,0,0,0,0,0
11,8,5,2024-11-08,WN,3633.0,LAS,OAK,1100,1200,100.0,407.0,0,0,0,0,0
8,21,3,2024-08-21,YX,3494.0,IND,IAD,345,447,102.0,476.0,0,0,0,0,0
3,19,2,2024-03-19,OO,3697.0,AZO,DTW,390,452,62.0,113.0,0,0,0,0,0
3,16,6,2024-03-16,WN,6352.0,SDF,TPA,1270,1395,125.0,727.0,0,0,0,0,0
2,6,2,2024-02-06,AA,2915.0,CLT,TPA,790,894,104.0,507.0,0,0,0,0,0
12,2,1,2024-12-02,OO,5625.0,BFL,SFO,860,935,75.0,238.0,0,0,0,0,0
1,24,3,2024-01-24,AA,1508.0,SYR,DFW,365,557,252.0,1336.0,0,0,0,0,0
12,8,7,2024-12-08,HA,274.0,LIH,HNL,825,868,43.0,102.0,0,0,0,0,0
2,2,5,2024-02-02,DL,553.0,DCA,SLC,1030,1215,305.0,1851.0,0,0,0,0,0
4,10,3,2024-04-10,AA,1698.0,LGA,MIA,1110,1310,200.0,1096.0,1,0,1,0,1
9,7,6,2024-09-07,AA,1611.0,LAS,PHX,790,873,83.0,255.0,0,0,0,0,0
8,27,2,2024-08-27,OO,5427.0,ORD,CID,1080,1155,75.0,196.0,1,0,1,0,0
3,11,1,2024-03-11,WN,408.0,HOU,PIT,1020,1235,155.0,1131.0,0,0,0,0,0
12,24,2,2024-12-24,YX,3452.0,CVG,IAD,622,715,93.0,388.0,0,0,0,0,0
10,16,3,2024-10-16,DL,344.0,SEA,OGG,825,1015,370.0,2640.0,0,0,0,0,0
6,14,5,2024-06-14,UA,1023.0,DEN,MTJ,1145,1208,63.0,196.0,0,0,0,0,1
3,11,1,2024-03-11,AA,2068.0,CLT,LGA,886,990,104.0,544.0,0,0,1,0,0
9,9,1,2024-09-09,YX,4486.0,HSV,DCA,1110,1290,120.0,613.0,0,0,0,0,0
8,14,3,2024-08-14,UA,1259.0,ATL,SFO,1176,1302,306.0,2139.0,0,0,0,0,0
6,27,4,2024-06-27,WN,287.0,STL,ECP,790,895,105.0,634.0,0,0,0,0,0
4,16,2,2024-04-16,NK,1376.0,TPA,BOS,554,734,180.0,1185.0,0,0,0,0,0
6,29,6,2024-06-29,MQ,3504.0,MAF,DFW,617,698,81.0,309.0,0,0,0,0,0
8,18,7,2024-08-18,OH,5319.0,BNA,CLT,928,1079,91.0,328.0,1,0,1,0,0
7,2,2,2024-07-02,AA,472.0,DFW,DCA,1000,1245,185.0,1192.0,0,0,0,0,1
7,9,2,2024-07-09,AS,373.0,EWR,SFO,540,732,372.0,2565.0,0,0,0,0,0
5,15,3,2024-05-15,AS,1241.0,PSP,SEA,1072,1245,173.0,987.0,0,0,0,0,0
11,8,5,2024-11-08,AA,376.0,MIA,ORD,1278,1433,215.0,1197.0,0,0,0,0,0
11,23,6,2024-11-23,UA,1412.0,SYR,IAD,360,446,86.0,296.0,0,0,0,0,0
5,5,7,2024-05-05,AA,1173.0,EYW,CLT,1007,1145,138.0,736.0,0,0,1,0,1
12,28,6,2024-12-28,WN,2724.0,DEN,BNA,460,670,150.0,1014.0,0,0,0,0,0
3,29,5,2024-03-29,WN,3386.0,BNA,AUS,740,885,145.0,756.0,0,0,0,0,0
12,13,5,2024-12-13,WN,4663.0,PHX,PDX,485,595,170.0,1009.0,0,0,0,0,0
7,3,3,2024-07-03,UA,2455.0,EWR,ATL,510,657,147.0,746.0,0,0,0,0,0
8,27,2,2024-08-27,OO,5601.0,FAR,DEN,1026,1093,127.0,627.0,0,0,0,0,0
12,26,4,2024-12-26,WN,5003.0,SMF,SLC,935,1090,95.0,532.0,1,0,1,0,1
2,18,7,2024-02-18,YX,4388.0,BOS,JFK,1145,1235,90.0,187.0,0,0,0,0,0
9,14,6,2024-09-14,UA,1972.0,IAH,CLT,1120,1335,155.0,912.0,0,0,0,0,0
12,23,1,2024-12-23,DL,2508.0,SAN,SEA,686,882,196.0,1050.0,0,0,0,0,0
11,14,4,2024-11-14,OH,5047.0,SRQ,CLT,1180,1299,119.0,547.0,0,0,1,0,1
3,7,4,2024-03-07,DL,2902.0,ATL,IAD,1041,1140,99.0,534.0,0,0,0,0,0
7,30,2,2024-07-30,MQ,4065.0,DFW,CRP,1357,1433,76.0,354.0,0,0,0,0,0
11,18,1,2024-11-18,WN,2895.0,DCA,MDW,950,1015,125.0,601.0,0,0,0,0,0
10,19,6,2024-10-19,OO,3799.0,MDW,MSP,1140,1236,96.0,349.0,0,0,0,0,0
4,9,2,2024-04-09,AA,947.0,CLT,ATL,1106,1177,71.0,226.0,0,0,1,0,0
12,28,6,2024-12-28,B6,2130.0,SJU,JFK,349,539,250.0,1598.0,0,0,0,0,0
3,19,2,2024-03-19,B6,1371.0,LGA,FLL,540,723,183.0,1076.0,1,0,0,0,0
11,11,1,2024-11-11,OO,4952.0,DFW,SJT,1005,1070,65.0,229.0,0,0,0,0,0
2,9,5,2024-02-09,UA,2096.0,LAX,EWR,1415,472,317.0,2454.0,0,0,0,0,0
8,19,1,2024-08-19,WN,754.0,OMA,PHX,875,915,160.0,1037.0,0,0,0,0,0
12,5,4,2024-12-05,OH,5233.0,MHT,DCA,344,459,115.0,406.0,0,0,1,0,0
9,30,1,2024-09-30,G4,347.0,FSD,BNA,829,955,126.0,741.0,0,0,0,0,0
10,30,3,2024-10-30,WN,49.0,DAL,HOU,1110,1185,75.0,239.0,1,0,1,0,1
10,4,5,2024-10-04,AA,1525.0,DFW,ELP,1254,1299,105.0,551.0,0,0,0,0,0
3,5,2,2024-03-05,AA,2924.0,ORD,LAX,728,891,283.0,1744.0,0,0,0,0,0
10,17,4,2024-10-17,OO,6328.0,DRO,PHX,345,379,94.0,351.0,0,0,0,0,0
6,9,7,2024-06-09,WN,18.0,DAL,ATL,730,915,125.0,721.0,0,0,0,0,0
10,10,4,2024-10-10,9E,5267.0,SAV,LGA,770,900,130.0,722.0,0,0,0,0,0
1,11,4,2024-01-11,WN,485.0,BWI,PHX,405,620,335.0,1999.0,1,0,1,0,0
4,24,3,2024-04-24,OO,5054.0,SUX,ORD,389,490,101.0,436.0,0,0,0,0,0
4,14,7,2024-04-14,YX,3486.0,EWR,PIT,1259,1357,98.0,319.0,0,1,1,0,1
4,10,3,2024-04-10,DL,815.0,ATL,DFW,675,757,142.0,731.0,1,0,1,0,1
12,10,2,2024-12-10,AA,493.0,CLT,JFK,483,592,109.0,541.0,0,0,0,0,0
2,23,5,2024-02-23,YX,4505.0,ORD,IND,795,922,67.0,177.0,0,0,0,0,0
11,10,7,2024-11-10,OO,5061.0,IAH,MEI,1130,1221,91.0,422.0,0,0,0,0,1
10,3,4,2024-10-03,YX,4369.0,LGA,DCA,749,835,86.0,214.0,0,0,0,0,0
8,23,5,2024-08-23,HA,377.0,KOA,HNL,1085,1134,49.0,163.0,0,0,0,0,0
5,6,1,2024-05-06,DL,1567.0,MSP,JFK,425,659,174.0,1029.0,0,0,0,0,0
8,19,1,2024-08-19,F9,3886.0,LAS,DFW,360,660,180.0,1055.0,0,0,0,0,0
4,8,1,2024-04-08,AA,1637.0,DFW,PHL,779,1026,187.0,1303.0,0,0,0,0,0
10,12,6,2024-10-12,UA,2102.0,LAS,ORD,1410,309,219.0,1514.0,1,0,0,0,1
7,20,6,2024-07-20,AA,2438.0,MSY,PHX,1103,1174,191.0,1300.0,0,0,0,0,0
4,29,1,2024-04-29,UA,2160.0,PIT,IAD,631,689,58.0,182.0,0,0,0,0,0
12,8,7,2024-12-08,G4,312.0,BNA,FAR,390,545,155.0,910.0,0,0,0,0,0
4,27,6,2024-04-27,AA,1650.0,CLT,ORD,790,858,128.0,599.0,0,0,0,0,0
7,9,2,2024-07-09,AS,1042.0,SEA,EUG,1180,1253,73.0,234.0,0,0,1,0,1
5,5,7,2024-05-05,DL,2374.0,DTW,RDU,940,1039,99.0,501.0,0,0,0,0,0
5,22,3,2024-05-22,YX,4372.0,MEM,PHL,799,1006,147.0,875.0,0,0,0,0,0
12,9,1,2024-12-09,WN,1718.0,BUR,SMF,1200,1285,85.0,358.0,0,0,0,0,0
3,16,6,2024-03-16,UA,440.0,DEN,LAX,810,908,158.0,862.0,0,0,0,0,0
11,9,6,2024-11-09,DL,2284.0,PHX,MSP,906,1149,183.0,1276.0,0,0,0,0,0
12,13,5,2024-12-13,OO,5322.0,DEN,IDA,940,1044,104.0,458.0,0,0,0,0,0
12,7,6,2024-12-07,9E,5316.0,RIC,JFK,710,798,88.0,288.0,0,0,0,0,0
10,8,2,2024-10-08,OH,5526.0,PNS,CLT,776,941,105.0,488.0,1,0,1,0,0
3,12,2,2024-03-12,9E,5097.0,JFK,RDU,545,663,118.0,427.0,0,0,0,0,0
4,29,1,2024-04-29,DL,2957.0,LAS,MSP,836,1145,189.0,1299.0,0,0,0,0,0
8,14,3,2024-08-14,WN,1917.0,MCI,DEN,455,500,105.0,533.0,0,0,0,0,0
2,8,4,2024-02-08,OO,4869.0,PHX,IAH,817,1040,163.0,1009.0,0,0,0,0,0
2,21,3,2024-02-21,OO,5404.0,IAH,BTR,1095,1164,69.0,253.0,0,0,0,0,0
12,14,6,2024-12-14,WN,1635.0,OAK,KOA,550,770,340.0,2378.0,0,0,0,0,0
1,11,4,2024-01-11,WN,700.0,SLC,AUS,925,1145,160.0,1086.0,0,0,0,0,1
9,7,6,2024-09-07,AA,1404.0,DEN,PHX,455,514,119.0,602.0,0,0,0,0,0
4,24,3,2024-04-24,UA,2078.0,CVG,IAH,1018,1124,166.0,871.0,0,0,0,0,0
8,12,1,2024-08-12,YX,4701.0,DCA,IND,602,719,117.0,500.0,0,0,0,0,0
2,21,3,2024-02-21,F9,2593.0,TTN,MCO,1002,1176,174.0,896.0,0,0,0,0,0
6,12,3,2024-06-12,WN,187.0,HOU,MSY,515,595,80.0,302.0,0,0,0,0,0
9,21,6,2024-09-21,F9,4966.0,LAS,CLE,1380,373,253.0,1824.0,0,0,0,0,0
4,18,4,2024-04-18,WN,1660.0,DEN,OKC,950,1100,90.0,495.0,0,0,1,0,1
5,26,7,2024-05-26,AA,415.0,BDL,MIA,360,551,191.0,1194.0,0,0,0,0,0
6,12,3,2024-06-12,AA,179.0,JFK,SFO,503,727,404.0,2586.0,0,0,0,0,0
12,12,4,2024-12-12,WN,3521.0,SAN,MSY,675,1000,205.0,1599.0,0,0,0,0,0
7,13,6,2024-07-13,AA,820.0,DFW,JFK,509,809,240.0,1391.0,0,0,0,0,0
1,2,2,2024-01-02,OH,5282.0,HPN,DCA,689,773,84.0,234.0,0,0,0,0,0
10,11,5,2024-10-11,YX,4636.0,ORD,TYS,1225,1405,120.0,475.0,0,0,0,0,0
4,1,1,2024-04-01,WN,5310.0,BHM,MDW,1055,1160,105.0,570.0,0,0,0,0,0
4,3,3,2024-04-03,UA,1586.0,DEN,OMA,630,780,90.0,472.0,0,0,0,0,0
9,19,4,2024-09-19,OH,5450.0,PHL,SDF,939,1064,125.0,576.0,0,0,1,0,0
6,20,4,2024-06-20,WN,2435.0,MDW,DEN,510,610,160.0,895.0,0,0,0,0,0
6,14,5,2024-06-14,AA,394.0,OKC,DCA,1041,1275,174.0,1158.0,0,0,0,0,0
2,12,1,2024-02-12,UA,1580.0,LAX,SFO,495,590,95.0,337.0,0,0,1,0,0
1,12,5,2024-01-12,DL,2878.0,PBI,LGA,1195,1369,174.0,1035.0,0,0,1,0,1
8,25,7,2024-08-25,WN,1715.0,ATL,AUS,845,925,140.0,813.0,0,0,0,0,0
8,31,6,2024-08-31,UA,2468.0,EWR,MSY,780,910,190.0,1167.0,0,0,0,0,0
10,19,6,2024-10-19,WN,2373.0,SAT,ELP,505,540,95.0,496.0,0,0,0,0,0
9,3,2,2024-09-03,WN,4364.0,STL,LGA,535,740,145.0,888.0,0,0,0,0,0
7,4,4,2024-07-04,WN,682.0,PSP,DEN,875,1065,130.0,776.0,0,0,0,0,0
7,29,1,2024-07-29,UA,759.0,DEN,RNO,965,1047,142.0,804.0,1,0,0,0,0
2,6,2,2024-02-06,WN,1119.0,RNO,OAK,1080,1140,60.0,181.0,0,0,0,0,0
8,16,5,2024-08-16,DL,1333.0,MCI,BOS,675,921,186.0,1256.0,0,0,0,0,0
3,18,1,2024-03-18,WN,1015.0,DEN,SMF,1365,20,155.0,909.0,0,0,0,0,0
9,27,5,2024-09-27,UA,2281.0,IAH,LAS,1290,1363,193.0,1222.0,0,0,0,0,0
3,28,4,2024-03-28,OO,5327.0,DEN,XNA,615,799,124.0,616.0,0,0,0,0,0
9,28,6,2024-09-28,OO,4645.0,ORD,FWA,650,777,67.0,157.0,0,0,0,0,1
4,19,5,2024-04-19,NK,371.0,FLL,EWR,1015,1200,185.0,1065.0,1,0,0,0,0
9,28,6,2024-09-28,UA,2409.0,ORD,SFO,958,1122,284.0,1846.0,0,0,0,0,0
7,10,3,2024-07-10,DL,819.0,SAN,ATL,1350,349,259.0,1892.0,0,0,0,0,0
10,16,3,2024-10-16,MQ,3428.0,ORD,GSP,810,978,108.0,577.0,0,0,0,0,0
10,7,1,2024-10-07,AA,860.0,JFK,DFW,479,662,243.0,1391.0,0,0,0,0,0
7,15,1,2024-07-15,DL,2743.0,SEA,SNA,1175,1346,171.0,978.0,0,0,0,0,0
6,25,2,2024-06-25,DL,2364.0,ATL,OMA,972,1056,144.0,821.0,0,0,0,0,0
8,19,1,2024-08-19,WN,753.0,DAL,DEN,625,685,120.0,651.0,0,0,0,0,0
3,30,6,2024-03-30,WN,4420.0,MCO,PHL,490,640,150.0,861.0,0,0,0,0,0
7,26,5,2024-07-26,DL,726.0,ATL,BOS,865,1036,171.0,946.0,0,0,0,0,0
7,8,1,2024-07-08,DL,2760.0,LGA,ORD,1050,1164,174.0,733.0,1,0,0,0,0
9,5,4,2024-09-05,DL,1477.0,ORD,ATL,942,1122,120.0,606.0,0,0,0,0,0
3,27,3,2024-03-27,WN,1517.0,LIH,HNL,990,1030,40.0,102.0,0,0,0,0,0
9,28,6,2024-09-28,AA,806.0,AUS,PHL,900,1171,211.0,1430.0,1,0,0,0,0
1,31,3,2024-01-31,9E,5309.0,CHA,ATL,733,793,60.0,106.0,0,0,0,0,0
6,3,1,2024-06-03,9E,5132.0,GSO,LGA,375,478,103.0,461.0,0,0,0,0,0
7,26,5,2024-07-26,OO,3302.0,SFO,SAN,648,747,99.0,447.0,0,0,0,0,0
9,23,1,2024-09-23,MQ,3453.0,FSM,DFW,977,1062,85.0,227.0,0,0,0,0,0
7,20,6,2024-07-20,AA,549.0,PHX,IND,589,976,207.0,1488.0,0,0,0,0,0
11,5,2,2024-11-05,DL,2577.0,EWR,DTW,780,893,113.0,488.0,0,0,0,0,0
2,18,7,2024-02-18,AS,942.0,BOI,SEA,480,520,100.0,399.0,0,0,0,0,0
8,18,7,2024-08-18,DL,918.0,PHX,ATL,360,760,220.0,1587.0,0,0,0,0,0
6,13,4,2024-06-13,B6,2230.0,MKE,BOS,595,795,140.0,860.0,0,0,0,0,0
9,6,5,2024-09-06,NK,421.0,LAX,IAH,500,822,202.0,1379.0,0,0,0,0,0
4,11,4,2024-04-11,DL,466.0,LAS,ATL,1015,1431,236.0,1747.0,0,0,0,0,0
11,6,3,2024-11-06,NK,2052.0,FLL,EWR,859,1036,177.0,1065.0,0,0,0,0,0
7,12,5,2024-07-12,AS,568.0,SEA,MSY,682,1076,274.0,2086.0,0,0,0,0,0
10,4,5,2024-10-04,OH,5287.0,AVL,CLT,663,739,76.0,91.0,0,0,0,0,0
9,9,1,2024-09-09,NK,2025.0,MCO,MSY,1214,1269,115.0,551.0,0,0,0,0,0
11,29,5,2024-11-29,OO,5710.0,DEN,COS,1220,1275,55.0,73.0,0,0,0,0,0
5,29,3,2024-05-29,MQ,3495.0,MIA,TLH,515,610,95.0,402.0,0,0,0,0,0
9,23,1,2024-09-23,AA,1839.0,DCA,DFW,330,469,199.0,1192.0,0,0,1,0,0
5,29,3,2024-05-29,AA,2374.0,DTW,DFW,763,879,176.0,986.0,1,0,0,0,1
8,14,3,2024-08-14,AA,2208.0,PBI,CLT,821,939,118.0,590.0,1,0,0,0,1
11,29,5,2024-11-29,AS,382.0,SEA,BNA,1421,360,259.0,1978.0,0,0,0,0,0
8,2,5,2024-08-02,G4,203.0,ABE,SFB,945,1089,144.0,882.0,0,1,1,0,0
12,9,1,2024-12-09,OO,5796.0,MAF,IAH,910,1002,92.0,429.0,0,0,0,0,0
7,11,4,2024-07-11,WN,139.0,IND,DAL,445,510,125.0,755.0,0,0,0,0,0
7,31,3,2024-07-31,DL,2564.0,LGA,MCO,719,893,174.0,950.0,0,0,0,0,0
1,5,5,2024-01-05,WN,483.0,DEN,DAL,1240,1410,110.0,651.0,0,0,0,0,0
8,2,5,2024-08-02,WN,961.0,BWI,MDW,385,445,120.0,611.0,0,0,0,0,0
6,11,2,2024-06-11,MQ,3584.0,DFW,XNA,620,711,91.0,280.0,0,0,0,0,0
8,11,7,2024-08-11,9E,5043.0,ATL,TLH,740,802,62.0,223.0,0,0,0,0,0
10,20,7,2024-10-20,DL,2699.0,RDU,MSP,1154,1269,175.0,980.0,0,0,0,0,0
12,12,4,2024-12-12,AA,1569.0,TPA,DFW,1007,1125,178.0,929.0,0,0,0,0,0
4,21,7,2024-04-21,DL,1354.0,ATL,ABQ,650,733,203.0,1269.0,0,0,0,0,0
3,26,2,2024-03-26,9E,5347.0,AUS,CVG,615,825,150.0,958.0,0,0,0,0,0
8,26,1,2024-08-26,DL,2189.0,DTW,PHL,625,718,93.0,453.0,0,0,0,0,0
9,21,6,2024-09-21,YX,5609.0,JFK,ORD,486,602,176.0,740.0,0,0,0,0,0
4,12,5,2024-04-12,DL,351.0,LIH,LAX,1315,387,332.0,2615.0,0,0,0,0,0
5,19,7,2024-05-19,DL,2195.0,ATL,AVL,852,909,57.0,164.0,0,0,0,0,0
9,1,7,2024-09-01,MQ,3516.0,ORD,TUL,1265,1385,120.0,585.0,0,0,0,0,0
10,6,7,2024-10-06,YX,4361.0,DCA,CMH,929,1026,97.0,323.0,0,0,0,0,0
12,6,5,2024-12-06,AA,2554.0,DFW,BOS,925,1196,211.0,1562.0,0,0,0,0,1
7,4,4,2024-07-04,AA,2659.0,DFW,SNA,874,950,196.0,1205.0,0,0,0,0,0
11,24,7,2024-11-24,OO,3457.0,SFO,BOI,1062,1219,97.0,522.0,0,0,0,0,1
9,9,1,2024-09-09,WN,693.0,SJC,PHX,990,1100,110.0,621.0,0,0,0,0,0
7,9,2,2024-07-09,MQ,3348.0,DFW,PIA,1160,1289,129.0,672.0,0,0,0,0,0
3,13,3,2024-03-13,UA,205.0,BOS,EWR,1125,1219,94.0,200.0,0,0,0,0,0
8,12,1,2024-08-12,OO,4251.0,CIU,MSP,430,474,104.0,435.0,0,0,0,0,0
11,16,6,2024-11-16,DL,2333.0,JAX,DTW,705,846,141.0,813.0,0,0,0,0,0
2,14,3,2024-02-14,AS,1042.0,PDX,ONT,1060,1195,135.0,838.0,0,0,1,0,0
5,7,2,2024-05-07,F9,1402.0,DEN,BNA,780,1000,160.0,1014.0,0,0,0,0,1
8,8,4,2024-08-08,DL,2455.0,SLC,STL,590,820,170.0,1156.0,0,0,0,0,0
4,6,6,2024-04-06,YX,5743.0,JFK,BUF,1055,1150,95.0,301.0,0,0,0,0,0
4,14,7,2024-04-14,AA,2352.0,TUL,DFW,727,809,82.0,237.0,0,0,0,0,0
3,24,7,2024-03-24,B6,668.0,PBI,HPN,1205,1388,183.0,1056.0,0,0,0,0,0
9,12,4,2024-09-12,UA,1202.0,ORD,DFW,645,802,157.0,802.0,0,0,1,0,0
9,24,2,2024-09-24,OH,5611.0,CLE,PHL,763,851,88.0,363.0,0,0,0,0,0
2,29,4,2024-02-29,OO,4826.0,PHX,YUM,510,572,62.0,160.0,0,0,0,0,0
12,23,1,2024-12-23,NK,893.0,MYR,BOS,584,708,124.0,738.0,0,0,0,0,1
11,3,7,2024-11-03,OO,5613.0,ORD,LEX,645,794,89.0,323.0,0,0,0,0,0
7,31,3,2024-07-31,OH,5299.0,CLT,TYS,660,733,73.0,177.0,0,0,0,0,0
8,17,6,2024-08-17,MQ,3947.0,DFW,IAH,880,959,79.0,224.0,0,0,0,0,0
7,5,5,2024-07-05,UA,1397.0,DEN,ORD,1164,1375,151.0,888.0,0,0,0,0,0
9,12,4,2024-09-12,9E,5365.0,ATL,OAJ,550,636,86.0,399.0,0,0,0,0,0
9,2,1,2024-09-02,AA,2188.0,DFW,OMA,819,924,105.0,583.0,0,0,0,0,0
11,14,4,2024-11-14,HA,39.0,PDX,OGG,520,760,360.0,2562.0,0,0,0,0,0
1,4,4,2024-01-04,YX,3616.0,IAD,PVD,1065,1158,93.0,371.0,0,0,0,0,0
12,18,3,2024-12-18,OO,5591.0,LAX,FAT,1290,1368,78.0,209.0,1,0,0,0,0
2,20,2,2024-02-20,OO,3834.0,GTF,MSP,350,565,155.0,887.0,0,0,0,0,0
12,15,7,2024-12-15,9E,5075.0,EWR,CVG,869,999,130.0,569.0,0,0,0,0,0
8,2,5,2024-08-02,DL,380.0,ATL,DCA,557,662,105.0,547.0,0,0,0,0,0
7,26,5,2024-07-26,AS,520.0,SFO,SEA,795,927,132.0,679.0,0,0,0,0,0
3,28,4,2024-03-28,F9,1092.0,CVG,MCO,523,663,140.0,757.0,0,0,0,0,0
4,18,4,2024-04-18,WN,3114.0,HOU,MDW,995,1140,145.0,937.0,0,0,0,0,0
6,28,5,2024-06-28,UA,308.0,ORD,PHL,1110,1303,133.0,678.0,0,0,0,0,0
7,24,3,2024-07-24,UA,451.0,IAH,LAS,1290,1363,193.0,1222.0,0,0,0,0,0
5,10,5,2024-05-10,WN,1722.0,MSP,DEN,1135,1205,130.0,680.0,0,0,0,0,0
3,25,1,2024-03-25,G4,2994.0,SDF,SRQ,1137,1272,135.0,765.0,0,0,0,0,0
1,7,7,2024-01-07,UA,260.0,DCA,ORD,360,437,137.0,612.0,0,0,0,0,0
2,19,1,2024-02-19,YX,4715.0,LGA,DTW,1289,1420,131.0,502.0,0,0,0,0,0
3,23,6,2024-03-23,MQ,3917.0,DFW,BHM,1352,17,105.0,597.0,0,0,0,0,0
8,2,5,2024-08-02,AA,1578.0,DFW,MSP,1133,1281,148.0,852.0,0,0,0,0,0
4,23,2,2024-04-23,DL,992.0,PDX,JFK,440,940,320.0,2454.0,0,0,0,0,0
1,9,2,2024-01-09,B6,746.0,PSE,JFK,377,570,253.0,1617.0,1,0,0,0,0
8,24,6,2024-08-24,NK,210.0,CLT,DFW,730,835,165.0,936.0,0,0,0,0,0
4,4,4,2024-04-04,9E,5053.0,CLT,JFK,1002,1125,123.0,541.0,1,0,0,0,1
9,1,7,2024-09-01,MQ,3342.0,ORD,PIT,875,1033,98.0,413.0,0,0,0,0,0
6,2,7,2024-06-02,OO,5312.0,DEN,MLI,1060,1253,133.0,752.0,1,0,1,0,0
10,21,1,2024-10-21,UA,2234.0,LAX,SFO,835,918,83.0,337.0,0,0,0,0,0
12,29,7,2024-12-29,OH,5191.0,BHM,CLT,506,664,98.0,350.0,0,1,1,0,1
3,19,2,2024-03-19,9E,5502.0,CLE,DTW,1120,1174,54.0,95.0,0,0,0,0,0
5,25,6,2024-05-25,WN,2672.0,MDW,ATL,1055,1225,110.0,591.0,0,0,0,0,0
6,16,7,2024-06-16,WN,2185.0,MDW,DEN,1205,1310,165.0,895.0,0,0,0,0,1
6,29,6,2024-06-29,AA,197.0,SLC,CLT,731,1096,245.0,1727.0,1,0,0,0,0
6,12,3,2024-06-12,UA,1237.0,IAH,IND,450,655,145.0,844.0,0,0,0,0,0
11,24,7,2024-11-24,B6,813.0,HPN,FLL,599,783,184.0,1097.0,0,0,0,0,0
4,23,2,2024-04-23,YX,3543.0,SDF,IAD,575,675,100.0,451.0,0,0,0,0,0
5,20,1,2024-05-20,WN,255.0,PHX,SNA,655,740,85.0,338.0,0,0,0,0,0
10,10,4,2024-10-10,OO,3872.0,MSN,MSP,649,722,73.0,228.0,0,0,0,0,0
9,22,7,2024-09-22,AA,3093.0,SAT,DFW,1051,1128,77.0,247.0,0,0,0,0,1
8,29,4,2024-08-29,WN,1307.0,BWI,SAT,1150,1305,215.0,1407.0,1,0,0,0,1
5,4,6,2024-05-04,AA,1391.0,STT,MIA,1010,1200,190.0,1107.0,0,0,0,0,0
4,4,4,2024-04-04,DL,1365.0,DTW,SAT,1240,1391,211.0,1214.0,0,0,0,0,0
5,29,3,2024-05-29,WN,452.0,ORD,AUS,910,1075,165.0,977.0,0,0,0,0,0
4,24,3,2024-04-24,AA,1290.0,DFW,ORD,1010,1156,146.0,802.0,1,0,0,0,1
8,12,1,2024-08-12,WN,4703.0,RNO,BUR,595,675,80.0,374.0,0,0,0,0,0
6,29,6,2024-06-29,AA,1680.0,MIA,LGA,1018,1199,181.0,1096.0,0,0,0,0,1
4,25,4,2024-04-25,NK,420.0,BWI,FLL,411,575,164.0,925.0,0,0,0,0,0
8,19,1,2024-08-19,DL,1020.0,DCA,ATL,960,1074,114.0,547.0,0,0,0,0,0
8,9,5,2024-08-09,UA,1144.0,LGA,ORD,1105,1202,157.0,733.0,1,0,0,0,1
3,12,2,2024-03-12,UA,2013.0,MCO,LAX,400,562,342.0,2218.0,0,0,0,0,0
4,24,3,2024-04-24,WN,6055.0,AUS,DEN,725,800,135.0,775.0,0,0,0,0,0
3,2,6,2024-03-02,WN,1437.0,HNL,SAN,500,960,340.0,2614.0,0,0,0,0,0
7,31,3,2024-07-31,9E,5220.0,LGA,IND,1175,1323,148.0,660.0,0,0,0,0,1
8,21,3,2024-08-21,YX,4335.0,ORD,RDU,495,692,137.0,646.0,0,0,0,0,0
2,22,4,2024-02-22,WN,1434.0,STL,ATL,1110,1260,90.0,484.0,1,0,0,0,0
2,10,6,2024-02-10,AA,1395.0,MSP,DFW,300,478,178.0,852.0,0,0,0,0,0
11,30,6,2024-11-30,F9,1280.0,DEN,MIA,1099,16,237.0,1709.0,0,0,0,0,0
8,29,4,2024-08-29,AS,89.0,ANC,ADQ,825,886,61.0,253.0,0,0,0,0,0
10,29,2,2024-10-29,UA,2110.0,SAN,SFO,1035,1134,99.0,447.0,0,0,0,0,0
4,16,2,2024-04-16,DL,329.0,TPA,MSP,735,877,202.0,1306.0,0,0,0,0,0
6,30,7,2024-06-30,AA,1714.0,MCO,CLT,580,693,113.0,468.0,0,0,0,0,0
1,2,2,2024-01-02,DL,1485.0,ATL,STL,909,952,103.0,484.0,0,0,0,0,0
1,19,5,2024-01-19,YX,4791.0,ORD,CLE,834,976,82.0,316.0,0,0,0,0,0
10,27,7,2024-10-27,OO,3916.0,ELM,DTW,360,448,88.0,332.0,0,0,0,0,0
6,26,3,2024-06-26,AA,2062.0,DFW,PNS,870,978,108.0,604.0,0,0,1,0,0
12,29,7,2024-12-29,YX,3548.0,IAD,CVG,532,639,107.0,388.0,0,0,0,0,0
7,28,7,2024-07-28,DL,1697.0,CAE,ATL,713,776,63.0,192.0,0,0,0,0,0
10,2,3,2024-10-02,DL,2767.0,ORD,LGA,360,549,129.0,733.0,0,0,0,0,0
8,9,5,2024-08-09,DL,836.0,HNL,ATL,915,361,526.0,4502.0,0,0,0,0,0
8,29,4,2024-08-29,NK,1498.0,SJC,SAN,631,715,84.0,417.0,0,0,0,0,0
3,4,1,2024-03-04,HA,35.0,PHX,HNL,475,705,410.0,2917.0,1,0,0,0,0
9,1,7,2024-09-01,AA,2598.0,SYR,CLT,1038,1158,120.0,603.0,1,0,1,0,1
6,6,4,2024-06-06,MQ,3309.0,PHX,YUM,1318,1371,53.0,160.0,0,0,0,0,0
6,29,6,2024-06-29,OO,5235.0,COS,DEN,1035,1097,62.0,73.0,0,0,0,0,0
6,6,4,2024-06-06,OO,4047.0,MSN,MSP,660,732,72.0,228.0,1,0,0,0,0
2,21,3,2024-02-21,AA,2024.0,LAX,DFW,981,1280,179.0,1235.0,0,0,0,0,0
3,13,3,2024-03-13,DL,729.0,MSP,SFO,945,1075,250.0,1589.0,0,0,0,0,0
1,8,1,2024-01-08,DL,1588.0,LAS,SLC,1170,1317,87.0,368.0,0,0,0,0,0
7,30,2,2024-07-30,WN,187.0,MCI,MDW,785,865,80.0,405.0,0,0,0,0,0
3,12,2,2024-03-12,NK,1682.0,ACY,MYR,1152,1245,93.0,466.0,0,0,0,0,0
12,23,1,2024-12-23,OO,3379.0,LAX,STS,1185,1286,101.0,400.0,0,0,0,0,0
9,23,1,2024-09-23,UA,1596.0,SFO,PHX,680,802,122.0,651.0,0,0,0,0,0
9,21,6,2024-09-21,DL,1572.0,IAH,ATL,913,1097,124.0,689.0,0,0,0,0,0
10,29,2,2024-10-29,OO,5247.0,RAP,ORD,825,1030,145.0,779.0,0,0,0,0,0
2,8,4,2024-02-08,HA,246.0,HNL,OGG,683,727,44.0,100.0,0,0,0,0,0
9,1,7,2024-09-01,DL,669.0,JFK,SFO,540,743,383.0,2586.0,0,0,0,0,0
5,11,6,2024-05-11,F9,1426.0,SAN,DFW,680,985,185.0,1171.0,1,0,1,0,0
4,20,6,2024-04-20,F9,1538.0,TPA,BWI,1060,1199,139.0,842.0,0,0,0,0,0
6,17,1,2024-06-17,AA,2932.0,ORD,DTW,855,994,79.0,235.0,0,0,0,0,1
2,26,1,2024-02-26,YX,4291.0,BOS,DCA,721,839,118.0,399.0,0,0,0,0,0
10,23,3,2024-10-23,DL,2251.0,ATL,PHL,1135,1245,110.0,666.0,0,0,0,0,0
11,27,3,2024-11-27,OO,3344.0,PDX,SBP,765,891,126.0,722.0,0,0,0,0,0
4,22,1,2024-04-22,AA,2490.0,MIA,STT,645,815,170.0,1107.0,0,0,0,0,0
12,11,3,2024-12-11,WN,4136.0,BNA,BWI,795,960,105.0,587.0,0,0,0,0,0
11,18,1,2024-11-18,AA,2684.0,CLT,STT,440,715,215.0,1520.0,0,0,0,0,0
2,10,6,2024-02-10,OO,4029.0,OKC,SLC,510,621,171.0,866.0,0,0,0,0,0
4,8,1,2024-04-08,WN,684.0,SAN,SAT,1070,1345,155.0,1129.0,0,0,1,0,0
3,23,6,2024-03-23,OH,5644.0,TLH,DFW,856,954,158.0,767.0,0,0,0,0,0
11,22,5,2024-11-22,MQ,4139.0,DFW,CHA,870,1047,117.0,695.0,0,0,0,0,0
6,13,4,2024-06-13,WN,5045.0,BNA,MDW,415,510,95.0,395.0,0,0,1,0,0
9,15,7,2024-09-15,AA,276.0,SFO,JFK,1340,419,339.0,2586.0,0,0,0,0,0
1,6,6,2024-01-06,DL,2633.0,ATL,RDU,535,618,83.0,356.0,0,0,0,0,0
10,30,3,2024-10-30,OO,3346.0,SAN,MRY,751,838,87.0,375.0,0,0,0,0,1
1,23,2,2024-01-23,AA,320.0,DFW,BNA,1290,1396,106.0,631.0,1,0,1,0,1
5,4,6,2024-05-04,B6,554.0,DCA,BOS,690,783,93.0,399.0,0,0,0,0,0
6,27,4,2024-06-27,B6,2432.0,LGA,BOS,570,648,78.0,184.0,0,0,0,0,0
11,2,6,2024-11-02,AS,121.0,PDX,BUR,495,625,130.0,817.0,0,0,0,0,0
9,22,7,2024-09-22,MQ,3576.0,EYW,MIA,1079,1130,51.0,126.0,0,0,0,0,0
9,19,4,2024-09-19,AS,194.0,ANC,ADQ,430,491,61.0,253.0,0,0,0,0,0
11,14,4,2024-11-14,HA,198.0,HNL,KOA,540,588,48.0,163.0,0,0,0,0,0
6,15,6,2024-06-15,UA,730.0,DEN,LAX,940,1033,153.0,862.0,0,0,0,0,0
4,16,2,2024-04-16,OH,5222.0,DFW,DAY,635,841,146.0,861.0,0,0,0,0,0
11,22,5,2024-11-22,WN,1324.0,ELP,DAL,1105,1265,100.0,562.0,0,0,0,0,0
9,1,7,2024-09-01,UA,2472.0,SAN,IAH,465,780,195.0,1303.0,0,0,0,0,0
5,26,7,2024-05-26,F9,3288.0,ATL,LGA,469,607,138.0,762.0,0,0,0,0,0
7,1,1,2024-07-01,DL,978.0,MIA,MCO,920,1003,83.0,192.0,0,0,0,0,0
10,9,3,2024-10-09,WN,1394.0,DEN,BDL,1070,1410,220.0,1671.0,0,0,0,0,0
11,30,6,2024-11-30,UA,1415.0,LGA,DEN,446,600,274.0,1620.0,0,0,0,0,0
4,19,5,2024-04-19,F9,1015.0,SJU,PHL,59,293,234.0,1576.0,1,0,1,0,1
8,30,5,2024-08-30,WN,2941.0,PDX,DEN,530,740,150.0,991.0,0,0,0,0,0
6,28,5,2024-06-28,MQ,3841.0,BNA,MIA,990,1190,140.0,806.0,1,0,0,0,1
6,11,2,2024-06-11,DL,2029.0,ATL,MOB,1361,1378,77.0,302.0,1,0,0,0,1
8,29,4,2024-08-29,DL,458.0,LAX,CVG,1320,314,254.0,1900.0,0,0,0,0,0
7,29,1,2024-07-29,B6,29.0,FLL,SAN,1115,1248,313.0,2269.0,0,1,1,0,0
8,11,7,2024-08-11,WN,1301.0,MDW,PHL,365,540,115.0,668.0,0,0,0,0,0
7,25,4,2024-07-25,AA,2924.0,DCA,ORD,660,736,136.0,612.0,0,0,0,0,0
12,27,5,2024-12-27,G4,2784.0,SAV,PIT,385,490,105.0,579.0,0,0,0,0,0
3,23,6,2024-03-23,DL,2773.0,PWM,ATL,360,543,183.0,1027.0,1,1,1,0,0
8,24,6,2024-08-24,WN,3155.0,BUR,SLC,550,715,105.0,574.0,0,0,0,0,0
12,19,4,2024-12-19,AA,437.0,DEN,PHL,733,1065,212.0,1558.0,0,0,0,0,0
7,15,1,2024-07-15,OO,5379.0,ORD,TYS,850,1016,106.0,475.0,1,0,1,0,0
4,19,5,2024-04-19,WN,4383.0,MCI,DAL,505,600,95.0,461.0,0,0,0,0,0
3,17,7,2024-03-17,UA,2628.0,FLL,EWR,1023,1206,183.0,1065.0,0,0,0,0,0
8,5,1,2024-08-05,OO,5877.0,DEN,SGF,596,774,118.0,637.0,0,0,0,0,0
11,27,3,2024-11-27,OO,5074.0,DEN,BFF,985,1042,57.0,150.0,1,0,0,0,0
11,19,2,2024-11-19,NK,440.0,RNO,LAS,1192,1276,84.0,345.0,0,0,0,0,0
2,19,1,2024-02-19,DL,681.0,DSM,ATL,340,538,138.0,743.0,0,0,0,0,0
8,20,2,2024-08-20,WN,4189.0,MCI,MCO,625,850,165.0,1072.0,0,0,0,0,0
6,23,7,2024-06-23,WN,1644.0,IND,ATL,350,445,95.0,432.0,0,0,1,0,0
8,10,6,2024-08-10,NK,393.0,SDF,FLL,1180,1331,151.0,895.0,0,0,1,0,1
3,24,7,2024-03-24,UA,2163.0,RDU,IAD,625,702,77.0,224.0,0,0,0,0,0
1,15,1,2024-01-15,F9,2230.0,PDX,PHX,556,779,163.0,1009.0,0,0,0,0,0
1,12,5,2024-01-12,G4,218.0,AVL,PHX,450,577,247.0,1683.0,0,0,1,0,0
2,1,4,2024-02-01,UA,441.0,EWR,FLL,679,872,193.0,1065.0,0,0,0,0,0
12,6,5,2024-12-06,WN,3421.0,SDF,TPA,905,1030,125.0,727.0,0,0,0,0,0
3,14,4,2024-03-14,WN,2304.0,LAS,OAK,1240,1330,90.0,407.0,0,0,0,0,1
8,23,5,2024-08-23,OO,5940.0,ASE,LAX,1215,1295,140.0,737.0,0,0,0,0,0
7,18,4,2024-07-18,OO,6224.0,ROW,DFW,345,504,99.0,435.0,0,0,1,0,0
1,14,7,2024-01-14,DL,2287.0,SEA,SAN,585,760,175.0,1050.0,1,0,0,0,0
8,23,5,2024-08-23,MQ,3453.0,FSM,DFW,967,1042,75.0,227.0,0,0,0,0,1
12,11,3,2024-12-11,DL,1293.0,SLC,SNA,1045,1103,118.0,588.0,0,0,0,0,0
5,20,1,2024-05-20,WN,2119.0,BNA,MDW,455,545,90.0,395.0,0,0,0,0,0
12,1,7,2024-12-01,DL,2598.0,SEA,SNA,738,919,181.0,978.0,1,0,1,0,0
9,30,1,2024-09-30,NK,2385.0,BNA,EWR,850,1048,138.0,748.0,0,0,0,0,0
5,29,3,2024-05-29,AA,1813.0,ICT,DFW,1113,1199,86.0,328.0,0,0,1,0,1
4,8,1,2024-04-08,DL,533.0,SEA,ATL,1395,420,285.0,2182.0,0,0,0,0,0
7,16,2,2024-07-16,WN,355.0,SMF,LGB,585,670,85.0,387.0,0,0,0,0,0
1,3,3,2024-01-03,AA,2752.0,DFW,DCA,1151,1380,169.0,1192.0,0,0,0,0,0
5,5,7,2024-05-05,OO,5729.0,ORD,SAV,1095,1304,149.0,773.0,0,0,0,0,0
9,19,4,2024-09-19,UA,591.0,EWR,SAT,540,731,251.0,1569.0,0,0,0,0,0
10,8,2,2024-10-08,OO,4836.0,ORD,BNA,705,807,102.0,409.0,0,0,0,0,0
6,29,6,2024-06-29,WN,2464.0,CLT,STL,800,855,115.0,575.0,0,0,0,0,0
2,28,3,2024-02-28,DL,2675.0,BOS,FLL,720,935,215.0,1237.0,0,0,0,0,0
4,19,5,2024-04-19,NK,3162.0,MIA,DTW,941,1130,189.0,1145.0,0,0,0,0,0
7,26,5,2024-07-26,UA,2478.0,EWR,AUS,1257,1432,235.0,1504.0,0,0,1,0,0
11,18,1,2024-11-18,UA,2674.0,JAX,IAH,1045,1139,154.0,817.0,0,0,0,0,0
2,8,4,2024-02-08,WN,2025.0,DAL,OMA,605,710,105.0,586.0,0,0,0,0,0
12,28,6,2024-12-28,UA,450.0,SRQ,ORD,747,875,188.0,1050.0,0,0,1,0,0
5,16,4,2024-05-16,OO,4700.0,DEN,MAF,596,769,113.0,563.0,0,0,0,0,0
12,15,7,2024-12-15,OO,3307.0,SJC,PDX,375,492,117.0,569.0,0,0,0,0,0
5,10,5,2024-05-10,UA,1572.0,EWR,MCI,1287,1422,195.0,1092.0,0,0,0,0,0
10,2,3,2024-10-02,WN,2101.0,AUS,BUR,1050,1120,190.0,1241.0,0,0,0,0,0
4,20,6,2024-04-20,AA,2133.0,EWR,PHX,623,780,337.0,2133.0,1,0,1,0,1
10,7,1,2024-10-07,DL,2470.0,ATL,TUL,495,559,124.0,674.0,0,0,0,0,0
9,9,1,2024-09-09,OO,4308.0,SGU,SLC,1140,1215,75.0,272.0,0,0,0,0,0
10,24,4,2024-10-24,AA,1208.0,BUR,DFW,751,1064,193.0,1231.0,0,0,0,0,0
2,19,1,2024-02-19,AA,1183.0,BWI,MIA,360,534,174.0,946.0,0,0,0,0,0
11,24,7,2024-11-24,WN,375.0,MCO,MCI,745,870,185.0,1072.0,0,0,0,0,0
10,25,5,2024-10-25,DL,2716.0,MSP,RDU,630,841,151.0,980.0,1,0,0,0,0
6,27,4,2024-06-27,DL,2009.0,ATL,SAT,865,950,145.0,874.0,1,0,0,0,1
6,10,1,2024-06-10,AA,2484.0,PDX,PHL,1403,452,309.0,2406.0,0,0,0,0,0
12,8,7,2024-12-08,WN,1779.0,HNL,LIH,580,630,50.0,102.0,0,0,0,0,0
8,13,2,2024-08-13,OO,5234.0,HSV,ORD,450,584,134.0,510.0,0,0,0,0,0
10,25,5,2024-10-25,WN,4721.0,BOS,BWI,1300,1390,90.0,369.0,0,0,0,0,0
4,19,5,2024-04-19,B6,2317.0,BOS,JFK,763,839,76.0,187.0,0,0,0,0,0
9,8,7,2024-09-08,WN,808.0,OAK,HNL,560,715,335.0,2409.0,0,0,0,0,0
6,29,6,2024-06-29,UA,2182.0,ORD,LGA,840,1041,141.0,733.0,0,0,0,0,0
12,9,1,2024-12-09,F9,1431.0,MCO,MSY,786,845,119.0,551.0,0,0,0,0,0
7,17,3,2024-07-17,B6,1216.0,SFO,JFK,360,877,337.0,2586.0,0,0,0,0,0
3,3,7,2024-03-03,OO,3715.0,CMH,MSP,1003,1075,132.0,626.0,0,0,0,0,0
7,19,5,2024-07-19,WN,3412.0,HOU,LAS,500,575,195.0,1235.0,0,0,0,0,1
9,5,4,2024-09-05,AA,3120.0,CLT,XNA,535,604,129.0,754.0,0,0,0,0,0
7,13,6,2024-07-13,WN,1045.0,STL,TPA,755,950,135.0,869.0,0,0,0,0,0
5,25,6,2024-05-25,F9,1326.0,SAN,LAS,658,745,87.0,258.0,0,0,0,0,0
6,3,1,2024-06-03,WN,2454.0,MDW,LAS,950,1065,235.0,1521.0,0,0,0,0,0
7,1,1,2024-07-01,AA,617.0,DCA,TPA,1185,1325,140.0,814.0,0,0,0,0,0
12,24,2,2024-12-24,HA,336.0,HNL,OGG,865,909,44.0,100.0,0,0,0,0,0
1,18,4,2024-01-18,DL,2943.0,MIA,MCO,1165,1238,73.0,192.0,1,0,1,0,0
7,5,5,2024-07-05,OH,5382.0,CLT,SAV,1210,1287,77.0,213.0,0,0,0,0,0
12,4,3,2024-12-04,B6,1175.0,PVD,MCO,629,814,185.0,1072.0,0,0,0,0,0
11,1,5,2024-11-01,UA,237.0,CLT,EWR,420,535,115.0,529.0,0,0,0,0,0
6,14,5,2024-06-14,MQ,3973.0,ORD,CVG,863,1001,78.0,264.0,0,0,0,0,0
10,3,4,2024-10-03,OH,5138.0,BUF,DCA,1045,1124,79.0,296.0,0,0,0,0,0
9,3,2,2024-09-03,AA,114.0,BNA,MIA,654,852,138.0,806.0,1,0,1,0,0
5,10,5,2024-05-10,DL,1411.0,BOS,LAS,1185,1364,359.0,2381.0,0,0,0,0,0
12,3,2,2024-12-03,AS,135.0,PDX,LAX,1195,1342,147.0,834.0,0,0,0,0,0
8,5,1,2024-08-05,OH,5061.0,DFW,JAN,491,588,97.0,408.0,1,0,0,0,1
2,9,5,2024-02-09,WN,3169.0,PHX,MDW,1120,1370,190.0,1444.0,1,0,0,0,1
11,29,5,2024-11-29,UA,216.0,BOS,IAD,840,944,104.0,413.0,0,0,1,0,0
2,13,2,2024-02-13,MQ,3306.0,CLT,SDF,954,1048,94.0,335.0,0,0,0,0,0
2,29,4,2024-02-29,YX,4534.0,LGA,GSP,666,806,140.0,610.0,0,0,0,0,0
4,27,6,2024-04-27,OH,5420.0,PHL,IND,503,638,135.0,588.0,0,0,0,0,0
6,8,6,2024-06-08,DL,3137.0,ATL,CLT,950,1025,75.0,226.0,1,0,0,0,0
7,29,1,2024-07-29,WN,4715.0,CMH,TPA,360,490,130.0,829.0,0,0,0,0,0
12,16,1,2024-12-16,OO,3376.0,BOI,LAX,431,522,151.0,674.0,0,0,0,0,0
1,6,6,2024-01-06,OO,5339.0,GSO,DEN,506,633,247.0,1370.0,0,0,0,0,0
7,25,4,2024-07-25,WN,339.0,RNO,LAS,1300,1380,80.0,345.0,0,0,0,0,0
4,16,2,2024-04-16,DL,1694.0,IAD,SLC,430,598,288.0,1828.0,1,0,1,0,0
12,30,1,2024-12-30,F9,1238.0,MCO,ISP,315,470,155.0,971.0,0,0,1,0,0
2,16,5,2024-02-16,WN,4596.0,DAL,LAX,785,880,215.0,1246.0,0,0,0,0,0
5,5,7,2024-05-05,HA,30.0,OGG,SEA,910,1420,330.0,2640.0,0,0,0,0,0
12,22,7,2024-12-22,UA,2381.0,DEN,SAN,691,781,150.0,853.0,0,0,0,0,0
8,8,4,2024-08-08,DL,1452.0,SLC,GEG,719,760,101.0,546.0,0,0,0,0,0
8,2,5,2024-08-02,AA,2210.0,CLT,OMA,1244,1339,155.0,913.0,0,1,1,0,1
6,10,1,2024-06-10,WN,1988.0,STL,BUR,630,730,220.0,1583.0,0,0,0,0,0
8,13,2,2024-08-13,B6,1474.0,BNA,JFK,1165,1375,150.0,765.0,0,0,0,0,0
7,6,6,2024-07-06,HA,163.0,HNL,LIH,500,541,41.0,102.0,0,0,0,0,0
3,19,2,2024-03-19,DL,1026.0,PHX,MSP,1035,1339,184.0,1276.0,0,0,0,0,0
12,24,2,2024-12-24,B6,108.0,MCO,BDL,765,933,168.0,1050.0,0,0,0,0,0
1,24,3,2024-01-24,MQ,3368.0,DFW,FSD,1199,1331,132.0,737.0,0,0,0,0,0
4,26,5,2024-04-26,UA,1958.0,ROC,ORD,390,455,125.0,528.0,0,0,0,0,0
8,30,5,2024-08-30,UA,1414.0,ORD,SMF,550,708,278.0,1781.0,1,0,0,0,0
5,25,6,2024-05-25,UA,1872.0,IAD,DEN,1215,1326,231.0,1452.0,0,0,0,0,0
11,26,2,2024-11-26,WN,3240.0,LAX,SMF,330,425,95.0,373.0,0,0,0,0,0
4,13,6,2024-04-13,OO,3419.0,SEA,BLI,1385,1435,50.0,93.0,0,0,0,0,0
5,31,5,2024-05-31,AA,2622.0,DTW,PHL,968,1059,91.0,453.0,0,0,0,0,1
8,9,5,2024-08-09,DL,1749.0,BTR,ATL,1147,1310,103.0,448.0,0,0,0,0,0
9,16,1,2024-09-16,YX,4472.0,CMH,DCA,387,470,83.0,323.0,0,0,0,0,0
9,2,1,2024-09-02,OO,5345.0,ORD,CVG,800,944,84.0,264.0,0,0,0,0,0
8,25,7,2024-08-25,AA,2970.0,ORD,PHL,310,487,117.0,678.0,0,0,0,0,0
8,18,7,2024-08-18,UA,2311.0,IAH,DCA,592,838,186.0,1208.0,0,0,0,0,0
5,4,6,2024-05-04,AA,831.0,STL,CLT,1002,1171,109.0,575.0,0,0,1,0,1
7,24,3,2024-07-24,WN,3966.0,PHX,BOI,735,915,120.0,735.0,1,0,0,0,1
12,19,4,2024-12-19,UA,1776.0,ORD,PHL,1110,1300,130.0,678.0,0,1,1,0,0
8,22,4,2024-08-22,AA,2655.0,PDX,DFW,703,1048,225.0,1616.0,0,0,0,0,0
10,6,7,2024-10-06,WN,3197.0,BNA,FLL,1175,1365,130.0,793.0,0,0,0,0,0
1,8,1,2024-01-08,AA,1739.0,SYR,CLT,1044,1174,130.0,603.0,0,0,0,0,0
5,26,7,2024-05-26,DL,2012.0,SLC,MSO,1255,1349,94.0,436.0,0,0,0,0,0
3,21,4,2024-03-21,HA,266.0,HNL,OGG,720,765,45.0,100.0,0,0,0,0,0
5,9,4,2024-05-09,OO,4025.0,CRW,ATL,731,822,91.0,363.0,0,1,0,0,0
5,21,2,2024-05-21,WN,2297.0,HNL,ITO,1165,1225,60.0,216.0,0,0,0,0,0
3,6,3,2024-03-06,NK,427.0,PDX,LAS,729,862,133.0,763.0,0,0,0,0,0
3,18,1,2024-03-18,UA,548.0,EWR,SFO,840,1037,377.0,2565.0,0,0,0,0,0
2,27,2,2024-02-27,OO,3871.0,TUS,SLC,730,852,122.0,601.0,0,0,0,0,0
5,7,2,2024-05-07,MQ,3368.0,MIA,TPA,880,948,68.0,204.0,0,0,0,0,0
6,10,1,2024-06-10,WN,4099.0,MCO,AUS,545,645,160.0,994.0,0,0,0,0,0
11,14,4,2024-11-14,WN,3888.0,GSP,BNA,655,675,80.0,265.0,0,0,0,0,0
11,12,2,2024-11-12,DL,1519.0,MSP,DTW,765,926,101.0,528.0,0,0,0,0,0
3,13,3,2024-03-13,OH,5026.0,CAE,DCA,644,739,95.0,408.0,0,0,0,0,0
11,3,7,2024-11-03,AA,678.0,TPA,MIA,420,489,69.0,204.0,1,0,0,0,0
4,7,7,2024-04-07,NK,3350.0,IND,TPA,1170,1309,139.0,837.0,0,0,0,0,0
12,28,6,2024-12-28,OO,3451.0,SFO,SNA,1221,1314,93.0,372.0,0,0,0,0,0
2,12,1,2024-02-12,DL,2604.0,DTW,LGA,1095,1210,115.0,502.0,0,0,0,0,0
6,17,1,2024-06-17,NK,348.0,TPA,ACY,375,521,146.0,913.0,0,0,0,0,0
9,1,7,2024-09-01,HA,134.0,LIH,HNL,460,497,37.0,102.0,0,0,0,0,0
6,11,2,2024-06-11,F9,4157.0,LAS,SFO,1383,44,101.0,414.0,0,0,0,0,0
12,6,5,2024-12-06,OH,5235.0,CRW,CLT,1077,1178,101.0,221.0,1,0,0,0,1
8,18,7,2024-08-18,AS,141.0,PHX,ANC,1095,1375,340.0,2552.0,0,0,0,0,0
10,15,2,2024-10-15,WN,40.0,DAL,IND,1070,1255,125.0,755.0,0,0,0,0,0
1,4,4,2024-01-04,DL,2200.0,CMH,ATL,790,893,103.0,447.0,0,0,0,0,0
9,14,6,2024-09-14,UA,563.0,ORD,EWR,435,630,135.0,719.0,0,0,0,0,0
9,7,6,2024-09-07,F9,2141.0,DEN,PHX,885,941,116.0,602.0,0,0,0,0,0
1,28,7,2024-01-28,MQ,3750.0,ORD,FSD,1300,1404,104.0,462.0,0,0,0,0,0
3,1,5,2024-03-01,DL,2190.0,JFK,ATL,1180,1346,166.0,760.0,0,0,0,0,0
1,21,7,2024-01-21,YX,4589.0,LGA,ORF,1325,1413,88.0,296.0,0,0,0,0,0
2,20,2,2024-02-20,WN,1050.0,SAN,SJC,810,900,90.0,417.0,1,0,0,0,1
4,13,6,2024-04-13,AA,2389.0,PHX,STL,739,1036,177.0,1262.0,0,0,0,0,0
7,5,5,2024-07-05,WN,4327.0,ISP,BWI,865,940,75.0,220.0,0,0,1,0,1
12,26,4,2024-12-26,WN,3218.0,DEN,CMH,500,780,160.0,1154.0,0,0,0,0,0
2,22,4,2024-02-22,DL,2332.0,ATL,IAD,495,596,101.0,534.0,0,0,0,0,0
11,13,3,2024-11-13,WN,3024.0,LGB,SMF,1060,1145,85.0,387.0,0,0,0,0,0
7,11,4,2024-07-11,UA,1429.0,SNA,DEN,692,896,144.0,846.0,0,0,0,0,0
4,28,7,2024-04-28,UA,1728.0,SFO,DFW,665,1018,233.0,1464.0,0,0,0,0,0
9,4,3,2024-09-04,NK,462.0,LAS,SAT,465,740,155.0,1069.0,0,0,1,0,0
9,15,7,2024-09-15,WN,995.0,STL,RDU,550,720,110.0,667.0,0,0,0,0,0
8,8,4,2024-08-08,OO,5671.0,MKE,ORD,661,725,64.0,67.0,0,0,0,0,1
7,24,3,2024-07-24,WN,2493.0,SAN,DEN,1035,1240,145.0,853.0,0,0,0,0,1
3,27,3,2024-03-27,WN,506.0,MEM,DAL,765,860,95.0,423.0,0,0,0,0,0
11,29,5,2024-11-29,WN,271.0,ELP,DEN,360,470,110.0,563.0,0,0,0,0,0
4,13,6,2024-04-13,WN,367.0,LAX,OAK,510,595,85.0,337.0,0,0,0,0,0
11,23,6,2024-11-23,DL,2128.0,ICT,ATL,992,1184,132.0,782.0,0,0,0,0,0
4,22,1,2024-04-22,AA,2367.0,SRQ,ORD,992,1117,185.0,1050.0,0,0,0,0,1
5,28,2,2024-05-28,UA,1783.0,EWR,JAX,1130,1284,154.0,820.0,1,0,0,0,0
11,1,5,2024-11-01,MQ,3702.0,GRK,DFW,420,480,60.0,134.0,0,0,0,0,0
1,27,6,2024-01-27,OO,3857.0,SEA,SFO,820,963,143.0,679.0,0,0,0,0,0
5,12,7,2024-05-12,OO,5630.0,ICT,ORD,465,585,120.0,588.0,0,0,0,0,0
12,8,7,2024-12-08,AA,2877.0,BOS,ORD,1062,1185,183.0,867.0,0,0,0,0,0
4,22,1,2024-04-22,WN,4976.0,ATL,SRQ,660,750,90.0,444.0,0,0,0,0,0
11,14,4,2024-11-14,UA,2261.0,IAH,AUS,605,668,63.0,140.0,0,0,1,0,0
11,16,6,2024-11-16,DL,2892.0,ATL,CMH,931,1021,90.0,447.0,0,0,0,0,0
9,21,6,2024-09-21,NK,183.0,ORD,LAS,520,644,244.0,1514.0,0,0,0,0,0
1,30,2,2024-01-30,AA,1960.0,SFO,CLT,420,896,296.0,2296.0,0,0,0,0,0
11,29,5,2024-11-29,UA,318.0,DEN,EUG,675,787,172.0,996.0,0,0,0,0,0
9,18,3,2024-09-18,AA,2925.0,CLT,ILM,1106,1173,67.0,185.0,0,0,0,0,0
7,4,4,2024-07-04,UA,2398.0,IAD,EWR,1044,1130,86.0,212.0,0,1,0,0,1
6,5,3,2024-06-05,WN,1808.0,MCO,IND,1250,1400,150.0,829.0,0,0,0,0,0
6,23,7,2024-06-23,NK,1652.0,LAS,BUR,746,822,76.0,223.0,1,0,0,0,0
10,5,6,2024-10-05,AA,2641.0,BDL,CLT,1039,1174,135.0,644.0,0,0,0,0,0
1,18,4,2024-01-18,OO,5550.0,ORD,SGF,1186,1298,112.0,438.0,1,0,1,0,0
9,8,7,2024-09-08,WN,1182.0,LAS,SAN,1315,1385,70.0,258.0,0,0,0,0,0
7,18,4,2024-07-18,AA,3020.0,SEA,DFW,74,429,235.0,1660.0,0,0,0,0,1
7,9,2,2024-07-09,YX,4738.0,LGA,BUF,490,574,84.0,292.0,0,0,0,0,0
2,11,7,2024-02-11,HA,387.0,KOA,HNL,1115,1162,47.0,163.0,0,0,0,0,0
3,18,1,2024-03-18,YX,3689.0,IAD,PIT,1028,1098,70.0,182.0,0,0,0,0,0
1,22,1,2024-01-22,DL,1604.0,MSP,LAX,860,989,249.0,1535.0,1,0,1,0,1
7,15,1,2024-07-15,DL,939.0,LAX,JFK,720,1251,351.0,2475.0,0,0,1,0,0
10,22,2,2024-10-22,HA,195.0,OGG,HNL,620,666,46.0,100.0,0,0,0,0,0
12,14,6,2024-12-14,MQ,3366.0,GSP,DFW,714,821,167.0,862.0,0,0,0,0,0
8,22,4,2024-08-22,B6,739.0,JFK,BQN,1010,1253,243.0,1576.0,0,0,0,1,0
5,14,2,2024-05-14,OO,4017.0,AUS,MFE,630,714,84.0,279.0,0,0,0,0,0
10,11,5,2024-10-11,DL,2470.0,ATL,TUL,495,559,124.0,674.0,0,0,0,0,0
2,11,7,2024-02-11,B6,1602.0,JFK,BUF,555,647,92.0,301.0,0,0,0,0,0
4,1,1,2024-04-01,OO,3446.0,SEA,PSP,1165,1335,170.0,987.0,0,0,0,0,0
9,27,5,2024-09-27,AS,198.0,ANC,PDX,91,360,209.0,1542.0,0,0,0,0,0
1,14,7,2024-01-14,OO,3781.0,MFR,SEA,300,400,100.0,352.0,0,0,0,0,0
10,11,5,2024-10-11,OH,5561.0,ORF,PHL,992,1064,72.0,212.0,0,0,0,0,0
1,20,6,2024-01-20,9E,5264.0,HSV,ATL,723,842,59.0,151.0,0,0,0,0,0
4,4,4,2024-04-04,WN,5664.0,LAX,BWI,740,1215,295.0,2329.0,1,0,0,0,1
1,17,3,2024-01-17,OO,4785.0,PSP,SFO,945,1054,109.0,421.0,0,0,0,0,0
5,31,5,2024-05-31,AA,2994.0,ECP,CLT,604,757,93.0,437.0,0,0,0,0,0
4,7,7,2024-04-07,AA,2005.0,MCI,PHX,340,398,178.0,1044.0,0,0,0,0,0
8,11,7,2024-08-11,UA,2211.0,CVG,ORD,1075,1105,90.0,264.0,0,0,0,0,0
10,24,4,2024-10-24,WN,323.0,ELP,DAL,330,490,100.0,562.0,0,0,0,0,0
3,7,4,2024-03-07,9E,5097.0,JFK,RDU,540,658,118.0,427.0,0,0,0,0,0
11,20,3,2024-11-20,WN,1880.0,DEN,PDX,1250,1355,165.0,991.0,0,0,0,0,0
12,9,1,2024-12-09,F9,4671.0,DTW,PHX,769,934,285.0,1671.0,0,0,0,0,0
10,20,7,2024-10-20,DL,924.0,LAS,JFK,1350,388,298.0,2248.0,0,0,0,0,0
9,20,5,2024-09-20,WN,1271.0,ATL,MIA,665,780,115.0,594.0,0,0,0,0,0
7,30,2,2024-07-30,AA,2727.0,OMA,ORD,1061,1162,101.0,416.0,0,0,1,0,0
2,19,1,2024-02-19,9E,4917.0,MKE,LGA,1120,1319,139.0,738.0,0,0,0,0,0
6,27,4,2024-06-27,AA,1475.0,SJU,PHL,360,600,240.0,1576.0,0,0,0,0,0
10,21,1,2024-10-21,B6,352.0,MCO,BOS,750,934,184.0,1121.0,0,0,0,0,0
8,16,5,2024-08-16,DL,2971.0,DFW,MSP,1103,1259,156.0,852.0,0,0,0,0,0
4,7,7,2024-04-07,DL,2902.0,ATL,IAD,1040,1142,102.0,534.0,0,0,0,0,0
10,4,5,2024-10-04,MQ,3506.0,DFW,OKC,432,501,69.0,175.0,0,0,0,0,0
5,19,7,2024-05-19,WN,2001.0,DEN,GEG,930,1005,135.0,836.0,1,0,1,0,1
10,19,6,2024-10-19,AS,1032.0,PDX,SEA,300,366,66.0,129.0,0,0,0,0,0
6,17,1,2024-06-17,AA,1716.0,GSO,DFW,425,541,176.0,999.0,0,0,0,0,0
7,26,5,2024-07-26,AA,1305.0,DFW,JAX,1244,11,147.0,918.0,0,0,0,0,0
10,26,6,2024-10-26,UA,2493.0,RIC,DEN,490,602,232.0,1482.0,0,0,0,0,0
12,2,1,2024-12-02,DL,1371.0,MIA,BOS,671,875,204.0,1258.0,0,0,0,0,0
5,29,3,2024-05-29,MQ,3411.0,DFW,HRL,739,827,88.0,461.0,0,0,0,0,0
11,16,6,2024-11-16,OO,3833.0,SLC,LWS,665,710,105.0,461.0,0,0,0,0,0
9,8,7,2024-09-08,AA,3113.0,TPA,PHL,1053,1209,156.0,920.0,0,0,0,0,0
1,19,5,2024-01-19,DL,414.0,DAB,ATL,1129,1222,93.0,366.0,0,0,0,0,0
5,23,4,2024-05-23,DL,1373.0,PHX,SLC,345,505,100.0,507.0,0,0,0,0,0
2,15,4,2024-02-15,WN,2764.0,DEN,TUL,905,1055,90.0,541.0,1,0,0,0,1
11,5,2,2024-11-05,DL,2300.0,LGA,MIA,929,1130,201.0,1096.0,0,0,0,0,0
7,12,5,2024-07-12,AA,410.0,ORD,AUS,798,958,160.0,977.0,0,0,1,0,1
6,1,6,2024-06-01,WN,5404.0,ORD,MCO,810,1040,170.0,1005.0,0,0,0,0,0
5,30,4,2024-05-30,UA,2441.0,EWR,RDU,1230,1339,109.0,416.0,0,0,0,0,1
1,21,7,2024-01-21,AA,1356.0,BNA,DFW,685,820,135.0,631.0,0,0,0,0,0
9,24,2,2024-09-24,AA,2598.0,SYR,CLT,1055,1179,124.0,603.0,0,1,1,0,1
5,10,5,2024-05-10,OO,5574.0,XNA,ORD,1105,1220,115.0,522.0,0,0,0,0,0
12,24,2,2024-12-24,AA,756.0,ORF,MIA,385,537,152.0,802.0,1,0,0,0,0
10,2,3,2024-10-02,MQ,3924.0,DFW,CMI,795,919,124.0,693.0,0,0,0,0,0
6,12,3,2024-06-12,OO,4140.0,FCA,SLC,811,920,109.0,531.0,0,0,0,0,0
9,2,1,2024-09-02,9E,5244.0,LGA,PVD,769,834,65.0,143.0,0,0,0,0,0
12,21,6,2024-12-21,DL,1311.0,ATL,PBI,435,550,115.0,545.0,0,0,0,0,0
5,5,7,2024-05-05,DL,1506.0,LAS,MSP,45,353,188.0,1299.0,1,0,0,0,0
6,8,6,2024-06-08,NK,2878.0,SAN,PDX,375,529,154.0,933.0,0,0,0,0,0
8,3,6,2024-08-03,MQ,3654.0,CLL,DFW,305,374,69.0,164.0,0,0,0,0,0
2,20,2,2024-02-20,MQ,3435.0,BOS,CVG,1050,1215,165.0,752.0,0,0,0,0,0
6,24,1,2024-06-24,AA,1330.0,CLT,EWR,1009,1118,109.0,529.0,1,0,1,0,0
5,4,6,2024-05-04,YX,5663.0,LGA,CMH,530,652,122.0,479.0,0,0,0,0,0
6,1,6,2024-06-01,UA,719.0,MTJ,DEN,450,523,73.0,196.0,1,0,0,0,0
3,21,4,2024-03-21,NK,742.0,SAN,OAK,1105,1196,91.0,446.0,0,0,0,0,0
3,31,7,2024-03-31,OO,3403.0,STS,PDX,667,761,94.0,489.0,0,0,0,0,0
10,14,1,2024-10-14,NK,3647.0,FLL,MYR,485,587,102.0,529.0,0,0,0,0,0
5,30,4,2024-05-30,WN,4904.0,SJC,LAS,755,845,90.0,386.0,0,0,0,0,0
4,29,1,2024-04-29,G4,3045.0,TYS,PGD,877,997,120.0,624.0,0,0,0,0,0
8,1,4,2024-08-01,AA,2697.0,DFW,TYS,866,1055,129.0,772.0,1,0,0,0,1
4,8,1,2024-04-08,B6,189.0,JFK,SAN,360,553,373.0,2446.0,0,0,0,0,0
5,1,3,2024-05-01,AA,937.0,BUR,PHX,590,683,93.0,369.0,0,0,0,0,0
2,6,2,2024-02-06,UA,2191.0,SFO,DEN,1140,1362,162.0,967.0,0,0,0,0,0
12,31,2,2024-12-31,UA,498.0,DEN,PDX,1160,1274,174.0,991.0,1,0,0,0,0
8,22,4,2024-08-22,YX,4378.0,RDU,JFK,871,980,109.0,427.0,0,0,0,0,0
10,16,3,2024-10-16,NK,901.0,TPA,LAS,390,503,293.0,1984.0,0,0,0,0,0
3,28,4,2024-03-28,AA,1063.0,RIC,CLT,389,475,86.0,257.0,0,0,1,0,0
12,26,4,2024-12-26,OH,5428.0,GPT,DFW,301,425,124.0,500.0,0,0,0,0,0
5,10,5,2024-05-10,AA,286.0,LIH,LAX,1305,380,335.0,2615.0,0,0,0,0,0
8,6,2,2024-08-06,AA,478.0,PHL,PHX,651,782,311.0,2075.0,0,0,0,0,0
5,19,7,2024-05-19,NK,688.0,LGA,MCO,659,832,173.0,950.0,0,0,0,0,0
3,27,3,2024-03-27,WN,1344.0,DEN,TPA,360,685,205.0,1506.0,0,0,1,0,0
11,26,2,2024-11-26,WN,1680.0,SMF,SNA,705,795,90.0,404.0,0,0,0,0,0
7,15,1,2024-07-15,UA,222.0,CLE,EWR,1160,1259,99.0,404.0,0,0,1,0,0
12,23,1,2024-12-23,9E,5227.0,DTW,CVG,625,703,78.0,229.0,1,0,0,0,0
8,30,5,2024-08-30,AS,1004.0,SEA,GEG,1098,1162,64.0,224.0,0,0,0,0,0
9,3,2,2024-09-03,AA,798.0,CLT,AUS,920,1029,169.0,1032.0,0,0,0,0,0
6,19,3,2024-06-19,WN,2528.0,LAX,STL,865,1200,215.0,1592.0,0,0,0,0,0
2,7,3,2024-02-07,B6,2060.0,RSW,LGA,1185,1354,169.0,1080.0,0,0,0,0,0
11,12,2,2024-11-12,DL,1074.0,GRR,ATL,1005,1125,120.0,640.0,0,0,0,0,0
10,28,1,2024-10-28,AA,2915.0,CLT,TPA,794,900,106.0,507.0,0,0,0,0,0
5,14,2,2024-05-14,DL,1651.0,LAX,SAT,520,816,176.0,1211.0,0,0,0,0,0
8,28,3,2024-08-28,NK,1576.0,MCO,IAH,1403,52,149.0,854.0,0,0,0,0,0
10,22,2,2024-10-22,AA,238.0,LAX,JFK,602,1109,327.0,2475.0,0,0,0,0,0
1,10,3,2024-01-10,WN,1485.0,BUR,DEN,790,985,135.0,850.0,0,0,0,0,0
9,21,6,2024-09-21,AA,2127.0,PHL,DFW,660,834,234.0,1303.0,0,0,0,0,0
8,2,5,2024-08-02,WN,3803.0,MIA,DAL,745,865,180.0,1109.0,0,0,0,0,0
2,25,7,2024-02-25,DL,2524.0,MSY,ATL,908,1058,90.0,425.0,0,0,0,0,0
12,11,3,2024-12-11,AA,2877.0,ORD,BOS,854,1053,139.0,867.0,0,0,1,0,1
8,20,2,2024-08-20,UA,1098.0,IAH,DCA,450,690,180.0,1208.0,0,0,0,0,0
1,22,1,2024-01-22,DL,1294.0,ALB,DTW,325,443,118.0,489.0,0,0,0,0,0
6,11,2,2024-06-11,DL,2919.0,LGA,ORD,365,460,155.0,733.0,0,0,0,0,0
3,24,7,2024-03-24,DL,635.0,MSP,FLL,442,728,226.0,1487.0,1,0,1,0,0
4,1,1,2024-04-01,NK,321.0,PHL,MCO,862,1025,163.0,861.0,0,0,0,0,0
5,12,7,2024-05-12,WN,398.0,FLL,DAL,365,485,180.0,1108.0,0,0,0,0,0
6,21,5,2024-06-21,G4,3144.0,AVL,AUS,1270,1362,152.0,950.0,0,0,0,0,0
6,6,4,2024-06-06,AA,1979.0,MCO,PHL,615,769,154.0,861.0,0,0,0,0,0
8,24,6,2024-08-24,WN,814.0,ITO,HNL,375,435,60.0,216.0,0,0,0,0,0
1,2,2,2024-01-02,UA,2133.0,EWR,SFO,840,1042,382.0,2565.0,0,0,0,0,0
11,14,4,2024-11-14,DL,2277.0,LGA,CHS,1110,1251,141.0,641.0,0,0,0,0,0
12,11,3,2024-12-11,WN,363.0,PIT,TPA,450,600,150.0,873.0,0,0,0,0,0
8,14,3,2024-08-14,DL,2983.0,MSP,DCA,635,842,147.0,931.0,0,0,0,0,0
9,29,7,2024-09-29,WN,3305.0,MDW,CHS,710,895,125.0,745.0,0,0,0,0,0
7,11,4,2024-07-11,WN,2553.0,DAL,BWI,880,1120,180.0,1209.0,1,0,0,0,0
3,1,5,2024-03-01,UA,326.0,PBI,IAD,815,962,147.0,859.0,0,0,0,0,0
6,7,5,2024-06-07,MQ,3664.0,DFW,SGF,1144,1230,86.0,364.0,0,0,0,0,0
8,21,3,2024-08-21,AA,2992.0,ORD,LAS,805,915,230.0,1514.0,0,0,0,0,0
6,4,2,2024-06-04,UA,336.0,SFO,SAN,635,739,104.0,447.0,0,0,0,0,0
6,20,4,2024-06-20,B6,1480.0,FLL,DCA,450,600,150.0,899.0,0,0,0,0,0
5,6,1,2024-05-06,NK,2699.0,LAX,LAS,1176,1254,78.0,236.0,0,0,0,0,0
3,22,5,2024-03-22,AA,1009.0,LAX,ORD,1379,304,245.0,1744.0,0,0,0,0,0
10,10,4,2024-10-10,UA,1125.0,MSN,DEN,521,608,147.0,826.0,0,0,0,0,0
11,5,2,2024-11-05,NK,388.0,MSY,LAX,1217,1353,256.0,1670.0,0,0,0,0,0
5,11,6,2024-05-11,MQ,3711.0,BOS,ORD,930,1048,178.0,867.0,0,0,0,0,0
4,30,2,2024-04-30,WN,3294.0,SJC,LAX,440,515,75.0,308.0,0,0,0,0,0
6,6,4,2024-06-06,NK,326.0,LAX,IAH,34,362,208.0,1379.0,0,0,0,0,0
7,12,5,2024-07-12,OH,5284.0,DAY,DCA,1192,1281,89.0,391.0,0,0,1,0,0
8,14,3,2024-08-14,B6,1079.0,DCA,FLL,645,800,155.0,899.0,0,0,0,0,0
1,8,1,2024-01-08,MQ,3435.0,PHX,ABQ,600,685,85.0,328.0,0,0,0,0,0
1,4,4,2024-01-04,MQ,3474.0,DFW,LEX,615,810,135.0,785.0,0,0,0,0,0
9,24,2,2024-09-24,F9,3315.0,LAX,SMF,646,731,85.0,373.0,0,0,0,0,0
9,17,2,2024-09-17,OO,6247.0,LAX,SMF,861,953,92.0,373.0,0,0,0,0,0
7,3,3,2024-07-03,MQ,3974.0,ECP,DFW,570,711,141.0,685.0,0,0,0,0,0
5,20,1,2024-05-20,AS,530.0,SAN,AUS,663,954,171.0,1164.0,0,0,0,0,0
2,13,2,2024-02-13,DL,1545.0,MSO,MSP,480,707,167.0,1013.0,0,0,0,0,0
1,27,6,2024-01-27,NK,1110.0,DFW,SJU,325,712,267.0,2165.0,0,0,0,0,0
2,28,3,2024-02-28,OH,5222.0,CLT,CHS,784,854,70.0,168.0,1,0,0,0,0
5,12,7,2024-05-12,AA,1350.0,LGA,MIA,413,596,183.0,1096.0,0,0,0,0,0
2,25,7,2024-02-25,DL,710.0,MSP,SAN,625,753,248.0,1532.0,0,0,0,0,0
7,19,5,2024-07-19,DL,798.0,JFK,PHX,1000,1158,338.0,2153.0,1,0,0,0,0
10,7,1,2024-10-07,DL,575.0,ATL,LAX,1379,50,291.0,1947.0,0,0,0,0,0
9,4,3,2024-09-04,OO,5075.0,SLN,ORD,1095,1212,117.0,559.0,0,0,0,0,0
4,7,7,2024-04-07,OH,5418.0,CLT,ILM,999,1067,68.0,185.0,0,0,0,0,0
4,22,1,2024-04-22,DL,1652.0,DTW,PWM,1314,1424,110.0,668.0,0,0,0,0,0
6,27,4,2024-06-27,UA,2039.0,LAX,ORD,496,875,259.0,1744.0,0,0,0,0,0
4,26,5,2024-04-26,OO,3273.0,CID,PHX,869,952,203.0,1252.0,0,0,0,0,0
6,10,1,2024-06-10,OO,5481.0,ROA,ORD,1065,1130,125.0,531.0,0,0,0,0,0
1,25,4,2024-01-25,DL,2020.0,GRR,DTW,1093,1169,76.0,120.0,0,0,0,0,1
10,20,7,2024-10-20,YX,5860.0,DTW,JFK,605,720,115.0,509.0,0,0,0,0,0
3,12,2,2024-03-12,WN,205.0,DEN,PHX,480,545,125.0,602.0,0,0,0,0,0
10,9,3,2024-10-09,OO,6231.0,TUS,LAX,430,534,104.0,451.0,0,0,0,0,0
3,26,2,2024-03-26,AA,2603.0,JFK,MIA,1049,1244,195.0,1089.0,0,0,0,0,0
10,20,7,2024-10-20,AA,607.0,MSY,CLT,1115,1292,117.0,651.0,0,0,0,0,0
2,3,6,2024-02-03,F9,1106.0,PDX,LAS,754,891,137.0,763.0,0,0,0,0,0
1,12,5,2024-01-12,AA,2685.0,EGE,DFW,700,889,129.0,721.0,0,0,0,0,0
3,8,5,2024-03-08,DL,1639.0,JFK,RSW,450,646,196.0,1074.0,0,0,0,0,0
8,12,1,2024-08-12,9E,4960.0,LIT,LGA,437,675,178.0,1085.0,0,0,0,0,0
12,11,3,2024-12-11,DL,2514.0,SLC,IAH,1060,1297,177.0,1195.0,0,0,0,0,0
11,20,3,2024-11-20,YX,3678.0,PWM,ORD,990,1122,192.0,900.0,0,0,0,0,0
5,4,6,2024-05-04,WN,4658.0,LAS,STL,440,750,190.0,1371.0,0,0,0,0,0
4,30,2,2024-04-30,DL,2120.0,LAX,IAH,1090,1399,189.0,1379.0,1,0,0,0,0
10,3,4,2024-10-03,DL,867.0,LAX,MCO,645,1123,298.0,2218.0,0,0,1,0,0
12,11,3,2024-12-11,YX,4531.0,PIT,RDU,360,451,91.0,328.0,0,0,0,0,0
7,22,1,2024-07-22,WN,4776.0,MCI,DCA,725,930,145.0,949.0,1,0,1,0,0
8,12,1,2024-08-12,AA,2225.0,MIA,JFK,1050,1234,184.0,1089.0,0,0,0,0,1
7,17,3,2024-07-17,OO,5929.0,IDA,DEN,875,983,108.0,458.0,0,0,0,0,1
10,7,1,2024-10-07,OO,3956.0,DTW,LAN,1001,1047,46.0,74.0,0,0,0,0,0
10,27,7,2024-10-27,DL,2238.0,MSP,LAS,678,764,206.0,1299.0,1,0,0,0,0
10,28,1,2024-10-28,YX,5615.0,BOS,SDF,570,732,162.0,829.0,0,0,0,0,0
7,18,4,2024-07-18,YX,4351.0,IND,LGA,718,839,121.0,660.0,0,0,0,0,0
6,21,5,2024-06-21,WN,749.0,BHM,MDW,390,495,105.0,570.0,0,0,0,0,0
11,26,2,2024-11-26,9E,5196.0,ATL,CHA,1255,1308,53.0,106.0,0,0,0,0,0
6,11,2,2024-06-11,HA,381.0,ITO,HNL,1118,1174,56.0,216.0,0,0,0,0,0
4,17,3,2024-04-17,AA,1255.0,MCI,MIA,310,560,190.0,1251.0,0,0,0,0,0
6,28,5,2024-06-28,WN,198.0,BWI,CVG,1360,10,90.0,430.0,0,0,1,0,1
8,27,2,2024-08-27,MQ,3635.0,MIA,JAX,820,902,82.0,335.0,0,0,0,0,0
8,11,7,2024-08-11,WN,4318.0,BUR,PHX,490,580,90.0,369.0,0,0,0,0,0
10,6,7,2024-10-06,WN,4103.0,PHX,SAN,470,545,75.0,304.0,0,0,1,0,0
4,19,5,2024-04-19,UA,500.0,DEN,SDF,597,874,157.0,1024.0,0,0,0,0,0
10,21,1,2024-10-21,DL,2801.0,LGA,ORD,1080,1190,170.0,733.0,0,0,1,0,0
1,27,6,2024-01-27,9E,5124.0,SHV,ATL,360,527,107.0,551.0,1,0,1,0,0
6,2,7,2024-06-02,AA,1467.0,PHX,TUS,1323,1369,46.0,110.0,0,0,0,0,0
10,21,1,2024-10-21,UA,1111.0,SFO,LIH,535,695,340.0,2447.0,0,0,0,0,0
4,18,4,2024-04-18,UA,1632.0,PDX,SFO,955,1069,114.0,550.0,0,0,1,0,0
3,31,7,2024-03-31,WN,1058.0,PHX,ONT,700,780,80.0,325.0,0,0,0,0,0
12,15,7,2024-12-15,YX,5858.0,JFK,IND,585,730,145.0,665.0,0,0,0,0,0
9,14,6,2024-09-14,DL,1083.0,ATL,RSW,1370,30,100.0,515.0,0,0,0,0,0
1,29,1,2024-01-29,YX,5724.0,PHL,BOS,1025,1110,85.0,280.0,0,0,0,0,0
2,15,4,2024-02-15,F9,1823.0,SJU,MCO,239,378,199.0,1189.0,0,0,0,0,0
8,13,2,2024-08-13,F9,3856.0,MCO,PHL,911,1080,169.0,861.0,0,0,0,0,0
2,13,2,2024-02-13,AA,1497.0,BZN,DFW,954,1192,178.0,1163.0,0,0,0,0,0
9,22,7,2024-09-22,OO,5506.0,SFO,TUS,615,749,134.0,751.0,0,0,0,0,0
11,22,5,2024-11-22,DL,1117.0,SAN,SLC,400,594,134.0,626.0,0,0,0,0,0
6,10,1,2024-06-10,WN,736.0,LAX,DEN,325,530,145.0,862.0,0,0,0,0,0
10,4,5,2024-10-04,WN,4851.0,ABQ,LAS,390,425,95.0,486.0,0,0,0,0,0
7,24,3,2024-07-24,AA,952.0,DFW,BZN,540,673,193.0,1163.0,0,0,0,0,0
6,27,4,2024-06-27,NK,2518.0,LAS,SJC,561,648,87.0,386.0,0,0,0,0,0
5,26,7,2024-05-26,DL,1339.0,ATL,SDF,1100,1181,81.0,321.0,0,0,0,0,0
4,13,6,2024-04-13,UA,372.0,SFO,IAD,1008,65,317.0,2419.0,0,0,0,0,0
4,12,5,2024-04-12,B6,1154.0,PBI,JFK,1275,1437,162.0,1028.0,0,0,0,0,0
9,30,1,2024-09-30,DL,2909.0,CMH,ATL,425,520,95.0,447.0,0,0,0,0,0
1,18,4,2024-01-18,G4,1224.0,SFB,RIC,485,599,114.0,643.0,0,0,0,0,0
10,2,3,2024-10-02,DL,392.0,DCA,LAX,1030,1186,336.0,2311.0,0,0,0,0,0
10,20,7,2024-10-20,DL,369.0,DTW,SAN,1010,1119,289.0,1956.0,0,0,0,0,0
3,3,7,2024-03-03,AA,1627.0,MIA,DCA,490,643,153.0,919.0,0,0,0,0,0
5,14,2,2024-05-14,MQ,3768.0,PNS,MIA,620,782,102.0,530.0,0,0,0,0,0
11,8,5,2024-11-08,DL,2460.0,PBI,LGA,1139,1306,167.0,1035.0,0,0,0,0,0
11,6,3,2024-11-06,OO,4964.0,LAX,ELP,867,1041,114.0,715.0,0,0,0,0,0
6,21,5,2024-06-21,WN,2930.0,SNA,LAS,1105,1175,70.0,226.0,1,0,1,0,1
1,20,6,2024-01-20,AA,1860.0,BFL,PHX,791,940,89.0,425.0,1,0,0,0,1
2,4,7,2024-02-04,NK,2910.0,MKE,MCO,405,639,174.0,1066.0,0,0,0,0,0
5,1,3,2024-05-01,NK,2079.0,MCO,ROC,351,514,163.0,1033.0,0,0,0,0,0
4,11,4,2024-04-11,DL,387.0,ATL,SLC,600,734,254.0,1590.0,0,0,0,0,0
3,26,2,2024-03-26,WN,3068.0,ATL,PBI,630,740,110.0,545.0,0,0,0,0,0
5,11,6,2024-05-11,DL,2704.0,TYS,ATL,330,390,60.0,152.0,0,0,0,0,0
7,10,3,2024-07-10,AA,624.0,PHX,BFL,1240,1327,87.0,425.0,0,0,0,0,0
3,22,5,2024-03-22,UA,1434.0,PHL,IAH,1057,1236,239.0,1325.0,1,0,0,0,1
5,8,3,2024-05-08,DL,1946.0,ATL,SJU,780,983,203.0,1547.0,0,0,0,0,0
2,10,6,2024-02-10,DL,2291.0,SEA,LAS,1065,1208,143.0,867.0,0,0,0,0,0
4,28,7,2024-04-28,NK,58.0,EWR,MCO,300,475,175.0,937.0,0,0,0,0,0
9,9,1,2024-09-09,B6,1733.0,DCA,PBI,825,975,150.0,857.0,0,0,0,0,0
10,17,4,2024-10-17,DL,1032.0,MSP,ATL,1192,1397,145.0,907.0,0,0,1,0,0
1,15,1,2024-01-15,WN,3708.0,TPA,ISP,1040,1195,155.0,1034.0,0,0,0,0,0
12,21,6,2024-12-21,AA,1361.0,RNO,DFW,360,691,211.0,1345.0,0,0,0,0,0
3,11,1,2024-03-11,OH,5042.0,AGS,DCA,377,479,102.0,468.0,0,0,0,0,0
11,29,5,2024-11-29,WN,4872.0,BUR,PHX,1090,1240,90.0,369.0,0,0,0,0,0
4,8,1,2024-04-08,WN,1396.0,PIT,TPA,770,915,145.0,873.0,0,0,0,0,0
9,3,2,2024-09-03,DL,1099.0,ATL,TPA,660,742,82.0,406.0,0,0,0,0,0
8,26,1,2024-08-26,UA,2211.0,ORD,SEA,1185,1342,277.0,1721.0,0,0,0,0,0
12,28,6,2024-12-28,AA,1684.0,MCO,PHL,750,901,151.0,861.0,0,0,0,0,0
12,18,3,2024-12-18,B6,1802.0,FLL,JFK,610,779,169.0,1069.0,1,0,1,0,1
1,30,2,2024-01-30,YX,3594.0,IND,EWR,1125,1259,134.0,645.0,0,0,0,0,0
7,24,3,2024-07-24,WN,1094.0,BNA,DAL,1260,1370,110.0,623.0,0,0,0,0,0
9,11,3,2024-09-11,AS,1178.0,LAX,SEA,420,594,174.0,954.0,0,0,0,0,0
6,4,2,2024-06-04,DL,1193.0,ATL,BHM,1285,1278,53.0,134.0,0,0,0,0,0
6,29,6,2024-06-29,WN,964.0,MDW,SFO,1135,1295,280.0,1855.0,0,0,0,0,0
11,24,7,2024-11-24,AS,358.0,PDX,BOS,655,1160,325.0,2537.0,0,0,0,0,0
10,18,5,2024-10-18,F9,4550.0,SAV,PHL,543,662,119.0,629.0,0,0,0,0,0
10,16,3,2024-10-16,WN,4558.0,ATL,IND,1235,1325,90.0,432.0,0,0,0,0,0
12,5,4,2024-12-05,UA,2341.0,ORD,AUS,805,984,179.0,977.0,1,0,1,0,0
8,3,6,2024-08-03,NK,1032.0,IAH,BWI,1044,1291,187.0,1235.0,1,0,0,0,0
11,5,2,2024-11-05,WN,1837.0,DAL,PHX,560,660,160.0,879.0,0,0,0,0,1
12,31,2,2024-12-31,OO,4918.0,PHX,PVU,573,689,116.0,468.0,1,0,0,0,0
10,21,1,2024-10-21,WN,1956.0,AMA,DAL,345,420,75.0,323.0,0,0,0,0,0
4,28,7,2024-04-28,DL,2021.0,CVG,MCO,864,996,132.0,757.0,0,0,0,0,0
1,25,4,2024-01-25,UA,381.0,IAD,AUS,510,673,223.0,1297.0,0,0,0,0,0
6,17,1,2024-06-17,NK,1698.0,DTW,MCO,384,549,165.0,957.0,0,0,0,0,0
4,17,3,2024-04-17,OH,5372.0,CLT,MYR,1360,1423,63.0,157.0,0,0,0,0,0
2,27,2,2024-02-27,DL,1173.0,BUF,DTW,800,876,76.0,241.0,0,0,0,0,0
2,5,1,2024-02-05,AA,1244.0,DFW,DEN,436,506,130.0,641.0,0,0,0,0,0
12,16,1,2024-12-16,WN,1262.0,SJC,LAS,400,490,90.0,386.0,0,0,0,0,0
4,27,6,2024-04-27,DL,704.0,SLC,AUS,825,1045,160.0,1086.0,1,0,1,0,0
3,24,7,2024-03-24,AA,2961.0,MCO,DFW,482,612,190.0,985.0,0,0,0,0,0
1,7,7,2024-01-07,NK,2374.0,TPA,PIT,1072,1216,144.0,873.0,0,0,0,0,0
6,21,5,2024-06-21,OO,5319.0,MLI,ORD,1065,1129,64.0,139.0,0,0,0,0,0
5,16,4,2024-05-16,DL,1492.0,SLC,ORD,850,1104,194.0,1250.0,0,0,0,0,0
9,20,5,2024-09-20,YX,4342.0,XNA,LGA,810,1050,180.0,1147.0,0,0,0,0,0
11,22,5,2024-11-22,MQ,3653.0,STL,ORD,1039,1120,81.0,258.0,0,0,1,0,1
10,12,6,2024-10-12,WN,4855.0,ABQ,HOU,640,825,125.0,759.0,0,0,0,0,0
7,3,3,2024-07-03,WN,1048.0,BNA,HOU,900,1025,125.0,670.0,0,0,0,0,0
11,19,2,2024-11-19,OO,3741.0,SAN,LAS,1185,1270,85.0,258.0,0,0,0,0,0
11,8,5,2024-11-08,WN,255.0,STL,DCA,785,965,120.0,719.0,0,0,0,0,0
12,22,7,2024-12-22,AA,1510.0,DFW,CHS,911,1118,147.0,987.0,0,0,0,0,0
2,21,3,2024-02-21,YX,4431.0,SYR,DCA,708,797,89.0,298.0,0,0,0,0,0
5,24,5,2024-05-24,WN,669.0,STL,LAS,380,475,215.0,1371.0,0,0,0,0,0
11,12,2,2024-11-12,UA,788.0,IAH,SMF,1215,1350,255.0,1609.0,0,0,0,0,0
8,20,2,2024-08-20,WN,490.0,MDW,SRQ,745,960,155.0,1035.0,0,0,0,0,0
5,9,4,2024-05-09,DL,2515.0,MSP,SEA,750,855,225.0,1399.0,0,0,0,0,0
5,20,1,2024-05-20,NK,2701.0,DFW,LAS,916,977,181.0,1055.0,0,0,0,0,0
9,11,3,2024-09-11,DL,1265.0,ATL,TYS,509,563,54.0,152.0,0,0,0,0,0
11,24,7,2024-11-24,F9,3135.0,ORD,IAH,1124,1301,177.0,925.0,0,0,0,0,0
1,6,6,2024-01-06,MQ,4168.0,CRP,DFW,461,549,88.0,354.0,0,0,0,0,0
3,17,7,2024-03-17,OO,4099.0,LAX,RNO,599,686,87.0,391.0,0,0,0,0,0
9,22,7,2024-09-22,NK,894.0,FLL,STT,420,577,157.0,1107.0,0,0,0,0,0
11,21,4,2024-11-21,AA,2016.0,PHL,LAX,425,605,360.0,2402.0,0,0,0,0,0
3,3,7,2024-03-03,AA,458.0,MIA,MSP,1262,1438,236.0,1501.0,0,1,1,0,1
8,28,3,2024-08-28,WN,2800.0,STL,DEN,660,735,135.0,770.0,0,0,0,0,0
6,10,1,2024-06-10,WN,726.0,PHX,ELP,510,645,75.0,347.0,0,0,0,0,0
8,4,7,2024-08-04,HA,104.0,LIH,HNL,360,399,39.0,102.0,0,0,0,0,0
3,23,6,2024-03-23,AA,1960.0,SFO,CLT,425,902,297.0,2296.0,0,0,0,0,0
11,3,7,2024-11-03,WN,2614.0,DAL,BWI,390,615,165.0,1209.0,0,0,0,0,0
1,26,5,2024-01-26,DL,875.0,SFO,ATL,360,812,272.0,2139.0,0,0,0,0,0
11,6,3,2024-11-06,YX,5681.0,LGA,CMH,1200,1319,119.0,479.0,0,0,0,0,0
10,7,1,2024-10-07,WN,808.0,OAK,HNL,755,905,330.0,2409.0,0,0,0,0,0
12,5,4,2024-12-05,G4,2.0,CHA,LAS,849,946,277.0,1682.0,0,0,0,0,0
4,15,1,2024-04-15,AA,2228.0,BDL,CLT,1110,1246,136.0,644.0,1,0,0,0,1
11,13,3,2024-11-13,OO,4148.0,LAX,BOI,1115,1295,120.0,674.0,0,0,0,0,0
7,15,1,2024-07-15,OH,5507.0,DCA,BTV,1322,1423,101.0,437.0,0,0,0,0,0
3,30,6,2024-03-30,UA,1900.0,EWR,LAS,1110,1290,360.0,2227.0,0,0,0,0,0
4,22,1,2024-04-22,NK,1614.0,BWI,MCO,392,540,148.0,787.0,0,0,0,0,0
11,7,4,2024-11-07,OH,5229.0,JAN,CLT,325,499,114.0,562.0,0,0,0,0,0
9,11,3,2024-09-11,AA,1021.0,LAX,ORD,365,740,255.0,1744.0,0,0,0,0,0
9,9,1,2024-09-09,MQ,3863.0,HHH,CLT,737,816,79.0,207.0,0,0,0,0,0
12,29,7,2024-12-29,MQ,3344.0,DFW,HRL,1355,11,96.0,461.0,0,0,0,0,0
2,13,2,2024-02-13,DL,1448.0,DFW,MSP,660,807,147.0,852.0,0,0,0,0,0
1,2,2,2024-01-02,DL,436.0,LAX,JFK,930,1432,322.0,2475.0,0,0,0,0,0
2,3,6,2024-02-03,DL,1480.0,ATL,EWR,1060,1191,131.0,746.0,0,0,0,0,0
4,22,1,2024-04-22,WN,5657.0,IAH,DEN,370,455,145.0,862.0,0,0,0,0,0
10,7,1,2024-10-07,OO,4144.0,MOT,MSP,768,865,97.0,449.0,1,0,1,0,0
8,12,1,2024-08-12,HA,540.0,LIH,OGG,955,1005,50.0,201.0,0,0,0,0,0
8,22,4,2024-08-22,WN,404.0,LAS,MSY,500,825,205.0,1500.0,1,0,1,0,0
5,4,6,2024-05-04,DL,2711.0,BWI,ATL,848,967,119.0,577.0,0,0,0,0,0
6,20,4,2024-06-20,DL,2464.0,SAT,SLC,1102,1215,173.0,1087.0,0,0,0,0,0
5,28,2,2024-05-28,AA,2907.0,CLT,MHT,660,788,128.0,737.0,0,0,0,0,0
7,12,5,2024-07-12,AA,2901.0,PIT,PHL,1126,1199,73.0,268.0,1,0,0,0,1
8,16,5,2024-08-16,B6,1459.0,EWR,FLL,855,1038,183.0,1065.0,0,0,0,0,0
5,24,5,2024-05-24,AS,1315.0,LAX,PDX,720,867,147.0,834.0,0,0,0,0,0
5,10,5,2024-05-10,UA,1344.0,EWR,MCO,573,748,175.0,937.0,0,0,1,0,0
10,7,1,2024-10-07,F9,4722.0,SLC,DEN,544,642,98.0,391.0,0,0,0,0,0
9,4,3,2024-09-04,DL,1394.0,PBI,ATL,480,588,108.0,545.0,0,0,0,0,0
10,28,1,2024-10-28,OH,5379.0,CLT,GSO,1020,1082,62.0,83.0,0,0,0,0,0
5,15,3,2024-05-15,WN,5145.0,OGG,LAS,485,1005,340.0,2695.0,0,0,0,0,0
8,14,3,2024-08-14,WN,301.0,PHL,MDW,1150,1235,145.0,668.0,0,0,0,0,0
8,11,7,2024-08-11,B6,739.0,JFK,BQN,1010,1253,243.0,1576.0,0,0,0,0,0
12,9,1,2024-12-09,UA,2132.0,DEN,SMF,1160,1261,161.0,909.0,1,0,0,0,1
7,28,7,2024-07-28,MQ,3317.0,DFW,LBB,1265,1331,66.0,282.0,0,0,0,0,0
7,28,7,2024-07-28,AS,134.0,SEA,ANC,819,977,218.0,1448.0,0,0,0,0,1
2,18,7,2024-02-18,OO,4714.0,FNT,ORD,420,464,104.0,223.0,0,0,0,0,0
6,13,4,2024-06-13,9E,5201.0,ROC,LGA,715,794,79.0,254.0,0,0,0,0,0
12,12,4,2024-12-12,OH,5170.0,AVL,DCA,888,989,101.0,384.0,0,0,0,0,0
5,9,4,2024-05-09,DL,1424.0,PDX,SLC,800,976,116.0,630.0,0,0,0,0,0
8,5,1,2024-08-05,UA,440.0,CID,DEN,908,979,131.0,692.0,1,0,0,0,0
3,30,6,2024-03-30,OH,5452.0,CLT,OAJ,1126,1190,64.0,191.0,0,0,0,0,0
6,27,4,2024-06-27,F9,3282.0,IAH,MDW,672,820,148.0,917.0,0,0,0,0,0
10,17,4,2024-10-17,OO,3888.0,DTW,IAD,1295,1383,88.0,383.0,0,0,0,0,0
3,21,4,2024-03-21,OO,6203.0,AUS,ASE,644,765,181.0,812.0,0,0,0,0,0
12,6,5,2024-12-06,OH,5028.0,STL,PHL,850,1041,131.0,814.0,0,0,0,0,0
11,19,2,2024-11-19,DL,2562.0,BWI,ATL,480,602,122.0,577.0,0,0,0,0,0
11,19,2,2024-11-19,AA,1705.0,CLT,FLL,1164,1282,118.0,632.0,0,0,0,0,0
1,11,4,2024-01-11,AA,457.0,MIA,PHX,1270,26,316.0,1972.0,1,0,1,0,1
4,29,1,2024-04-29,AA,15.0,DEN,PHL,851,1184,213.0,1558.0,0,0,0,0,0
5,5,7,2024-05-05,MQ,3345.0,AUS,IND,1145,1351,146.0,919.0,0,0,0,0,0
11,5,2,2024-11-05,UA,1112.0,LIH,SFO,860,1297,317.0,2447.0,0,0,0,0,0
12,6,5,2024-12-06,DL,2308.0,LGA,FLL,1169,1362,193.0,1076.0,0,0,0,0,0
5,28,2,2024-05-28,OO,5664.0,DTW,ORD,660,687,87.0,235.0,0,0,0,0,0
4,30,2,2024-04-30,WN,2573.0,SMF,LAS,470,555,85.0,397.0,0,0,0,0,0
5,15,3,2024-05-15,AA,2475.0,CLT,STL,541,593,112.0,575.0,0,0,0,0,0
5,19,7,2024-05-19,AA,873.0,BOS,MIA,540,747,207.0,1258.0,0,0,0,0,0
12,9,1,2024-12-09,DL,1522.0,CMH,ATL,773,869,96.0,447.0,0,0,0,0,0
12,23,1,2024-12-23,B6,720.0,MIA,BOS,895,1095,200.0,1258.0,1,0,0,0,1
11,11,1,2024-11-11,OH,5023.0,BGR,DCA,763,895,132.0,590.0,0,0,0,0,0
5,19,7,2024-05-19,UA,1777.0,BNA,EWR,885,1100,155.0,748.0,0,0,0,0,0
3,3,7,2024-03-03,DL,1791.0,SJU,ATL,1189,1367,238.0,1547.0,0,0,0,0,0
8,5,1,2024-08-05,9E,4907.0,MCI,LGA,1190,1422,172.0,1107.0,0,0,0,0,0
6,23,7,2024-06-23,WN,878.0,IND,BWI,375,470,95.0,516.0,0,0,0,0,0
3,6,3,2024-03-06,WN,1736.0,MAF,HOU,840,925,85.0,441.0,0,0,0,0,0
2,15,4,2024-02-15,AA,1625.0,PDX,PHX,700,915,155.0,1009.0,0,0,0,0,0
4,29,1,2024-04-29,WN,4612.0,BNA,STL,1310,1385,75.0,272.0,0,0,0,0,0
1,24,3,2024-01-24,DL,2132.0,DTW,MIA,1130,1323,193.0,1145.0,0,0,0,0,0
4,26,5,2024-04-26,NK,2.0,ORD,FLL,638,884,186.0,1182.0,0,0,0,0,0
1,11,4,2024-01-11,WN,4449.0,MCO,MSY,660,715,115.0,551.0,0,0,0,0,0
3,15,5,2024-03-15,WN,938.0,SAN,SJC,840,930,90.0,417.0,0,0,0,0,0
1,20,6,2024-01-20,DL,489.0,SFO,DTW,1350,361,271.0,2079.0,0,0,0,0,0
4,8,1,2024-04-08,UA,746.0,CLT,EWR,360,475,115.0,529.0,0,0,0,0,0
4,26,5,2024-04-26,OO,5400.0,DRO,DEN,1095,1176,81.0,251.0,0,0,0,0,0
6,9,7,2024-06-09,WN,4162.0,MDW,BNA,945,1030,85.0,395.0,0,0,0,0,0
12,17,2,2024-12-17,UA,2646.0,SFO,PDX,1105,1213,108.0,550.0,0,0,0,0,0
12,13,5,2024-12-13,DL,1660.0,ATL,MCI,881,950,129.0,692.0,0,0,0,0,0
4,22,1,2024-04-22,DL,2862.0,ATL,OKC,1002,1075,133.0,761.0,0,0,0,0,0
2,18,7,2024-02-18,AS,1170.0,PDX,LAX,1055,1201,146.0,834.0,0,0,0,0,0
7,24,3,2024-07-24,NK,3052.0,FLL,DFW,430,559,189.0,1119.0,0,0,0,0,0
3,22,5,2024-03-22,DL,2696.0,ATL,CAE,1175,1235,60.0,192.0,0,0,0,0,0
3,16,6,2024-03-16,OO,4933.0,ICT,ORD,952,1069,117.0,588.0,0,0,0,0,0
3,11,1,2024-03-11,OO,3705.0,SJC,SLC,613,784,111.0,584.0,1,0,1,0,0
7,8,1,2024-07-08,NK,673.0,ATL,DTW,774,893,119.0,594.0,0,1,0,0,0
3,25,1,2024-03-25,9E,5155.0,IND,MSP,757,812,115.0,503.0,0,0,0,0,0
5,25,6,2024-05-25,OH,5625.0,CLT,ORF,986,1065,79.0,290.0,0,0,0,0,0
3,30,6,2024-03-30,WN,1310.0,RSW,STL,1175,1275,160.0,979.0,0,0,0,0,0
4,27,6,2024-04-27,NK,2176.0,PHL,BNA,533,607,134.0,675.0,0,0,0,0,0
6,6,4,2024-06-06,UA,1623.0,EWR,MSP,846,963,177.0,1008.0,0,0,1,0,0
1,16,2,2024-01-16,MQ,3679.0,BWI,ORD,724,804,140.0,622.0,1,1,1,0,1
3,4,1,2024-03-04,AA,2226.0,MCO,PHX,1049,1221,292.0,1849.0,0,0,0,0,0
11,19,2,2024-11-19,YX,4357.0,EYW,PHL,735,916,181.0,1121.0,0,0,0,0,0
5,26,7,2024-05-26,DL,2702.0,PIT,ATL,460,565,105.0,526.0,0,0,0,0,0
12,18,3,2024-12-18,AS,767.0,TUS,SEA,420,558,198.0,1216.0,0,0,0,0,0
3,26,2,2024-03-26,9E,5245.0,PIT,LGA,600,684,84.0,335.0,0,0,0,0,0
4,18,4,2024-04-18,WN,4878.0,RSW,IND,580,730,150.0,945.0,0,0,0,0,0
3,7,4,2024-03-07,DL,1236.0,SLC,IAH,500,753,193.0,1195.0,0,0,0,0,0
11,17,7,2024-11-17,DL,2886.0,AUS,ATL,769,961,132.0,813.0,0,0,0,0,0
5,20,1,2024-05-20,AA,2244.0,DFW,BNA,913,1022,109.0,631.0,0,0,1,0,1
10,21,1,2024-10-21,WN,3351.0,SAT,DEN,810,885,135.0,794.0,0,0,0,0,0
3,22,5,2024-03-22,WN,1157.0,BWI,SRQ,1005,1165,160.0,880.0,0,0,0,0,0
12,20,5,2024-12-20,NK,387.0,LAX,MSY,927,1262,215.0,1670.0,1,0,1,0,1
7,9,2,2024-07-09,WN,609.0,CMH,MDW,655,665,70.0,283.0,0,0,0,0,0
4,7,7,2024-04-07,DL,1188.0,HPN,MCO,449,629,180.0,972.0,0,0,0,0,0
6,8,6,2024-06-08,B6,189.0,JFK,SAN,359,544,365.0,2446.0,0,0,0,0,0
2,21,3,2024-02-21,NK,140.0,MCO,EWR,1104,1272,168.0,937.0,0,0,1,0,0
9,4,3,2024-09-04,WN,4683.0,MCO,PVD,445,610,165.0,1072.0,0,0,0,0,0
7,23,2,2024-07-23,YX,4442.0,IND,PHL,340,453,113.0,588.0,0,0,0,0,0
12,14,6,2024-12-14,DL,519.0,ATL,DEN,1006,1088,202.0,1199.0,0,0,0,0,0
12,14,6,2024-12-14,F9,3291.0,LAS,LAX,365,443,78.0,236.0,0,0,0,0,0
11,25,1,2024-11-25,UA,1181.0,LAS,IAH,480,784,184.0,1222.0,0,0,0,0,0
3,29,5,2024-03-29,AA,2525.0,CLT,TPA,1034,1134,100.0,507.0,0,0,0,0,0
12,23,1,2024-12-23,UA,2375.0,DEN,LGA,845,1188,223.0,1620.0,0,0,0,0,0
7,10,3,2024-07-10,AA,1260.0,CLE,DFW,917,1026,169.0,1021.0,0,0,0,0,0
6,9,7,2024-06-09,MQ,3823.0,DFW,HRL,1350,1438,88.0,461.0,0,0,0,0,0
6,14,5,2024-06-14,WN,2264.0,MCO,STL,1215,1310,155.0,882.0,0,0,0,0,0
8,18,7,2024-08-18,AS,585.0,ANC,ORD,1435,540,365.0,2846.0,0,0,0,0,0
7,26,5,2024-07-26,DL,2182.0,JAX,ATL,871,945,74.0,270.0,0,0,0,0,0
5,14,2,2024-05-14,MQ,4042.0,DCA,CMH,1203,1296,93.0,323.0,1,0,0,0,1
11,26,2,2024-11-26,9E,5236.0,DTW,GSO,1200,1306,106.0,460.0,0,0,0,0,0
11,15,5,2024-11-15,NK,901.0,TPA,LAS,420,548,308.0,1984.0,0,0,0,0,0
10,17,4,2024-10-17,YX,4544.0,MSP,DCA,759,975,156.0,931.0,0,0,0,0,0
7,20,6,2024-07-20,9E,5537.0,TRI,ATL,365,436,71.0,227.0,1,1,0,0,0
3,3,7,2024-03-03,HA,195.0,OGG,HNL,620,662,42.0,100.0,0,0,0,0,0
10,17,4,2024-10-17,WN,1896.0,DAL,SAT,460,530,70.0,247.0,0,0,0,0,0
3,11,1,2024-03-11,AA,1966.0,ORD,LAS,590,720,250.0,1514.0,0,0,0,0,0
12,13,5,2024-12-13,UA,2625.0,ORD,LAS,530,659,249.0,1514.0,0,0,1,0,0
12,22,7,2024-12-22,AA,1734.0,DTW,DFW,955,1090,195.0,986.0,0,0,0,0,0
2,13,2,2024-02-13,UA,2606.0,IAH,SEA,585,770,305.0,1874.0,0,0,0,0,0
3,29,5,2024-03-29,UA,1601.0,EWR,PHX,1120,1292,352.0,2133.0,0,0,0,0,0
5,2,4,2024-05-02,NK,1683.0,MYR,ACY,1296,1380,84.0,466.0,0,0,0,0,0
10,26,6,2024-10-26,OH,5157.0,DAY,DFW,530,640,170.0,861.0,0,0,0,0,0
2,29,4,2024-02-29,AA,2302.0,PHX,PSP,1071,1082,71.0,261.0,0,0,0,0,0
7,21,7,2024-07-21,OO,3463.0,ALW,SEA,300,368,68.0,213.0,0,0,0,0,0
10,6,7,2024-10-06,OO,6214.0,MFR,PHX,855,1001,146.0,854.0,0,0,0,0,0
4,15,1,2024-04-15,WN,5805.0,MSY,BNA,495,585,90.0,471.0,0,0,0,0,0
11,14,4,2024-11-14,9E,5250.0,JFK,BUF,1059,1155,96.0,301.0,0,0,0,0,0
5,10,5,2024-05-10,UA,1234.0,IAD,SRQ,540,691,151.0,849.0,0,0,1,0,0
1,30,2,2024-01-30,AA,1733.0,TPA,DCA,1141,1275,134.0,814.0,0,0,0,0,0
11,2,6,2024-11-02,UA,1324.0,DFW,ORD,870,1015,145.0,802.0,0,0,0,0,0
12,21,6,2024-12-21,DL,2231.0,ORD,SLC,450,619,229.0,1250.0,0,0,0,0,0
8,8,4,2024-08-08,NK,1256.0,SAN,LAS,1247,1327,80.0,258.0,1,0,1,0,0
3,4,1,2024-03-04,DL,2523.0,CLE,ATL,650,765,115.0,554.0,0,0,0,0,0
11,28,4,2024-11-28,UA,1162.0,BQN,EWR,69,251,242.0,1585.0,0,0,0,0,0
11,8,5,2024-11-08,G4,722.0,RFD,AZA,784,934,210.0,1373.0,0,0,0,0,0
9,8,7,2024-09-08,DL,2549.0,ATL,IAD,1335,1438,103.0,534.0,1,0,0,0,0
3,9,6,2024-03-09,MQ,3746.0,ORD,TVC,610,740,70.0,224.0,0,0,0,0,0
9,20,5,2024-09-20,WN,1505.0,MDW,PIT,505,650,85.0,402.0,1,0,0,0,0
11,6,3,2024-11-06,AA,2305.0,JFK,SFO,1019,1232,393.0,2586.0,0,0,0,0,0
2,20,2,2024-02-20,NK,966.0,IAH,MCO,804,1006,142.0,854.0,0,0,0,0,0
3,21,4,2024-03-21,NK,1682.0,ACY,MYR,1152,1245,93.0,466.0,0,0,0,0,1
6,11,2,2024-06-11,UA,2063.0,BZN,DEN,405,510,105.0,524.0,0,0,0,0,0
6,22,6,2024-06-22,UA,2034.0,IAH,SFO,1016,1140,244.0,1635.0,0,0,0,0,0
10,18,5,2024-10-18,WN,49.0,LIT,DAL,1000,1070,70.0,296.0,0,0,0,0,0
3,18,1,2024-03-18,UA,696.0,DEN,FCA,1160,1296,136.0,752.0,0,0,0,0,0
3,27,3,2024-03-27,YX,5744.0,PIT,LGA,380,477,97.0,335.0,1,0,0,0,0
9,13,5,2024-09-13,WN,597.0,SAN,DEN,640,840,140.0,853.0,0,0,0,0,0
10,25,5,2024-10-25,OO,5303.0,GRB,ORD,800,879,79.0,173.0,0,0,0,0,0
2,4,7,2024-02-04,DL,498.0,BOS,DFW,1115,1348,293.0,1562.0,0,0,0,0,0
1,5,5,2024-01-05,DL,2304.0,ATL,ORF,505,597,92.0,516.0,0,0,0,0,0
10,27,7,2024-10-27,9E,5414.0,DSM,DTW,380,546,106.0,533.0,0,0,0,0,0
7,11,4,2024-07-11,OO,6370.0,ASE,DFW,975,1166,131.0,701.0,0,0,0,0,0
7,1,1,2024-07-01,YX,5625.0,CLT,BOS,1055,1208,153.0,728.0,0,0,0,0,0
5,28,2,2024-05-28,AA,2317.0,CLT,RIC,547,617,70.0,257.0,0,0,0,0,0
2,4,7,2024-02-04,AA,1792.0,PHX,ONT,692,716,84.0,325.0,0,0,0,0,0
12,3,2,2024-12-03,WN,4813.0,SJC,BUR,875,945,70.0,296.0,0,0,0,0,1
10,20,7,2024-10-20,DL,2798.0,SLC,DFW,490,710,160.0,989.0,0,0,0,0,0
1,24,3,2024-01-24,9E,5222.0,RDU,EWR,1045,1153,108.0,416.0,1,0,0,0,1
2,7,3,2024-02-07,DL,2084.0,ATL,SDF,861,940,79.0,321.0,0,0,0,0,0
10,2,3,2024-10-02,OO,3952.0,RIC,DTW,1045,1155,110.0,456.0,0,0,0,0,0
10,24,4,2024-10-24,UA,716.0,MCI,SFO,465,574,229.0,1499.0,0,0,0,0,0
4,8,1,2024-04-08,WN,2904.0,PDX,OAK,535,640,105.0,543.0,0,0,0,0,0
7,20,6,2024-07-20,B6,2718.0,JFK,BOS,480,559,79.0,187.0,0,0,0,0,0
12,20,5,2024-12-20,AA,3235.0,XNA,CLT,303,492,129.0,754.0,0,0,0,0,0
6,27,4,2024-06-27,OH,5421.0,MLI,CLT,425,616,131.0,674.0,0,0,0,0,0
6,13,4,2024-06-13,OH,5119.0,CLT,CAE,1369,2,73.0,88.0,0,0,0,0,0
11,27,3,2024-11-27,AA,59.0,LAX,KOA,673,904,351.0,2504.0,0,0,0,0,0
12,3,2,2024-12-03,UA,784.0,EWR,BOS,1319,1397,78.0,200.0,0,0,0,0,0
10,25,5,2024-10-25,WN,3318.0,LAX,SJC,1255,1330,75.0,308.0,1,0,0,0,1
9,25,3,2024-09-25,WN,2071.0,BWI,DAL,1120,1250,190.0,1209.0,0,0,0,0,0
4,6,6,2024-04-06,DL,1416.0,MSY,MSP,1015,1192,177.0,1039.0,0,0,0,0,0
3,12,2,2024-03-12,OH,5060.0,CLT,GSO,1374,1433,59.0,83.0,0,0,0,0,0
2,29,4,2024-02-29,YX,4373.0,GSP,DCA,1169,1263,94.0,396.0,0,0,0,0,0
11,18,1,2024-11-18,DL,1577.0,ATL,MEM,1280,1302,82.0,332.0,0,0,0,0,0
6,19,3,2024-06-19,B6,127.0,EWR,MCO,640,805,165.0,937.0,0,0,0,0,1
8,23,5,2024-08-23,F9,2594.0,MCO,TTN,908,1068,160.0,896.0,0,0,0,0,0
11,27,3,2024-11-27,OO,5326.0,BUR,SFO,1218,1310,92.0,326.0,1,0,0,0,0
12,21,6,2024-12-21,DL,2117.0,DTW,SLC,1195,1327,252.0,1481.0,1,0,0,0,1
4,14,7,2024-04-14,NK,277.0,STT,MCO,934,1154,220.0,1246.0,0,0,0,0,0
11,26,2,2024-11-26,AA,2568.0,DFW,SAN,1365,1438,193.0,1171.0,0,0,0,0,0
4,1,1,2024-04-01,UA,1339.0,DEN,SJU,590,1050,340.0,2733.0,0,0,0,0,0
6,2,7,2024-06-02,B6,1419.0,JFK,DTW,1065,1191,126.0,509.0,0,0,0,0,0
8,24,6,2024-08-24,WN,542.0,RNO,LAS,740,820,80.0,345.0,0,0,0,0,0
8,9,5,2024-08-09,WN,385.0,BWI,DEN,1240,1355,235.0,1491.0,1,0,0,0,1
5,31,5,2024-05-31,WN,4944.0,BWI,SRQ,1230,1380,150.0,880.0,0,0,0,0,0
10,21,1,2024-10-21,OO,5442.0,ORD,PIA,765,826,61.0,130.0,0,0,0,0,0
2,12,1,2024-02-12,WN,3692.0,OGG,LIH,945,1000,55.0,201.0,0,0,0,0,0
5,19,7,2024-05-19,OO,3787.0,SEA,SFO,820,958,138.0,679.0,0,0,0,0,0
12,4,3,2024-12-04,WN,2354.0,HRL,HOU,420,485,65.0,277.0,0,0,1,0,0
2,26,1,2024-02-26,OO,4634.0,FAR,DEN,1024,1100,136.0,627.0,0,0,1,0,0
10,24,4,2024-10-24,WN,3492.0,TUL,MDW,840,945,105.0,583.0,0,0,0,0,0
4,17,3,2024-04-17,DL,854.0,SEA,ANC,690,848,218.0,1448.0,0,0,0,0,0
3,26,2,2024-03-26,MQ,3986.0,DFW,HRL,845,941,96.0,461.0,0,0,0,0,0
7,20,6,2024-07-20,WN,1362.0,BUR,LAS,760,830,70.0,223.0,0,0,0,0,1
9,12,4,2024-09-12,OO,5385.0,DSM,ORD,390,485,95.0,299.0,0,0,0,0,0
9,12,4,2024-09-12,F9,1678.0,DEN,DSM,890,1053,103.0,589.0,0,1,0,0,0
12,30,1,2024-12-30,WN,4476.0,LGA,ATL,1250,1410,160.0,762.0,0,0,0,0,0
2,19,1,2024-02-19,DL,2609.0,DTW,EWR,1302,1404,102.0,488.0,0,0,0,0,0
1,23,2,2024-01-23,OO,5659.0,ORD,LIT,525,654,129.0,552.0,0,1,0,0,0
9,30,1,2024-09-30,DL,2223.0,GNV,ATL,635,715,80.0,300.0,0,0,0,0,0
9,16,1,2024-09-16,AA,2083.0,SBA,DFW,739,1055,196.0,1316.0,0,0,0,0,0
11,30,6,2024-11-30,UA,280.0,DEN,ANC,1140,1373,353.0,2405.0,1,0,1,0,0
7,15,1,2024-07-15,AS,839.0,SEA,LIH,1079,1264,365.0,2701.0,0,0,0,0,0
1,19,5,2024-01-19,UA,2160.0,CLE,EWR,375,473,98.0,404.0,0,0,1,0,0
8,29,4,2024-08-29,OO,5084.0,CYS,DEN,840,892,52.0,90.0,0,0,0,0,0
5,15,3,2024-05-15,WN,2597.0,LAS,SAN,540,605,65.0,258.0,1,0,0,0,0
1,30,2,2024-01-30,UA,298.0,AUS,SFO,926,1042,236.0,1504.0,0,0,0,0,0
6,14,5,2024-06-14,UA,2172.0,TPA,IAD,1130,1272,142.0,811.0,0,1,0,0,0
5,5,7,2024-05-05,AA,612.0,AUS,DFW,360,432,72.0,190.0,0,0,0,0,0
12,5,4,2024-12-05,UA,2000.0,MCO,ORD,1080,1203,183.0,1005.0,0,0,1,0,0
1,31,3,2024-01-31,WN,3192.0,CLE,STL,545,590,105.0,487.0,0,0,0,0,0
4,7,7,2024-04-07,OO,5391.0,DEN,COS,965,1021,56.0,73.0,1,0,1,0,0
4,6,6,2024-04-06,DL,544.0,AUS,SLC,465,593,188.0,1086.0,1,0,0,0,0
12,17,2,2024-12-17,OO,3315.0,SNA,SFO,1061,1153,92.0,372.0,0,0,0,0,0
9,22,7,2024-09-22,WN,2330.0,MSY,ATL,640,785,85.0,425.0,0,0,0,0,0
7,25,4,2024-07-25,WN,4560.0,LAS,ABQ,455,605,90.0,486.0,0,0,0,0,0
4,26,5,2024-04-26,AA,2091.0,LAX,MCO,1348,371,283.0,2218.0,0,0,0,0,0
8,8,4,2024-08-08,DL,2121.0,MSP,SAN,535,640,225.0,1532.0,1,0,1,0,0
8,1,4,2024-08-01,9E,5436.0,SYR,JFK,658,736,78.0,209.0,0,0,0,0,0
6,28,5,2024-06-28,NK,391.0,DFW,MCO,430,662,172.0,985.0,0,0,0,0,0
1,27,6,2024-01-27,WN,650.0,PHX,AUS,745,935,130.0,872.0,0,0,0,0,0
1,29,1,2024-01-29,OO,3824.0,SEA,GEG,565,633,68.0,224.0,0,1,1,0,0
2,19,1,2024-02-19,DL,2779.0,ATL,CHS,820,885,65.0,259.0,0,0,0,0,0
8,19,1,2024-08-19,OO,4032.0,SYR,DTW,587,677,90.0,374.0,0,0,0,0,0
1,12,5,2024-01-12,AA,747.0,JAX,DFW,487,601,174.0,918.0,0,0,1,0,0
11,23,6,2024-11-23,OH,5208.0,ILM,CLT,762,835,73.0,185.0,0,0,0,0,0
1,29,1,2024-01-29,HA,15.0,SAN,HNL,555,815,380.0,2614.0,0,0,0,0,0
7,18,4,2024-07-18,DL,335.0,SFO,DTW,1315,322,267.0,2079.0,0,0,0,0,0
10,21,1,2024-10-21,9E,5314.0,ATL,AEX,911,954,103.0,500.0,0,0,0,0,0
11,14,4,2024-11-14,NK,3177.0,FLL,ATL,1105,1224,119.0,581.0,0,0,0,0,0
11,1,5,2024-11-01,G4,1396.0,TYS,EWR,490,605,115.0,631.0,0,0,0,0,0
10,18,5,2024-10-18,UA,1649.0,IAH,SFO,610,732,242.0,1635.0,1,0,1,0,0
2,15,4,2024-02-15,DL,2544.0,LGA,MIA,1020,1217,197.0,1096.0,0,0,0,0,0
11,22,5,2024-11-22,HA,7.0,LAS,HNL,555,825,390.0,2762.0,0,0,0,0,0
9,18,3,2024-09-18,WN,526.0,HOU,DCA,450,695,185.0,1218.0,0,0,0,0,0
11,8,5,2024-11-08,UA,710.0,EWR,PBI,390,572,182.0,1023.0,0,0,0,0,0
2,15,4,2024-02-15,DL,2899.0,ATL,BHM,670,656,46.0,134.0,0,0,0,0,0
6,2,7,2024-06-02,DL,1491.0,FAY,ATL,360,445,85.0,331.0,0,0,0,0,0
5,2,4,2024-05-02,DL,2566.0,EWR,DTW,576,701,125.0,488.0,0,0,0,0,0
10,29,2,2024-10-29,YX,5770.0,LGA,DCA,390,472,82.0,214.0,0,0,0,0,0
10,19,6,2024-10-19,WN,648.0,STL,DTW,515,665,90.0,440.0,0,0,0,0,0
8,17,6,2024-08-17,UA,622.0,SRQ,ORD,750,871,181.0,1050.0,1,0,1,0,1
8,12,1,2024-08-12,AA,698.0,PHX,DFW,300,573,153.0,868.0,0,0,0,0,0
2,27,2,2024-02-27,MQ,3761.0,DFW,AUS,1290,1359,69.0,190.0,0,0,0,0,0
3,6,3,2024-03-06,DL,927.0,SEA,JFK,450,953,323.0,2422.0,0,0,0,0,0
6,4,2,2024-06-04,WN,2393.0,SJC,PHX,1260,1370,110.0,621.0,0,0,0,0,0
10,24,4,2024-10-24,OO,4966.0,LCH,DFW,728,815,87.0,295.0,0,0,0,0,0
3,22,5,2024-03-22,WN,3163.0,RSW,BWI,530,680,150.0,919.0,0,0,0,0,0
3,6,3,2024-03-06,DL,304.0,SEA,LAX,635,790,155.0,954.0,0,0,0,0,0
7,16,2,2024-07-16,OH,5659.0,CLT,SAV,1150,1225,75.0,213.0,0,1,0,0,1
11,25,1,2024-11-25,AA,2320.0,BOS,CLT,510,666,156.0,728.0,0,0,0,0,0
4,14,7,2024-04-14,MQ,3734.0,CLT,AVL,1020,1075,55.0,91.0,1,0,0,0,0
7,27,6,2024-07-27,OO,3309.0,GEG,SEA,1052,1124,72.0,224.0,0,0,0,0,0
9,28,6,2024-09-28,B6,172.0,FLL,LGA,370,544,174.0,1076.0,0,0,0,0,0
8,25,7,2024-08-25,AA,1518.0,PHX,LAX,625,721,96.0,370.0,0,0,0,0,0
8,2,5,2024-08-02,DL,1403.0,ATL,STL,1379,1419,100.0,484.0,0,0,0,0,0
1,27,6,2024-01-27,F9,3010.0,TPA,CLE,820,983,163.0,927.0,0,0,0,0,0
7,27,6,2024-07-27,DL,737.0,DCA,ATL,840,961,121.0,547.0,0,0,0,0,0
5,10,5,2024-05-10,UA,2159.0,LAX,IAD,725,1203,298.0,2288.0,0,0,0,0,0
5,22,3,2024-05-22,OO,3244.0,SLC,PHX,495,546,111.0,507.0,0,0,0,0,0
9,30,1,2024-09-30,AS,588.0,SEA,DAL,455,817,242.0,1670.0,0,0,0,0,0
6,17,1,2024-06-17,NK,595.0,OAK,LAX,715,804,89.0,337.0,0,0,0,0,0
6,8,6,2024-06-08,G4,1456.0,SDF,VPS,1054,1092,98.0,532.0,0,0,0,0,0
6,22,6,2024-06-22,OO,4150.0,RNO,LAX,1065,1166,101.0,391.0,0,0,0,0,0
10,19,6,2024-10-19,UA,1925.0,DEN,DSM,1096,1264,108.0,589.0,1,0,0,0,0
10,3,4,2024-10-03,NK,686.0,MCO,LGA,1235,1393,158.0,950.0,0,0,0,0,0
5,21,2,2024-05-21,DL,1625.0,PBI,JFK,1160,1337,177.0,1028.0,0,0,1,0,1
1,27,6,2024-01-27,WN,2664.0,RNO,PHX,305,475,110.0,601.0,0,0,0,0,0
2,23,5,2024-02-23,WN,1863.0,HOU,ATL,995,1165,110.0,696.0,0,0,0,0,0
10,2,3,2024-10-02,OH,5592.0,BHM,DCA,1070,1255,125.0,653.0,0,0,0,0,0
3,11,1,2024-03-11,F9,1066.0,DEN,GRB,395,601,146.0,905.0,0,0,0,0,0
6,7,5,2024-06-07,WN,743.0,DAL,LGA,810,1080,210.0,1381.0,1,0,1,0,1
8,14,3,2024-08-14,9E,4913.0,DTW,ALB,600,695,95.0,489.0,0,0,0,0,0
10,24,4,2024-10-24,AA,1094.0,RSW,CLT,825,945,120.0,600.0,0,0,0,0,0
5,5,7,2024-05-05,YX,4335.0,ORD,RDU,500,691,131.0,646.0,0,0,0,0,0
8,19,1,2024-08-19,WN,2468.0,SEA,LAS,915,1065,150.0,867.0,0,0,0,0,0
3,15,5,2024-03-15,WN,2521.0,CHS,MDW,1220,1290,130.0,745.0,0,0,0,0,0
7,16,2,2024-07-16,WN,2489.0,DEN,LAX,405,490,145.0,862.0,0,0,0,0,0
4,23,2,2024-04-23,OO,3478.0,SFO,SAN,644,738,94.0,447.0,0,0,1,0,0
6,10,1,2024-06-10,WN,1884.0,DEN,SEA,360,475,175.0,1024.0,0,0,0,0,0
4,8,1,2024-04-08,OO,5593.0,ORD,DTW,1070,1223,93.0,235.0,1,0,1,0,0
9,3,2,2024-09-03,NK,261.0,FLL,SJU,995,1154,159.0,1046.0,1,0,0,0,0
1,1,1,2024-01-01,DL,1439.0,BOS,TPA,1030,1240,210.0,1185.0,0,0,0,0,0
6,3,1,2024-06-03,DL,2185.0,MSP,BOI,629,746,177.0,1142.0,0,0,0,0,0
8,12,1,2024-08-12,WN,2389.0,BUR,SMF,1045,1125,80.0,358.0,0,0,0,0,0
8,5,1,2024-08-05,MQ,3443.0,BOS,CMH,705,842,137.0,640.0,0,0,0,0,0
9,21,6,2024-09-21,OO,4926.0,SWO,DFW,331,403,72.0,225.0,0,0,0,0,0
12,6,5,2024-12-06,OO,3855.0,SEA,EUG,1300,1378,78.0,234.0,0,0,0,0,0
11,30,6,2024-11-30,WN,4755.0,LAX,LAS,1320,1395,75.0,236.0,0,0,0,0,0
10,19,6,2024-10-19,OO,3467.0,BOI,LAX,1135,1217,142.0,674.0,0,0,0,0,0
1,29,1,2024-01-29,WN,3458.0,ELP,DAL,400,560,100.0,562.0,0,0,0,0,0
12,17,2,2024-12-17,WN,3536.0,LAS,OAK,1105,1200,95.0,407.0,0,0,0,0,0
4,26,5,2024-04-26,DL,640.0,MCO,ATL,420,521,101.0,404.0,1,0,0,0,0
12,13,5,2024-12-13,OO,4031.0,SEA,ONT,845,1014,169.0,956.0,0,0,0,0,0
7,7,7,2024-07-07,WN,2395.0,BOS,AUS,875,1070,255.0,1698.0,0,0,0,0,0
12,12,4,2024-12-12,WN,643.0,BNA,PHX,775,955,240.0,1449.0,0,0,0,0,0
9,2,1,2024-09-02,OO,3387.0,LAX,SJC,1261,1338,77.0,308.0,0,0,0,0,0
9,11,3,2024-09-11,AA,1988.0,DFW,PIT,641,874,173.0,1067.0,0,0,0,0,0
9,30,1,2024-09-30,DL,740.0,JFK,SEA,999,1199,380.0,2422.0,1,0,1,0,0
12,3,2,2024-12-03,AA,457.0,MIA,PHX,1265,21,316.0,1972.0,0,0,0,0,0
1,18,4,2024-01-18,DL,965.0,CMH,DTW,385,450,65.0,155.0,0,0,0,0,0
10,6,7,2024-10-06,UA,1799.0,IAH,LAS,592,669,197.0,1222.0,0,0,0,0,0
12,30,1,2024-12-30,DL,2702.0,MCO,JFK,505,659,154.0,944.0,0,0,0,0,0
8,15,4,2024-08-15,OH,5658.0,DAB,CLT,675,779,104.0,416.0,0,0,0,0,0
2,5,1,2024-02-05,WN,4621.0,AUS,MCI,780,890,110.0,650.0,0,0,0,0,0
2,25,7,2024-02-25,UA,396.0,HNL,SFO,1410,394,304.0,2398.0,0,0,0,0,0
5,10,5,2024-05-10,OH,5326.0,MKE,CLT,1108,1301,133.0,651.0,1,0,0,0,1
5,25,6,2024-05-25,B6,164.0,SRQ,JFK,810,978,168.0,1041.0,0,0,0,0,0
6,9,7,2024-06-09,YX,4738.0,BUF,LGA,620,701,81.0,292.0,0,0,0,0,0
5,11,6,2024-05-11,G4,401.0,CVG,PGD,902,1044,142.0,850.0,0,0,0,0,0
2,18,7,2024-02-18,WN,1287.0,DEN,AUS,1200,1385,125.0,775.0,1,0,0,0,0
9,20,5,2024-09-20,OH,5084.0,PHL,CLE,1285,1386,101.0,363.0,0,0,0,0,0
5,13,1,2024-05-13,WN,4959.0,PIT,BNA,405,440,95.0,462.0,0,0,0,0,0
9,27,5,2024-09-27,B6,1586.0,MCO,BUF,705,865,160.0,1011.0,0,0,0,0,0
1,19,5,2024-01-19,WN,4570.0,MAF,HOU,780,870,90.0,441.0,0,0,0,0,0
7,11,4,2024-07-11,DL,3171.0,ATL,HSV,1135,1133,58.0,151.0,0,0,0,0,0
4,29,1,2024-04-29,DL,472.0,JFK,SEA,420,610,370.0,2422.0,0,0,0,0,0
12,18,3,2024-12-18,NK,509.0,MCO,AUS,1348,33,185.0,994.0,1,0,1,0,1
3,25,1,2024-03-25,WN,208.0,DEN,PHX,870,925,115.0,602.0,0,0,0,0,0
3,27,3,2024-03-27,WN,5146.0,PIT,ATL,485,585,100.0,526.0,0,0,0,0,0
8,6,2,2024-08-06,DL,3101.0,ATL,AVL,1005,1066,61.0,164.0,0,0,0,0,0
7,7,7,2024-07-07,NK,318.0,FLL,ACY,440,597,157.0,977.0,0,0,0,0,0
3,9,6,2024-03-09,OO,6286.0,LAX,DEN,1110,1310,140.0,862.0,0,0,0,0,0
7,28,7,2024-07-28,G4,528.0,LCK,FLL,713,870,157.0,961.0,0,0,0,0,0
7,5,5,2024-07-05,UA,714.0,SAN,ORD,649,1025,256.0,1723.0,0,0,0,0,0
1,11,4,2024-01-11,UA,1310.0,LGA,ORD,615,718,163.0,733.0,0,0,0,0,0
8,6,2,2024-08-06,NK,1807.0,SMF,LAS,1164,1255,91.0,397.0,0,0,0,0,0
1,21,7,2024-01-21,YX,5749.0,DCA,DTW,360,463,103.0,405.0,0,0,0,0,0
1,25,4,2024-01-25,9E,5302.0,SHV,ATL,643,808,105.0,551.0,0,0,0,0,0
8,8,4,2024-08-08,G4,486.0,FLL,ABE,420,593,173.0,1041.0,1,0,0,0,0
10,17,4,2024-10-17,WN,3554.0,DAL,LAS,540,595,175.0,1067.0,0,0,0,0,0
8,3,6,2024-08-03,WN,4455.0,BOS,STL,830,950,180.0,1047.0,0,0,1,0,0
3,28,4,2024-03-28,DL,2847.0,ECP,ATL,360,491,71.0,240.0,0,0,0,0,0
3,15,5,2024-03-15,AA,785.0,DFW,TUS,1378,1406,148.0,813.0,0,1,0,0,1
5,6,1,2024-05-06,WN,4444.0,SJC,SLC,895,1065,110.0,584.0,0,0,0,0,0
7,5,5,2024-07-05,DL,2462.0,MSP,VPS,894,1065,171.0,1058.0,0,0,0,0,0
9,20,5,2024-09-20,OO,5513.0,CPR,DEN,330,415,85.0,230.0,1,0,0,0,0
4,26,5,2024-04-26,OO,3892.0,DTW,SYR,430,515,85.0,374.0,0,0,0,0,0
3,8,5,2024-03-08,DL,821.0,ORF,ATL,780,899,119.0,516.0,0,0,0,0,0
12,7,6,2024-12-07,DL,1068.0,BNA,SLC,440,624,244.0,1404.0,0,0,0,0,0
2,18,7,2024-02-18,OO,5238.0,DEN,DSM,592,768,116.0,589.0,0,0,0,0,0
2,22,4,2024-02-22,AA,1639.0,MIA,DEN,1265,1421,276.0,1709.0,0,0,0,0,0
9,6,5,2024-09-06,OO,5720.0,SFO,BOI,992,1155,103.0,522.0,0,0,0,0,0
9,23,1,2024-09-23,DL,1239.0,SEA,SLC,1155,1335,120.0,689.0,0,0,0,0,0
10,13,7,2024-10-13,OO,5231.0,XNA,ORD,850,969,119.0,522.0,0,0,0,0,0
11,12,2,2024-11-12,WN,504.0,DCA,HOU,360,520,220.0,1218.0,0,0,0,0,0
4,4,4,2024-04-04,OH,5104.0,CVG,DCA,747,839,92.0,411.0,0,0,1,0,0
4,23,2,2024-04-23,F9,2835.0,PHL,TPA,1029,1200,171.0,920.0,0,0,0,0,0
8,8,4,2024-08-08,AS,189.0,SEA,ANC,800,958,218.0,1448.0,0,0,1,0,1
4,29,1,2024-04-29,WN,715.0,BWI,BUF,880,950,70.0,281.0,0,0,0,0,0
2,2,5,2024-02-02,AA,1560.0,SAN,PHL,390,874,304.0,2370.0,0,0,0,0,0
4,22,1,2024-04-22,DL,2020.0,MSY,LAX,810,945,255.0,1670.0,0,0,0,0,0
4,27,6,2024-04-27,DL,446.0,SEA,MSP,735,1059,204.0,1399.0,1,0,0,0,0
5,26,7,2024-05-26,B6,1145.0,RIC,FLL,360,502,142.0,805.0,0,0,0,0,0
5,19,7,2024-05-19,UA,2472.0,SAN,IAH,480,793,193.0,1303.0,0,0,0,0,0
6,6,4,2024-06-06,AA,2038.0,JFK,CLT,1079,1215,136.0,541.0,0,1,1,0,1
3,31,7,2024-03-31,AA,797.0,MSN,DFW,360,529,169.0,821.0,0,0,0,0,0
9,25,3,2024-09-25,WN,2791.0,MCI,MDW,1160,1240,80.0,405.0,0,0,0,0,0
10,6,7,2024-10-06,DL,738.0,JFK,LAX,950,1135,365.0,2475.0,0,0,0,0,0
4,9,2,2024-04-09,NK,892.0,LGA,MYR,325,447,122.0,563.0,0,0,0,0,0
7,16,2,2024-07-16,AS,556.0,SFO,PDX,1319,1421,102.0,550.0,0,0,1,0,1
1,17,3,2024-01-17,WN,2755.0,OAK,LAX,585,675,90.0,337.0,0,0,0,0,0
10,3,4,2024-10-03,DL,1704.0,ATL,DSM,560,627,127.0,743.0,0,0,0,0,0
6,15,6,2024-06-15,UA,2363.0,IAH,BNA,890,1015,125.0,657.0,1,0,0,0,1
4,20,6,2024-04-20,WN,600.0,LAS,MDW,460,790,210.0,1521.0,0,0,0,0,0
6,16,7,2024-06-16,MQ,3983.0,LRD,DFW,610,699,89.0,396.0,0,0,0,0,0
3,16,6,2024-03-16,UA,368.0,DEN,AUS,380,573,133.0,775.0,0,0,0,0,0
12,14,6,2024-12-14,OO,5640.0,MLI,ORD,659,725,66.0,139.0,0,0,1,0,1
2,2,5,2024-02-02,UA,2095.0,ORD,LAX,938,1090,272.0,1744.0,0,0,0,0,0
11,23,6,2024-11-23,MQ,3478.0,TPA,MIA,1069,1131,62.0,204.0,0,0,0,0,0
12,22,7,2024-12-22,WN,2975.0,ECP,DAL,1065,1190,125.0,674.0,0,0,0,0,0
1,20,6,2024-01-20,YX,4351.0,CMH,MIA,499,675,176.0,990.0,0,0,0,0,0
1,6,6,2024-01-06,WN,372.0,DAL,MSY,470,555,85.0,436.0,0,0,0,0,0
10,23,3,2024-10-23,F9,3194.0,DFW,IAH,730,809,79.0,224.0,0,0,0,0,0
11,19,2,2024-11-19,9E,5312.0,ATL,VLD,660,729,69.0,208.0,0,0,0,0,0
4,8,1,2024-04-08,WN,6545.0,STL,FLL,475,695,160.0,1057.0,0,0,0,0,0
12,26,4,2024-12-26,AA,1586.0,CLT,CHS,1111,1180,69.0,168.0,0,0,0,0,1
10,5,6,2024-10-05,UA,2024.0,SJU,IAD,1015,1252,237.0,1571.0,0,0,0,0,0
9,9,1,2024-09-09,MQ,3588.0,XNA,DFW,551,634,83.0,280.0,0,0,0,0,0
5,5,7,2024-05-05,AS,888.0,HNL,SEA,420,954,354.0,2677.0,0,0,0,0,0
6,9,7,2024-06-09,UA,563.0,ORD,EWR,430,633,143.0,719.0,0,0,0,0,0
7,22,1,2024-07-22,OH,5214.0,PHL,PVD,1275,1355,80.0,237.0,0,0,0,0,0
2,7,3,2024-02-07,WN,2040.0,MCO,PIT,560,700,140.0,834.0,1,0,0,0,0
9,23,1,2024-09-23,AA,1084.0,LGA,CLT,1035,1165,130.0,544.0,0,0,0,0,0
5,26,7,2024-05-26,YX,4741.0,DCA,CMH,779,866,87.0,323.0,0,0,0,0,0
5,23,4,2024-05-23,9E,4930.0,LGA,BHM,530,634,164.0,866.0,0,0,1,0,1
8,5,1,2024-08-05,OO,3428.0,PDX,BOI,890,1021,71.0,344.0,0,0,0,0,0
10,20,7,2024-10-20,B6,18.0,FLL,JAX,420,496,76.0,319.0,0,0,0,0,0
6,24,1,2024-06-24,9E,5289.0,ROC,JFK,1105,1205,100.0,264.0,0,0,0,0,0
12,20,5,2024-12-20,WN,4800.0,BWI,ROC,1355,1430,75.0,277.0,1,0,0,0,1
8,29,4,2024-08-29,YX,5737.0,LGA,CLE,1199,1320,121.0,419.0,0,0,1,0,0
6,24,1,2024-06-24,WN,2040.0,AUS,ATL,335,530,135.0,813.0,0,0,0,0,0
12,12,4,2024-12-12,UA,1306.0,IAD,RSW,800,963,163.0,891.0,0,0,0,0,0
12,18,3,2024-12-18,OO,4864.0,BNA,DFW,480,625,145.0,631.0,0,0,0,0,0
1,31,3,2024-01-31,NK,1099.0,IND,RSW,628,780,152.0,945.0,0,0,0,0,0
12,27,5,2024-12-27,YX,3512.0,ORD,LGA,600,804,144.0,733.0,0,0,0,0,0
8,15,4,2024-08-15,AA,1843.0,CLT,BOS,1210,1343,133.0,728.0,0,0,0,0,0
3,25,1,2024-03-25,DL,2052.0,ATL,HPN,580,720,140.0,780.0,0,0,0,0,0
2,22,4,2024-02-22,WN,615.0,DEN,ELP,1185,1295,110.0,563.0,0,0,0,0,0
12,9,1,2024-12-09,AA,1055.0,MSY,DFW,576,685,109.0,447.0,0,0,0,0,0
7,11,4,2024-07-11,NK,2362.0,ATL,LAS,450,525,255.0,1747.0,0,0,0,0,0
1,2,2,2024-01-02,WN,364.0,TPA,ATL,335,425,90.0,406.0,0,0,0,0,0
12,30,1,2024-12-30,NK,310.0,BWI,ATL,534,654,120.0,577.0,0,0,0,0,0
12,1,7,2024-12-01,DL,483.0,ATL,BUR,651,769,298.0,1941.0,0,0,0,0,0
11,12,2,2024-11-12,YX,5629.0,BOS,CMH,1185,1327,142.0,640.0,0,0,0,0,0
5,27,1,2024-05-27,DL,2105.0,ILM,ATL,868,957,89.0,377.0,0,0,0,0,1
5,9,4,2024-05-09,MQ,3690.0,MSY,AUS,814,909,95.0,444.0,0,0,0,0,0
8,30,5,2024-08-30,UA,425.0,DEN,MCO,495,834,219.0,1546.0,0,0,1,0,0
1,15,1,2024-01-15,YX,4262.0,JFK,BOS,1319,1397,78.0,187.0,0,0,1,0,0
11,18,1,2024-11-18,NK,1050.0,FLL,PNS,420,464,104.0,525.0,0,0,0,0,0
2,8,4,2024-02-08,DL,2464.0,ATL,HSV,1165,1164,59.0,151.0,0,0,0,0,0
8,5,1,2024-08-05,9E,5280.0,DTW,TVC,515,584,69.0,207.0,0,0,0,0,0
7,28,7,2024-07-28,OO,3869.0,MDW,DTW,1063,1199,76.0,228.0,1,0,1,0,0
5,10,5,2024-05-10,AA,608.0,MIA,ORD,823,970,207.0,1197.0,0,0,1,0,1
8,26,1,2024-08-26,OH,5552.0,TYS,CLT,665,740,75.0,177.0,0,0,0,0,0
8,26,1,2024-08-26,AA,2507.0,ORD,MIA,504,756,192.0,1197.0,0,0,0,0,0
3,19,2,2024-03-19,DL,2423.0,ATL,OKC,1355,1435,140.0,761.0,0,0,0,0,0
5,4,6,2024-05-04,NK,2807.0,BOS,MCO,1195,1399,204.0,1121.0,0,0,0,0,0
1,17,3,2024-01-17,UA,2228.0,ORD,IAD,539,710,111.0,588.0,1,0,0,0,1
12,4,3,2024-12-04,WN,3290.0,LAS,PHX,1065,1200,75.0,255.0,0,0,0,0,0
10,21,1,2024-10-21,DL,2902.0,ATL,IAD,990,1094,104.0,534.0,0,0,0,0,0
9,27,5,2024-09-27,9E,5463.0,BDL,LGA,610,671,61.0,101.0,0,0,0,0,0
8,15,4,2024-08-15,WN,981.0,MDW,STL,450,520,70.0,251.0,0,0,0,0,0
6,19,3,2024-06-19,AS,312.0,SEA,OMA,534,842,188.0,1368.0,0,0,1,0,1
10,30,3,2024-10-30,OO,3319.0,SAN,EUG,901,1052,151.0,850.0,0,0,0,0,0
7,21,7,2024-07-21,F9,1492.0,TPA,CLE,301,459,158.0,927.0,0,0,0,0,0
12,15,7,2024-12-15,YX,3601.0,IAD,BTV,535,631,96.0,441.0,0,0,0,0,0
5,4,6,2024-05-04,OO,5258.0,ELP,ORD,760,1016,196.0,1236.0,1,0,0,0,0
6,2,7,2024-06-02,OO,3929.0,LAN,DTW,335,385,50.0,74.0,0,0,0,0,0
10,1,2,2024-10-01,DL,1407.0,RDU,DTW,1114,1228,114.0,501.0,0,0,0,0,0
9,30,1,2024-09-30,WN,1989.0,RNO,LAS,510,590,80.0,345.0,0,0,0,0,0
3,2,6,2024-03-02,OH,5040.0,PHL,MEM,655,775,180.0,875.0,0,0,0,0,0
12,21,6,2024-12-21,F9,2109.0,MIA,MDW,763,913,210.0,1182.0,0,0,1,0,1
9,9,1,2024-09-09,DL,1091.0,SLC,SFO,1379,1437,118.0,599.0,1,0,0,0,1
11,14,4,2024-11-14,OO,5590.0,SFO,SLC,1187,1365,118.0,599.0,0,0,0,0,0
7,2,2,2024-07-02,AA,2348.0,TUL,DFW,614,694,80.0,237.0,0,0,0,0,0
3,22,5,2024-03-22,AS,19.0,JFK,PDX,1200,1393,373.0,2454.0,0,0,1,0,1
3,15,5,2024-03-15,B6,1168.0,PBI,HPN,746,917,171.0,1056.0,0,0,0,0,0
1,8,1,2024-01-08,AA,1893.0,CLT,CMH,1245,1329,84.0,347.0,0,0,0,0,0
8,3,6,2024-08-03,AS,1055.0,LAX,SEA,1280,1439,159.0,954.0,0,0,0,0,0
7,18,4,2024-07-18,OH,5201.0,VPS,CLT,1079,1246,107.0,460.0,0,1,1,0,1
12,3,2,2024-12-03,WN,192.0,MCI,MCO,1140,1360,160.0,1072.0,0,0,0,0,0
6,26,3,2024-06-26,MQ,3536.0,ORD,BGR,804,1017,153.0,978.0,0,0,0,0,0
11,21,4,2024-11-21,UA,1372.0,LAX,CLE,495,947,272.0,2052.0,0,0,0,0,0
8,10,6,2024-08-10,DL,680.0,JFK,SFO,625,822,377.0,2586.0,0,0,0,0,0
1,28,7,2024-01-28,AA,1659.0,LAX,DFW,899,1200,181.0,1235.0,1,0,1,0,1
1,8,1,2024-01-08,AA,2240.0,MCO,MIA,605,680,75.0,192.0,0,0,0,0,0
10,17,4,2024-10-17,WN,738.0,ELP,MDW,870,1115,185.0,1237.0,0,0,0,0,0
8,25,7,2024-08-25,UA,1876.0,IAH,SAT,1225,1290,65.0,191.0,0,0,0,0,0
10,4,5,2024-10-04,DL,1036.0,MSP,ATL,915,1125,150.0,907.0,0,0,0,0,0
10,28,1,2024-10-28,HA,376.0,HNL,OGG,995,1036,41.0,100.0,0,0,0,0,0
7,13,6,2024-07-13,WN,3128.0,SJC,RNO,1225,1285,60.0,188.0,0,0,0,0,0
6,20,4,2024-06-20,DL,1627.0,ATL,MOB,735,748,73.0,302.0,0,0,0,0,0
5,15,3,2024-05-15,OO,3862.0,GTF,SLC,345,438,93.0,463.0,0,0,0,0,0
5,20,1,2024-05-20,F9,4996.0,MIA,SJU,1365,85,160.0,1045.0,0,0,0,0,1
8,23,5,2024-08-23,9E,4825.0,ILM,LGA,1072,1178,106.0,500.0,0,0,0,0,0
4,19,5,2024-04-19,NK,3155.0,MIA,CLT,370,506,136.0,650.0,0,0,0,0,0
8,11,7,2024-08-11,WN,2441.0,LAS,CMH,1095,70,235.0,1771.0,1,0,1,0,1
9,26,4,2024-09-26,UA,1194.0,IAH,BOS,460,753,233.0,1597.0,0,0,0,0,0
8,9,5,2024-08-09,DL,2170.0,JFK,ATL,899,1051,152.0,760.0,1,0,1,0,1
9,20,5,2024-09-20,AS,373.0,EWR,SFO,540,738,378.0,2565.0,0,0,0,0,0
3,12,2,2024-03-12,MQ,3619.0,MIA,CVG,1275,29,194.0,948.0,0,0,0,0,0
1,6,6,2024-01-06,WN,3070.0,LAS,SAT,590,860,150.0,1069.0,0,0,0,0,0
2,15,4,2024-02-15,HA,26.0,HNL,PDX,715,1170,335.0,2603.0,0,0,0,0,0
4,26,5,2024-04-26,WN,3566.0,DEN,OMA,625,770,85.0,472.0,1,0,0,0,1
11,28,4,2024-11-28,YX,3666.0,RDU,IAD,900,982,82.0,224.0,0,0,0,0,0
12,20,5,2024-12-20,DL,438.0,BOS,HNL,615,1000,685.0,5095.0,0,0,0,0,0
5,8,3,2024-05-08,YX,5672.0,EWR,BOS,517,607,90.0,200.0,0,0,1,0,0
8,31,6,2024-08-31,NK,1935.0,BWI,DFW,1092,1228,196.0,1217.0,0,0,1,0,0
7,26,5,2024-07-26,B6,1116.0,SFO,JFK,740,1265,345.0,2586.0,0,0,0,0,0
5,30,4,2024-05-30,WN,819.0,PHX,BUR,735,820,85.0,369.0,0,0,0,0,0
12,5,4,2024-12-05,OO,4770.0,DEN,GJT,950,1020,70.0,212.0,0,0,0,0,0
11,15,5,2024-11-15,UA,1644.0,SJU,IAH,465,652,307.0,2007.0,0,0,0,0,0
6,17,1,2024-06-17,UA,2233.0,FLL,EWR,670,852,182.0,1065.0,0,0,0,0,0
6,30,7,2024-06-30,DL,2096.0,MSY,LAX,1195,1331,256.0,1670.0,0,0,0,0,0
4,24,3,2024-04-24,DL,2188.0,DTW,ATL,735,861,126.0,594.0,0,0,0,0,0
9,26,4,2024-09-26,DL,446.0,SEA,JFK,950,23,333.0,2422.0,0,0,0,0,1
8,16,5,2024-08-16,G4,779.0,TUL,LAX,1306,1378,192.0,1283.0,0,0,0,0,0
12,9,1,2024-12-09,UA,2268.0,IAD,MCO,1030,1176,146.0,758.0,0,0,0,0,0
11,6,3,2024-11-06,DL,2856.0,DTW,ATL,665,780,115.0,594.0,1,0,0,0,0
2,10,6,2024-02-10,UA,279.0,TPA,EWR,1084,1252,168.0,997.0,0,0,0,0,0
4,24,3,2024-04-24,OO,3827.0,GEG,SLC,1038,1200,102.0,546.0,0,0,0,0,0
7,14,7,2024-07-14,MQ,3332.0,XNA,DFW,365,446,81.0,280.0,0,0,0,0,0
8,31,6,2024-08-31,DL,2350.0,MCO,DTW,860,1028,168.0,957.0,0,0,0,0,0
10,25,5,2024-10-25,OO,4126.0,LAX,RNO,930,1022,92.0,391.0,0,0,0,0,0
9,20,5,2024-09-20,WN,2142.0,LAS,PHX,940,1025,85.0,255.0,0,0,0,0,1
7,23,2,2024-07-23,G4,1631.0,LAS,MFE,660,969,189.0,1210.0,0,0,0,0,0
12,3,2,2024-12-03,UA,2155.0,CLT,ORD,1060,1131,131.0,599.0,0,0,1,0,0
4,18,4,2024-04-18,WN,453.0,SLC,DEN,1315,1395,80.0,391.0,0,0,0,0,0
11,28,4,2024-11-28,DL,2508.0,SAN,SEA,675,865,190.0,1050.0,0,0,0,0,0
9,29,7,2024-09-29,F9,1306.0,ATL,BDL,951,1096,145.0,859.0,0,0,0,0,0
9,28,6,2024-09-28,AA,2371.0,CLT,XNA,675,760,145.0,754.0,0,0,0,0,0
8,23,5,2024-08-23,UA,1773.0,SAT,IAH,1155,1218,63.0,191.0,0,0,0,0,0
3,26,2,2024-03-26,WN,1167.0,ATL,STL,990,1030,100.0,484.0,0,0,0,0,0
6,13,4,2024-06-13,WN,3050.0,GRR,BWI,875,970,95.0,528.0,0,0,0,0,0
1,29,1,2024-01-29,OH,5166.0,DCA,CHS,752,862,110.0,444.0,0,0,0,0,0
6,18,2,2024-06-18,DL,1488.0,RDU,ATL,836,927,91.0,356.0,0,0,0,0,0
2,3,6,2024-02-03,AA,2147.0,MCO,MIA,1218,1290,72.0,192.0,0,0,0,0,0
6,2,7,2024-06-02,YX,3479.0,IND,ORD,360,376,76.0,177.0,0,0,0,0,0
4,11,4,2024-04-11,OO,4171.0,DTW,LEX,974,1051,77.0,296.0,0,0,0,0,0
8,26,1,2024-08-26,OH,5162.0,ORF,DCA,1139,1214,75.0,142.0,0,0,0,0,0
4,22,1,2024-04-22,DL,1732.0,SJC,SLC,360,535,115.0,584.0,1,0,0,0,0
7,17,3,2024-07-17,MQ,3355.0,PHX,SJC,1237,1348,111.0,621.0,0,0,1,0,0
7,29,1,2024-07-29,B6,1890.0,SJU,EWR,925,1185,260.0,1608.0,0,0,0,0,0
3,2,6,2024-03-02,B6,2050.0,PSP,JFK,1309,343,294.0,2378.0,0,0,0,0,1
1,13,6,2024-01-13,NK,536.0,LAX,LAS,1143,1219,76.0,236.0,0,0,0,0,0
7,8,1,2024-07-08,AA,1322.0,DFW,DEN,1000,1072,132.0,641.0,0,0,0,0,0
1,9,2,2024-01-09,UA,334.0,BNA,EWR,577,780,143.0,748.0,1,0,0,0,0
2,26,1,2024-02-26,DL,398.0,DEN,LGA,430,775,225.0,1620.0,0,0,0,0,0
6,16,7,2024-06-16,DL,2572.0,SEA,SAN,700,875,175.0,1050.0,0,0,1,0,0
5,23,4,2024-05-23,YX,3696.0,ORF,IAD,630,698,68.0,157.0,0,0,0,0,0
11,26,2,2024-11-26,AS,1284.0,SEA,SFO,680,820,140.0,679.0,0,0,1,0,0
10,10,4,2024-10-10,MQ,3802.0,EYW,CLT,895,1038,143.0,736.0,0,0,0,0,0
7,30,2,2024-07-30,9E,5313.0,RIC,LGA,785,870,85.0,292.0,0,0,0,0,0
6,3,1,2024-06-03,G4,2597.0,LIT,PIE,494,675,121.0,734.0,0,0,0,0,0
8,19,1,2024-08-19,9E,4998.0,MSP,DSM,600,672,72.0,232.0,0,0,0,0,0
3,29,5,2024-03-29,UA,2036.0,SJU,EWR,1115,1370,255.0,1608.0,0,0,0,0,0
2,15,4,2024-02-15,UA,1882.0,EWR,FLL,1125,1319,194.0,1065.0,0,0,0,0,0
5,13,1,2024-05-13,WN,1271.0,JAX,BWI,920,1030,110.0,663.0,0,0,0,0,0
9,6,5,2024-09-06,AA,1057.0,BOS,PHX,796,952,336.0,2300.0,0,0,0,0,0
3,31,7,2024-03-31,WN,1312.0,TUL,STL,360,435,75.0,351.0,0,0,0,0,0
5,25,6,2024-05-25,DL,2582.0,PHL,ATL,465,597,132.0,666.0,0,0,0,0,0
4,28,7,2024-04-28,AA,2687.0,RDU,PHL,1073,1155,82.0,337.0,0,0,0,0,0
5,2,4,2024-05-02,WN,692.0,DEN,MDW,470,670,140.0,895.0,1,0,1,0,0
9,2,1,2024-09-02,DL,2328.0,JAX,ATL,596,663,67.0,270.0,0,0,0,0,0
5,22,3,2024-05-22,YX,5603.0,CMH,BOS,747,870,123.0,640.0,0,0,0,0,0
1,8,1,2024-01-08,UA,1781.0,ORD,FLL,430,676,186.0,1182.0,0,0,0,0,0
4,21,7,2024-04-21,NK,763.0,ORD,RSW,499,737,178.0,1120.0,0,0,0,0,0
2,20,2,2024-02-20,OO,5829.0,SFO,RDM,985,1094,109.0,462.0,0,0,0,0,0
5,8,3,2024-05-08,AA,1182.0,MEM,PHX,455,543,208.0,1264.0,0,0,1,0,0
12,27,5,2024-12-27,WN,2881.0,DEN,BNA,325,540,155.0,1014.0,0,0,0,0,0
12,26,4,2024-12-26,WN,1599.0,DEN,HOU,1205,1405,140.0,883.0,1,0,1,0,1
7,13,6,2024-07-13,WN,4378.0,FLL,DCA,395,545,150.0,899.0,0,0,0,0,0
4,10,3,2024-04-10,MQ,3678.0,DFW,MOB,1059,1159,100.0,539.0,0,1,0,0,1
4,25,4,2024-04-25,OH,5489.0,DTW,PHL,480,585,105.0,453.0,0,0,0,0,0
8,22,4,2024-08-22,OH,5016.0,CLT,HPN,1105,1229,124.0,564.0,0,0,0,0,0
5,8,3,2024-05-08,UA,259.0,DEN,MCO,1080,1421,221.0,1546.0,1,0,0,0,0
1,26,5,2024-01-26,NK,2323.0,LAX,EWR,1291,355,324.0,2454.0,0,0,0,0,0
10,20,7,2024-10-20,DL,952.0,MEM,ATL,980,1124,84.0,332.0,0,0,0,0,0
2,9,5,2024-02-09,DL,905.0,PHX,ATL,425,755,210.0,1587.0,0,0,0,0,0
2,10,6,2024-02-10,WN,1328.0,DEN,HOU,1040,1240,140.0,883.0,1,0,1,0,0
5,10,5,2024-05-10,HA,216.0,HNL,OGG,585,628,43.0,100.0,0,0,0,0,0
2,21,3,2024-02-21,AA,2098.0,ORD,PHL,599,776,117.0,678.0,0,0,0,0,1
10,19,6,2024-10-19,YX,3486.0,EWR,BTV,630,716,86.0,266.0,0,0,0,0,0
10,13,7,2024-10-13,YX,3709.0,IND,IAD,610,713,103.0,476.0,0,0,0,0,0
4,25,4,2024-04-25,WN,5605.0,SMF,MDW,760,1115,235.0,1790.0,0,0,0,0,0
7,10,3,2024-07-10,UA,2147.0,TPA,EWR,515,679,164.0,997.0,0,0,0,0,0
10,3,4,2024-10-03,MQ,3978.0,DFW,FWA,1156,1363,147.0,859.0,0,0,0,0,0
2,15,4,2024-02-15,AA,2309.0,PIT,DFW,699,840,201.0,1067.0,0,0,0,0,0
9,5,4,2024-09-05,AS,1127.0,LAX,PDX,960,1103,143.0,834.0,0,0,0,0,0
12,15,7,2024-12-15,WN,2053.0,TPA,MSY,795,840,105.0,488.0,0,0,0,0,0
11,6,3,2024-11-06,WN,2047.0,DEN,TUL,525,680,95.0,541.0,0,0,1,0,0
10,8,2,2024-10-08,DL,667.0,JFK,SFO,1190,1409,399.0,2586.0,0,0,0,0,0
7,20,6,2024-07-20,WN,3046.0,FLL,CMH,800,955,155.0,973.0,0,0,0,0,0
10,16,3,2024-10-16,NK,1690.0,PDX,LAS,1214,1348,134.0,763.0,0,0,0,0,0
3,13,3,2024-03-13,DL,1622.0,ONT,SEA,940,1112,172.0,956.0,0,0,0,0,0
5,30,4,2024-05-30,UA,2193.0,LAS,EWR,867,1349,302.0,2227.0,0,0,0,0,0
8,18,7,2024-08-18,G4,3101.0,BLV,VPS,1179,1285,106.0,587.0,0,0,0,0,0
6,10,1,2024-06-10,UA,1581.0,ORD,IAD,527,706,119.0,588.0,0,0,0,0,0
11,15,5,2024-11-15,B6,484.0,RDU,BOS,785,903,118.0,612.0,1,0,1,0,0
2,16,5,2024-02-16,AA,2044.0,MIA,LGA,636,836,200.0,1096.0,0,0,0,0,0
2,12,1,2024-02-12,NK,130.0,SJU,ORD,925,1129,324.0,2072.0,0,0,0,0,0
5,29,3,2024-05-29,MQ,3693.0,DFW,XNA,1357,1430,73.0,280.0,0,0,0,0,0
3,28,4,2024-03-28,WN,3902.0,LAS,SJC,555,645,90.0,386.0,0,0,0,0,0
9,15,7,2024-09-15,OO,4139.0,RAP,MSP,989,1149,100.0,489.0,0,0,0,0,0
2,13,2,2024-02-13,WN,2493.0,DCA,OMA,990,1115,185.0,1012.0,0,0,0,0,0
3,28,4,2024-03-28,MQ,3407.0,DFW,ABI,539,597,58.0,158.0,0,0,0,0,0
1,17,3,2024-01-17,OH,5616.0,CLT,SGF,660,754,154.0,708.0,0,0,0,0,0
4,9,2,2024-04-09,WN,554.0,DAL,BNA,1020,1125,105.0,623.0,0,0,1,0,1
12,11,3,2024-12-11,AA,692.0,PHX,HNL,727,963,416.0,2917.0,0,0,0,0,0
10,11,5,2024-10-11,DL,1226.0,SLC,PDX,1365,1421,116.0,630.0,0,0,0,0,0
2,16,5,2024-02-16,DL,1660.0,ATL,MCI,841,908,127.0,692.0,0,0,0,0,0
3,5,2,2024-03-05,WN,62.0,HOU,DAL,1290,1360,70.0,239.0,0,0,0,0,0
10,22,2,2024-10-22,DL,2121.0,MSP,SAN,537,649,232.0,1532.0,0,0,0,0,0
6,28,5,2024-06-28,NK,171.0,LGA,FLL,390,575,185.0,1076.0,1,0,1,0,0
7,14,7,2024-07-14,WN,4225.0,SAN,LAS,1005,1085,80.0,258.0,0,0,0,0,0
10,19,6,2024-10-19,UA,2092.0,RSW,IAH,1035,1132,157.0,861.0,1,0,1,0,0
2,23,5,2024-02-23,OO,4049.0,SEA,PDX,530,587,57.0,129.0,1,0,0,0,0
11,1,5,2024-11-01,WN,3950.0,PIT,STL,810,860,110.0,554.0,0,0,0,0,0
10,24,4,2024-10-24,B6,1534.0,TPA,BDL,645,819,174.0,1111.0,0,0,0,0,0
3,11,1,2024-03-11,UA,584.0,DCA,ORD,720,803,143.0,612.0,0,0,0,0,0
8,12,1,2024-08-12,MQ,3508.0,DFW,ABI,1184,1235,51.0,158.0,0,0,0,0,0
7,31,3,2024-07-31,WN,1305.0,BNA,MCI,730,830,100.0,491.0,0,0,0,0,0
1,31,3,2024-01-31,WN,389.0,DEN,MCI,530,685,95.0,533.0,0,0,0,0,0
6,8,6,2024-06-08,AS,1301.0,LAX,SEA,1060,1231,171.0,954.0,0,0,0,0,0
7,21,7,2024-07-21,OH,5095.0,CAE,DCA,1175,1270,95.0,408.0,0,1,0,0,1
10,9,3,2024-10-09,OO,3368.0,SMF,SAN,635,732,97.0,480.0,0,0,0,0,0
12,7,6,2024-12-07,AA,1726.0,DFW,LGA,1149,1412,203.0,1389.0,1,0,0,0,0
4,12,5,2024-04-12,NK,1670.0,ACY,MCO,738,889,151.0,852.0,0,0,0,0,0
6,26,3,2024-06-26,AA,1569.0,DFW,MCI,1290,1387,97.0,460.0,0,0,0,0,1
9,6,5,2024-09-06,WN,4239.0,ICT,DEN,905,930,85.0,420.0,0,0,0,0,0
9,24,2,2024-09-24,9E,5237.0,ILM,LGA,436,539,103.0,500.0,0,0,0,0,0
1,4,4,2024-01-04,WN,2042.0,SJC,LAS,580,675,95.0,386.0,1,0,0,0,1
11,21,4,2024-11-21,B6,461.0,LGA,PBI,450,628,178.0,1035.0,0,0,0,0,0
7,18,4,2024-07-18,UA,2309.0,SAN,SFO,645,739,94.0,447.0,0,0,0,0,0
2,7,3,2024-02-07,AA,2047.0,MIA,LGA,735,919,184.0,1096.0,1,0,1,0,0
6,14,5,2024-06-14,OO,5796.0,MAF,IAH,849,940,91.0,429.0,0,0,0,0,0
7,8,1,2024-07-08,WN,1109.0,BNA,DAL,1260,1370,110.0,623.0,0,0,1,0,1
11,25,1,2024-11-25,DL,898.0,ATL,LAX,555,664,289.0,1947.0,0,0,0,0,0
7,29,1,2024-07-29,B6,1961.0,LGA,PBI,899,1080,181.0,1035.0,0,0,0,0,0
6,8,6,2024-06-08,AS,458.0,IAD,SFO,420,580,340.0,2419.0,0,0,0,0,0
12,9,1,2024-12-09,WN,473.0,PHX,OAK,455,520,125.0,646.0,0,0,0,0,0
9,23,1,2024-09-23,WN,397.0,SAT,PHX,1020,1040,140.0,843.0,0,0,0,0,0
9,18,3,2024-09-18,UA,1986.0,SFO,DEN,675,898,163.0,967.0,0,0,0,0,0
4,22,1,2024-04-22,AA,2456.0,IND,DFW,858,950,152.0,761.0,0,0,0,0,0
8,11,7,2024-08-11,AA,2921.0,ORD,GRR,1280,1392,52.0,137.0,0,0,0,0,1
10,19,6,2024-10-19,NK,1156.0,ATL,DTW,420,537,117.0,594.0,0,0,0,0,0
11,18,1,2024-11-18,WN,1184.0,DEN,BWI,300,625,205.0,1491.0,0,0,0,0,0
1,14,7,2024-01-14,9E,5023.0,JFK,CVG,1080,1223,143.0,589.0,0,0,1,0,1
7,19,5,2024-07-19,WN,4532.0,DCA,DAL,660,785,185.0,1184.0,1,0,0,0,1
5,1,3,2024-05-01,AA,2584.0,DCA,SRQ,936,1103,167.0,851.0,0,0,0,0,0
11,29,5,2024-11-29,DL,2212.0,MSP,FLL,475,759,224.0,1487.0,0,0,0,0,0
3,22,5,2024-03-22,WN,674.0,SJC,SAN,1080,1160,80.0,417.0,0,0,0,0,0
9,22,7,2024-09-22,AA,2437.0,LGA,DFW,660,832,232.0,1389.0,0,0,0,0,0
1,13,6,2024-01-13,OO,3856.0,PIH,SLC,395,450,55.0,150.0,0,0,0,0,0
1,22,1,2024-01-22,DL,1521.0,MSP,MCI,1300,1400,100.0,393.0,0,0,0,0,0
5,14,2,2024-05-14,AA,2145.0,DCA,BOS,900,994,94.0,399.0,0,0,0,0,0
7,7,7,2024-07-07,DL,1231.0,LGA,DTW,360,467,107.0,502.0,1,0,1,0,0
3,15,5,2024-03-15,AA,2400.0,XNA,DFW,364,449,85.0,280.0,0,0,0,0,0
11,27,3,2024-11-27,UA,1635.0,LAX,IAD,780,1248,288.0,2288.0,0,0,0,0,0
7,29,1,2024-07-29,AA,1267.0,CLT,CLE,1037,1129,92.0,430.0,1,0,1,0,0
12,7,6,2024-12-07,MQ,3657.0,FWA,DFW,420,539,179.0,859.0,0,0,0,0,0
2,16,5,2024-02-16,AS,1067.0,SEA,SJC,1305,1434,129.0,696.0,0,0,0,0,0
1,18,4,2024-01-18,WN,3292.0,HNL,KOA,950,1005,55.0,163.0,1,0,1,0,1
7,10,3,2024-07-10,F9,687.0,DCA,DEN,779,899,240.0,1476.0,0,0,0,0,0
4,15,1,2024-04-15,G4,742.0,AZA,HOU,490,756,146.0,998.0,0,0,0,0,0
5,15,3,2024-05-15,OO,4135.0,SLC,EUG,700,752,112.0,618.0,0,0,0,0,0
9,8,7,2024-09-08,DL,2497.0,SAT,DTW,315,563,188.0,1214.0,0,0,0,0,0
7,19,5,2024-07-19,AA,2482.0,ATL,MIA,420,542,122.0,594.0,1,0,0,0,0
3,28,4,2024-03-28,WN,2837.0,BNA,MYR,595,740,85.0,471.0,0,0,0,0,0
10,24,4,2024-10-24,F9,2899.0,DTW,ATL,1341,25,124.0,594.0,0,0,0,0,0
6,15,6,2024-06-15,WN,1689.0,DEN,STL,695,875,120.0,770.0,0,0,0,0,0
8,19,1,2024-08-19,MQ,3972.0,TYS,DCA,685,777,92.0,437.0,0,0,0,0,0
1,27,6,2024-01-27,AS,399.0,MCO,SFO,1129,1314,365.0,2446.0,0,0,0,0,0
9,9,1,2024-09-09,WN,3795.0,MCO,HOU,530,620,150.0,849.0,0,0,0,0,0
2,17,6,2024-02-17,AS,349.0,BOS,SEA,420,625,385.0,2496.0,0,0,0,0,0
8,20,2,2024-08-20,UA,1787.0,RNO,DEN,970,1165,135.0,804.0,1,0,0,0,1
6,26,3,2024-06-26,DL,2085.0,MSY,LAX,390,520,250.0,1670.0,0,0,0,0,0
5,29,3,2024-05-29,AA,2502.0,MCO,PHL,1037,1188,151.0,861.0,0,0,0,0,1
5,25,6,2024-05-25,WN,3840.0,ONT,PHX,395,465,70.0,325.0,0,0,0,0,0
6,5,3,2024-06-05,OO,5215.0,ORD,LNK,525,637,112.0,466.0,0,0,0,0,0
7,5,5,2024-07-05,WN,480.0,OAK,BNA,380,760,260.0,1959.0,0,0,0,0,0
12,13,5,2024-12-13,DL,3081.0,JAN,ATL,885,1025,80.0,341.0,0,0,0,0,0
9,7,6,2024-09-07,MQ,3422.0,ORD,TYS,1170,1333,103.0,475.0,0,0,0,0,0
9,2,1,2024-09-02,YX,5602.0,BOS,MCI,970,1123,213.0,1256.0,0,0,0,0,0
11,9,6,2024-11-09,AA,2059.0,PHX,BOS,818,1223,285.0,2300.0,0,0,0,0,0
4,10,3,2024-04-10,UA,2253.0,IAD,MSY,500,603,163.0,955.0,0,1,1,0,0
5,25,6,2024-05-25,YX,4341.0,LGA,DTW,570,687,117.0,502.0,0,0,0,0,0
3,1,5,2024-03-01,MQ,3715.0,ORD,PVD,836,1026,130.0,849.0,0,0,0,0,0
12,21,6,2024-12-21,WN,1878.0,TUS,LAS,1210,1235,85.0,365.0,0,0,0,0,0
4,12,5,2024-04-12,B6,2392.0,MIA,JFK,985,1169,184.0,1089.0,0,0,0,0,1
7,26,5,2024-07-26,DL,1054.0,RDU,BOS,430,562,132.0,612.0,0,0,0,0,0
8,8,4,2024-08-08,WN,3234.0,DEN,BZN,860,960,100.0,524.0,0,0,0,0,0
5,28,2,2024-05-28,UA,2382.0,IAD,RDU,1345,1415,70.0,224.0,1,0,0,0,1
10,28,1,2024-10-28,9E,5253.0,MSP,DSM,1186,1257,71.0,232.0,0,0,0,0,0
3,17,7,2024-03-17,DL,972.0,BOS,ATL,941,1122,181.0,946.0,1,0,0,0,1
3,29,5,2024-03-29,UA,1500.0,LAS,IAH,837,1140,183.0,1222.0,1,0,1,0,0
9,10,2,2024-09-10,DL,2954.0,MSP,BZN,1355,4,149.0,874.0,0,0,0,0,0
12,31,2,2024-12-31,UA,1857.0,ORD,MIA,640,901,201.0,1197.0,0,0,0,0,0
3,16,6,2024-03-16,AS,655.0,ABQ,SEA,1181,1320,199.0,1180.0,0,0,0,0,0
5,27,1,2024-05-27,DL,329.0,LGA,DFW,500,676,236.0,1389.0,0,0,0,0,0
7,19,5,2024-07-19,UA,1504.0,EWR,ORD,905,1005,160.0,719.0,1,0,0,0,1
2,2,5,2024-02-02,OO,5055.0,LBF,DEN,370,391,81.0,228.0,0,0,0,0,0
7,30,2,2024-07-30,UA,2403.0,EWR,LAX,840,1001,341.0,2454.0,0,0,0,0,0
9,6,5,2024-09-06,DL,2827.0,ATL,DAB,837,916,79.0,366.0,0,0,0,0,0
11,10,7,2024-11-10,UA,744.0,SAT,IAH,300,366,66.0,191.0,0,0,0,0,0
6,29,6,2024-06-29,UA,1920.0,EWR,RDU,468,570,102.0,416.0,0,0,0,0,0
12,3,2,2024-12-03,OH,5052.0,CLT,ABE,898,1003,105.0,481.0,0,0,0,0,0
3,31,7,2024-03-31,9E,4916.0,DSM,LGA,833,1049,156.0,1031.0,0,0,0,0,0
12,6,5,2024-12-06,UA,400.0,EWR,SLC,1155,1352,317.0,1969.0,0,0,0,0,0
3,7,4,2024-03-07,WN,983.0,MSP,AUS,690,855,165.0,1042.0,0,0,0,0,0
4,29,1,2024-04-29,B6,801.0,MCO,SLC,1131,1319,308.0,1931.0,0,0,1,0,0
5,14,2,2024-05-14,WN,6097.0,MSY,HOU,855,930,75.0,302.0,0,0,0,0,0
12,26,4,2024-12-26,UA,237.0,DEN,CLE,650,946,176.0,1201.0,0,0,0,0,0
12,25,3,2024-12-25,AA,846.0,DFW,AUS,1040,1108,68.0,190.0,0,0,0,0,0
7,5,5,2024-07-05,WN,4480.0,MDW,RDU,895,1065,110.0,632.0,0,0,0,0,0
2,7,3,2024-02-07,WN,875.0,MSP,BWI,930,1125,135.0,936.0,0,0,0,0,0
8,23,5,2024-08-23,WN,3664.0,LAX,MDW,835,1195,240.0,1750.0,0,0,0,0,0
6,8,6,2024-06-08,F9,2548.0,CVG,MCO,1143,1288,145.0,757.0,0,0,0,0,0
9,25,3,2024-09-25,WN,451.0,SMF,SAN,540,630,90.0,480.0,0,0,0,0,0
3,10,7,2024-03-10,AA,1559.0,ORD,DFW,1115,1286,171.0,802.0,0,0,0,0,0
10,14,1,2024-10-14,DL,1527.0,ATL,PBI,590,697,107.0,545.0,1,0,1,0,0
2,6,2,2024-02-06,HA,515.0,OGG,HNL,1155,1193,38.0,100.0,0,0,0,0,0
5,23,4,2024-05-23,NK,2321.0,MCO,EWR,1384,109,165.0,937.0,1,0,1,0,1
2,8,4,2024-02-08,WN,2552.0,BNA,CLE,630,780,90.0,448.0,0,0,0,0,0
4,26,5,2024-04-26,G4,1708.0,FAT,LAS,1353,1424,71.0,259.0,0,0,0,0,1
12,8,7,2024-12-08,WN,1324.0,ELP,DAL,1105,1265,100.0,562.0,0,0,0,0,0
12,28,6,2024-12-28,OO,3839.0,SLC,HLN,1270,1372,102.0,402.0,0,0,0,0,0
2,28,3,2024-02-28,OO,5823.0,SUN,LAX,997,1089,152.0,696.0,0,0,0,0,0
3,19,2,2024-03-19,OO,3907.0,BUF,LGA,360,455,95.0,292.0,0,0,0,0,0
8,16,5,2024-08-16,F9,1233.0,RDU,MCO,1220,1341,121.0,534.0,0,0,0,0,0
12,20,5,2024-12-20,WN,2123.0,CLE,DEN,420,500,200.0,1201.0,0,0,0,0,0
7,3,3,2024-07-03,AA,1974.0,DFW,PHX,748,790,162.0,868.0,0,0,0,0,0
1,4,4,2024-01-04,UA,1691.0,ORD,SRQ,1105,1337,172.0,1050.0,1,0,0,0,0
12,4,3,2024-12-04,DL,1415.0,RIC,ATL,480,593,113.0,481.0,0,0,0,0,0
12,28,6,2024-12-28,WN,2637.0,ECP,HOU,740,860,120.0,570.0,0,0,1,0,0
1,8,1,2024-01-08,UA,2140.0,IAH,LGA,990,1258,208.0,1416.0,0,1,0,0,1
12,30,1,2024-12-30,UA,2146.0,LAX,DEN,971,1180,149.0,862.0,0,0,0,0,0
11,25,1,2024-11-25,DL,2972.0,MSP,DFW,425,593,168.0,852.0,0,0,0,0,0
2,1,4,2024-02-01,AA,2664.0,DFW,PIT,673,885,152.0,1067.0,0,0,0,0,0
6,4,2,2024-06-04,WN,4500.0,LGB,DEN,655,850,135.0,854.0,0,0,0,0,0
8,24,6,2024-08-24,AA,2189.0,CLT,SAV,1375,9,74.0,213.0,0,0,0,0,0
10,16,3,2024-10-16,WN,2550.0,PDX,SJC,740,845,105.0,569.0,0,0,0,0,0
8,28,3,2024-08-28,9E,5129.0,ROA,ATL,795,888,93.0,357.0,0,0,0,0,0
11,13,3,2024-11-13,WN,1798.0,DEN,SFO,610,715,165.0,967.0,0,0,0,0,0
9,29,7,2024-09-29,UA,512.0,SFO,IAH,35,383,228.0,1635.0,0,0,0,0,0
4,10,3,2024-04-10,9E,5361.0,LEX,ATL,1118,1209,91.0,304.0,0,0,0,0,0
11,26,2,2024-11-26,AA,1562.0,CLT,CLE,662,759,97.0,430.0,0,0,0,0,0
4,2,2,2024-04-02,UA,2217.0,IAH,MIA,440,650,150.0,964.0,0,0,0,0,0
10,25,5,2024-10-25,DL,1642.0,ATL,VPS,675,686,71.0,250.0,0,0,0,0,0
1,20,6,2024-01-20,AA,2615.0,MSY,CLT,1109,1285,116.0,651.0,0,0,0,0,0
12,10,2,2024-12-10,WN,4568.0,MDW,DTW,1130,1260,70.0,228.0,0,0,0,0,0
11,23,6,2024-11-23,B6,2784.0,MCO,JFK,1034,1203,169.0,944.0,1,0,0,0,1
10,2,3,2024-10-02,DL,3175.0,ATL,XNA,1223,1274,111.0,589.0,0,0,0,0,0
3,24,7,2024-03-24,UA,2298.0,ATL,ORD,610,685,135.0,606.0,0,0,0,0,0
5,11,6,2024-05-11,AA,2022.0,CLT,TPA,1218,1319,101.0,507.0,0,0,0,0,1
6,6,4,2024-06-06,WN,2869.0,BNA,OAK,1030,1195,285.0,1959.0,0,0,0,0,0
12,18,3,2024-12-18,OO,3486.0,PDX,BOI,729,860,71.0,344.0,0,0,0,0,0
9,12,4,2024-09-12,OO,5605.0,SBN,ORD,470,476,66.0,84.0,1,0,0,0,0
1,2,2,2024-01-02,DL,2804.0,HSV,ATL,360,488,68.0,151.0,0,0,0,0,0
4,6,6,2024-04-06,WN,2426.0,IND,MCO,345,480,135.0,829.0,0,0,0,0,0
10,23,3,2024-10-23,UA,1115.0,DEN,MCI,1252,1410,98.0,533.0,0,0,0,0,0
4,16,2,2024-04-16,MQ,4033.0,XNA,PHX,494,554,180.0,1023.0,0,0,0,0,0
12,28,6,2024-12-28,OO,3695.0,JAC,LAX,930,1032,162.0,784.0,1,0,1,0,0
5,25,6,2024-05-25,WN,5547.0,ATL,AUS,740,820,140.0,813.0,0,0,0,0,1
8,19,1,2024-08-19,AA,207.0,DFW,MCO,1241,25,164.0,985.0,0,0,0,0,0
3,6,3,2024-03-06,OO,3261.0,PHX,SJC,496,562,126.0,621.0,0,0,0,0,0
10,19,6,2024-10-19,DL,2121.0,MSP,SAN,537,649,232.0,1532.0,0,0,0,0,0
6,7,5,2024-06-07,OO,6202.0,PDX,LAX,420,574,154.0,834.0,0,0,0,0,0
11,22,5,2024-11-22,WN,3735.0,MSY,DAL,990,1085,95.0,436.0,0,0,0,0,0
8,12,1,2024-08-12,OO,3891.0,SEA,PSC,927,990,63.0,172.0,0,0,0,0,0
5,12,7,2024-05-12,YX,4577.0,JFK,DCA,899,988,89.0,213.0,0,0,0,0,0
1,10,3,2024-01-10,OO,3729.0,SMF,SEA,830,959,129.0,605.0,0,0,0,0,0
4,3,3,2024-04-03,DL,2900.0,ATL,BHM,1150,1139,49.0,134.0,0,0,0,0,0
5,9,4,2024-05-09,OO,3855.0,DTW,AZO,999,1050,51.0,113.0,1,0,0,0,0
1,31,3,2024-01-31,DL,2950.0,BWI,ATL,370,494,124.0,577.0,0,0,0,0,0
8,12,1,2024-08-12,NK,521.0,EWR,FLL,300,485,185.0,1065.0,0,0,0,0,0
11,28,4,2024-11-28,B6,223.0,JFK,LAX,540,744,384.0,2475.0,0,0,0,0,0
6,17,1,2024-06-17,AA,949.0,SDF,MIA,375,533,158.0,910.0,1,0,1,0,0
5,7,2,2024-05-07,MQ,3329.0,DFW,MAF,1128,1202,74.0,309.0,1,0,1,0,0
1,21,7,2024-01-21,G4,1135.0,SFB,PIT,1079,1212,133.0,809.0,0,0,0,0,0
3,11,1,2024-03-11,DL,1498.0,MSP,BNA,545,678,133.0,695.0,0,0,0,0,0
5,1,3,2024-05-01,B6,673.0,EWR,TPA,995,1175,180.0,997.0,0,0,0,0,0
10,23,3,2024-10-23,MQ,3768.0,PNS,MIA,642,803,101.0,530.0,0,0,0,0,0
10,7,1,2024-10-07,DL,2798.0,DFW,SLC,765,879,174.0,989.0,0,0,0,0,0
3,4,1,2024-03-04,DL,2283.0,BOS,RDU,830,959,129.0,612.0,0,0,0,0,0
6,21,5,2024-06-21,AS,1158.0,PDX,SNA,1070,1223,153.0,859.0,0,0,0,0,0
1,26,5,2024-01-26,WN,2213.0,HNL,ITO,1035,1095,60.0,216.0,0,0,0,0,1
11,5,2,2024-11-05,9E,5038.0,AVL,LGA,960,1078,118.0,599.0,0,0,0,0,0
7,22,1,2024-07-22,AA,375.0,JAX,DFW,465,563,158.0,918.0,1,0,0,0,0
6,15,6,2024-06-15,YX,3607.0,IAD,LGA,1330,1410,80.0,229.0,0,0,0,0,0
10,27,7,2024-10-27,OO,3779.0,MFR,SEA,735,830,95.0,352.0,0,0,0,0,0
4,12,5,2024-04-12,DL,2500.0,SRQ,ATL,420,520,100.0,444.0,0,0,0,0,0
11,26,2,2024-11-26,DL,3159.0,BNA,ATL,899,1025,66.0,214.0,0,0,0,0,0
8,1,4,2024-08-01,WN,3864.0,BWI,MSP,935,1035,160.0,936.0,1,0,1,0,1
8,11,7,2024-08-11,DL,2270.0,ATL,PHL,610,734,124.0,666.0,0,0,0,0,0
7,21,7,2024-07-21,OO,3736.0,SJC,SEA,635,772,137.0,696.0,0,0,0,0,0
8,4,7,2024-08-04,AS,238.0,ANC,SEA,600,873,213.0,1448.0,0,0,0,0,0
10,25,5,2024-10-25,F9,3885.0,DFW,LAS,1377,1439,182.0,1055.0,0,0,0,0,0
1,2,2,2024-01-02,UA,381.0,IAD,AUS,495,659,224.0,1297.0,0,0,0,0,0
5,5,7,2024-05-05,MQ,3953.0,ORD,MSN,979,1036,57.0,108.0,0,0,0,0,0
10,14,1,2024-10-14,AA,2892.0,MCI,CLT,837,1029,132.0,808.0,0,0,0,0,0
4,11,4,2024-04-11,AA,147.0,LAX,SFO,501,595,94.0,337.0,0,0,1,0,0
10,18,5,2024-10-18,DL,2192.0,MKE,DTW,797,928,71.0,237.0,0,0,0,0,0
3,18,1,2024-03-18,G4,1595.0,BNA,PVU,723,903,240.0,1388.0,0,0,0,0,0
7,23,2,2024-07-23,WN,3949.0,TPA,DAL,870,960,150.0,917.0,1,0,1,0,0
11,4,1,2024-11-04,AS,955.0,SEA,PDX,1319,1376,57.0,129.0,0,0,0,0,0
7,8,1,2024-07-08,WN,3198.0,SMF,LAX,1250,1335,85.0,373.0,0,0,0,0,0
8,26,1,2024-08-26,AA,2323.0,PHL,SAN,1117,1263,326.0,2370.0,1,0,1,0,1
11,27,3,2024-11-27,AA,3288.0,DTW,ORD,1052,1075,83.0,235.0,0,0,0,0,0
2,12,1,2024-02-12,AA,2942.0,BOS,AUS,791,1025,294.0,1698.0,0,0,0,0,0
11,28,4,2024-11-28,WN,3091.0,ATL,PHX,370,510,260.0,1587.0,0,0,0,0,0
10,19,6,2024-10-19,AA,1984.0,PHL,PHX,1129,1266,317.0,2075.0,0,0,0,0,0
8,2,5,2024-08-02,UA,566.0,SFO,DEN,953,1179,166.0,967.0,0,0,0,0,0
2,28,3,2024-02-28,YX,4689.0,LGA,SDF,1080,1230,150.0,659.0,0,0,0,0,0
6,9,7,2024-06-09,WN,3518.0,BUR,SMF,505,585,80.0,358.0,0,0,0,0,0
2,27,2,2024-02-27,MQ,3791.0,BNA,TPA,1006,1171,105.0,612.0,0,0,0,0,0
4,15,1,2024-04-15,WN,5891.0,TPA,MDW,880,980,160.0,997.0,0,0,0,0,0
3,9,6,2024-03-09,AA,2970.0,DFW,JFK,544,810,206.0,1391.0,0,0,0,0,0
8,20,2,2024-08-20,WN,4623.0,PVD,MCO,810,990,180.0,1072.0,0,0,1,0,0
9,16,1,2024-09-16,UA,1497.0,ORD,FSD,1220,1328,108.0,462.0,0,0,0,0,0
2,7,3,2024-02-07,WN,2589.0,DCA,MDW,1240,1310,130.0,601.0,0,0,0,0,0
11,29,5,2024-11-29,UA,1703.0,DFW,SFO,1189,1310,241.0,1464.0,1,0,0,0,1
10,20,7,2024-10-20,WN,4598.0,ATL,BWI,740,845,105.0,577.0,1,0,0,0,1
8,5,1,2024-08-05,WN,2574.0,BNA,AUS,1275,1405,130.0,756.0,0,0,0,0,0
4,23,2,2024-04-23,9E,5303.0,ATL,TRI,1032,1099,67.0,227.0,0,0,0,0,0
6,17,1,2024-06-17,DL,2381.0,HOU,ATL,1013,1205,132.0,696.0,0,0,0,0,0
12,2,1,2024-12-02,WN,2644.0,DCA,CMH,810,890,80.0,323.0,0,0,0,0,0
9,23,1,2024-09-23,F9,4725.0,SJU,MCO,1085,1276,191.0,1189.0,0,0,0,0,0
12,14,6,2024-12-14,WN,2039.0,LAS,STL,540,850,190.0,1371.0,0,0,0,0,0
11,3,7,2024-11-03,UA,201.0,HNL,GUM,905,1130,465.0,3801.0,0,0,0,0,0
2,10,6,2024-02-10,AA,2827.0,MIA,OMA,1260,1425,225.0,1393.0,0,0,0,0,0
2,22,4,2024-02-22,AA,1560.0,EUG,DFW,339,676,217.0,1606.0,0,0,0,0,0
10,4,5,2024-10-04,AS,839.0,SEA,LIH,1062,1253,371.0,2701.0,0,0,0,0,0
10,25,5,2024-10-25,B6,1316.0,LAX,JFK,460,974,334.0,2475.0,0,0,0,0,0
9,4,3,2024-09-04,DL,1517.0,LAX,MCI,515,833,198.0,1363.0,0,0,0,0,0
3,28,4,2024-03-28,AA,229.0,STT,CLT,724,974,250.0,1520.0,0,0,0,0,0
1,24,3,2024-01-24,UA,1057.0,RIC,DEN,485,621,256.0,1482.0,0,0,0,0,0
12,6,5,2024-12-06,AA,869.0,DFW,MKE,872,1009,137.0,853.0,1,0,0,0,0
8,2,5,2024-08-02,WN,2648.0,MDW,PHX,1185,1280,215.0,1444.0,0,0,0,0,0
1,22,1,2024-01-22,F9,1770.0,SAN,DFW,516,808,172.0,1171.0,0,0,0,0,0
8,14,3,2024-08-14,AA,1945.0,RNO,PHX,1164,1270,106.0,601.0,0,0,0,0,0
5,28,2,2024-05-28,B6,305.0,EWR,FLL,1090,1280,190.0,1065.0,0,0,0,0,0
9,12,4,2024-09-12,YX,4453.0,JFK,RDU,930,1041,111.0,427.0,0,0,0,0,0
10,31,4,2024-10-31,AA,2357.0,DEN,DFW,624,816,132.0,641.0,0,0,0,0,0
2,2,5,2024-02-02,DL,2511.0,LGA,DFW,675,881,266.0,1389.0,0,0,0,0,0
12,30,1,2024-12-30,OO,6454.0,SAF,PHX,1111,1214,103.0,370.0,0,0,1,0,1
12,19,4,2024-12-19,OO,5015.0,RIW,DEN,850,936,86.0,296.0,0,0,0,0,0
9,15,7,2024-09-15,OO,4283.0,BJI,MSP,889,959,70.0,199.0,0,0,0,0,0
11,6,3,2024-11-06,MQ,3492.0,SAV,MIA,1217,1309,92.0,440.0,0,0,0,0,1
6,9,7,2024-06-09,OO,4053.0,MFE,AUS,1057,1139,82.0,279.0,0,0,0,0,0
5,22,3,2024-05-22,B6,374.0,SYR,BOS,540,608,68.0,265.0,0,0,0,0,0
5,26,7,2024-05-26,UA,1772.0,IND,IAH,410,498,148.0,844.0,0,0,0,0,0
7,11,4,2024-07-11,WN,3742.0,AUS,HOU,675,730,55.0,148.0,0,0,0,0,0
6,24,1,2024-06-24,WN,3145.0,ATL,STL,810,850,100.0,484.0,0,0,0,0,0
5,17,5,2024-05-17,DL,1135.0,DTW,PHX,960,1030,250.0,1671.0,1,0,0,0,0
9,6,5,2024-09-06,AA,2387.0,DFW,SFO,660,765,225.0,1464.0,0,0,0,0,0
10,31,4,2024-10-31,MQ,3464.0,PWM,DCA,837,957,120.0,482.0,0,0,0,0,0
7,19,5,2024-07-19,MQ,3428.0,DTW,ORD,656,681,85.0,235.0,0,0,0,0,0
2,27,2,2024-02-27,WN,1592.0,SMF,LAX,795,885,90.0,373.0,0,0,0,0,0
5,7,2,2024-05-07,MQ,3509.0,MCI,ORD,631,725,94.0,403.0,0,1,0,0,1
11,15,5,2024-11-15,UA,682.0,SAN,DEN,959,1167,148.0,853.0,0,0,0,0,0
7,19,5,2024-07-19,B6,555.0,BOS,DCA,360,464,104.0,399.0,0,0,0,0,0
3,1,5,2024-03-01,YX,3591.0,SDF,EWR,780,913,133.0,642.0,0,0,0,0,0
8,28,3,2024-08-28,MQ,3557.0,EYW,MIA,690,740,50.0,126.0,0,0,0,0,0
1,20,6,2024-01-20,DL,2147.0,ATL,PVD,705,837,132.0,903.0,0,0,0,0,0
11,18,1,2024-11-18,NK,995.0,EWR,BNA,1338,1422,144.0,748.0,0,0,1,0,0
7,14,7,2024-07-14,G4,3107.0,BLV,MYR,679,848,109.0,696.0,0,0,0,0,0
4,14,7,2024-04-14,AA,1603.0,EWR,DFW,510,698,248.0,1372.0,0,0,0,0,0
11,17,7,2024-11-17,WN,2339.0,ORD,PHX,895,1075,240.0,1440.0,0,0,0,0,0
10,4,5,2024-10-04,UA,2275.0,SEA,IAD,770,1255,305.0,2306.0,0,0,0,0,0
11,17,7,2024-11-17,OO,4825.0,GRK,DFW,1106,1169,63.0,134.0,0,0,0,0,0
10,30,3,2024-10-30,WN,3724.0,HOU,DEN,870,960,150.0,883.0,0,0,0,0,0
2,11,7,2024-02-11,DL,1011.0,ATL,BDL,1300,1434,134.0,859.0,0,0,0,0,0
8,11,7,2024-08-11,B6,1105.0,JFK,ORD,460,565,165.0,740.0,1,0,1,0,1
11,5,2,2024-11-05,YX,5666.0,BOS,DCA,1210,1320,110.0,399.0,0,0,0,0,0
5,19,7,2024-05-19,OO,4832.0,IND,ORD,956,975,79.0,177.0,0,0,0,0,0
5,29,3,2024-05-29,DL,382.0,SEA,CVG,614,1065,271.0,1965.0,0,0,0,0,0
12,1,7,2024-12-01,OH,5564.0,CLT,GPT,640,706,126.0,577.0,0,0,0,0,0
4,3,3,2024-04-03,OO,3324.0,RDM,SAN,1050,1185,135.0,823.0,0,0,0,0,0
9,6,5,2024-09-06,DL,1153.0,RSW,ATL,813,920,107.0,515.0,0,0,0,0,0
4,15,1,2024-04-15,OO,3325.0,BOI,LAX,365,450,145.0,674.0,0,0,0,0,0
3,20,3,2024-03-20,OO,3337.0,PHX,PDX,857,1028,171.0,1009.0,0,0,0,0,0
3,5,2,2024-03-05,MQ,4165.0,ORD,GRB,590,655,65.0,173.0,0,0,0,0,0
1,27,6,2024-01-27,HA,275.0,OGG,HNL,835,880,45.0,100.0,0,0,0,0,0
12,19,4,2024-12-19,MQ,3582.0,COU,DFW,731,840,109.0,490.0,0,0,0,0,0
1,25,4,2024-01-25,UA,1268.0,SLC,DEN,1185,1282,97.0,391.0,0,0,0,0,0
3,4,1,2024-03-04,AA,509.0,DFW,SMF,1351,24,233.0,1431.0,0,0,0,0,0
4,28,7,2024-04-28,B6,18.0,FLL,JAX,1011,1093,82.0,319.0,0,0,0,0,0
11,13,3,2024-11-13,WN,1670.0,PVD,BWI,655,740,85.0,327.0,0,0,0,0,0
5,23,4,2024-05-23,OO,3873.0,ATL,SBN,590,701,111.0,566.0,0,0,0,0,0
7,27,6,2024-07-27,9E,5364.0,LGA,CHS,1055,1200,145.0,641.0,0,0,0,0,0
5,2,4,2024-05-02,NK,1681.0,CHS,LGA,1114,1224,110.0,641.0,0,0,0,0,0
5,21,2,2024-05-21,UA,2375.0,PHX,DEN,585,757,112.0,602.0,0,0,0,0,0
10,22,2,2024-10-22,DL,1693.0,ATL,BNA,1001,1010,69.0,214.0,0,0,0,0,0
12,7,6,2024-12-07,F9,4401.0,LAS,SFO,972,1080,108.0,414.0,0,0,0,0,0
6,26,3,2024-06-26,OO,5234.0,DEN,ELP,1246,1361,115.0,563.0,1,0,0,0,0
3,20,3,2024-03-20,WN,783.0,SDF,DEN,640,695,175.0,1024.0,0,0,0,0,0
6,12,3,2024-06-12,WN,4089.0,MKE,LAS,665,770,225.0,1524.0,0,0,0,0,0
6,16,7,2024-06-16,OH,5579.0,CLT,TYS,785,853,68.0,177.0,0,0,0,0,0
3,22,5,2024-03-22,AA,1869.0,PHX,CLT,742,1158,236.0,1773.0,0,0,0,0,0
11,1,5,2024-11-01,AS,19.0,JFK,PDX,705,887,362.0,2454.0,0,0,0,0,0
1,22,1,2024-01-22,F9,1667.0,TPA,CVG,368,510,142.0,773.0,0,0,0,0,0
6,18,2,2024-06-18,UA,1497.0,LAX,IAH,1015,1336,201.0,1379.0,0,0,0,0,1
5,5,7,2024-05-05,YX,4399.0,ORF,LGA,787,871,84.0,296.0,0,0,0,0,0
1,28,7,2024-01-28,YX,5610.0,IND,BOS,745,871,126.0,818.0,0,0,0,0,0
7,19,5,2024-07-19,AA,1363.0,DFW,STL,902,1010,108.0,550.0,0,0,0,0,0
8,7,3,2024-08-07,OO,4845.0,SGU,DFW,794,1019,165.0,976.0,0,0,0,0,0
5,6,1,2024-05-06,WN,2155.0,MCO,HOU,1030,1125,155.0,849.0,0,0,0,0,0
6,11,2,2024-06-11,DL,1042.0,AUS,MSP,975,1146,171.0,1042.0,0,0,0,0,0
2,11,7,2024-02-11,WN,3104.0,SBA,SMF,650,725,75.0,310.0,0,0,0,0,0
11,19,2,2024-11-19,MQ,3488.0,DFW,BIL,1144,1262,178.0,1081.0,0,0,0,0,0
6,14,5,2024-06-14,YX,5678.0,BOS,PIT,525,642,117.0,496.0,0,0,0,0,0
7,11,4,2024-07-11,OO,3810.0,ATL,CRW,1292,1376,84.0,363.0,0,0,0,0,0
9,20,5,2024-09-20,DL,2877.0,MSP,DEN,731,800,129.0,680.0,0,0,0,0,0
3,16,6,2024-03-16,UA,1063.0,RSW,LAX,540,705,345.0,2238.0,0,0,0,0,0
9,5,4,2024-09-05,AA,649.0,BDL,CLT,427,555,128.0,644.0,0,0,0,0,0
4,18,4,2024-04-18,WN,4143.0,SFO,SAN,755,840,85.0,447.0,1,0,1,0,1
8,29,4,2024-08-29,UA,1669.0,DEN,DSM,1260,1424,104.0,589.0,1,0,1,0,1
1,7,7,2024-01-07,9E,5171.0,LGA,CLT,645,786,141.0,544.0,0,0,0,0,0
12,20,5,2024-12-20,F9,3373.0,RDU,TPA,977,1097,120.0,587.0,1,0,0,0,1
1,1,1,2024-01-01,DL,2983.0,MLB,ATL,683,782,99.0,442.0,0,0,0,0,0
7,6,6,2024-07-06,HA,330.0,OGG,KOA,810,847,37.0,84.0,0,0,0,0,0
9,29,7,2024-09-29,F9,1303.0,TPA,CVG,705,847,142.0,773.0,0,0,0,0,0
7,5,5,2024-07-05,UA,2233.0,FLL,EWR,668,851,183.0,1065.0,0,0,0,0,0
2,6,2,2024-02-06,WN,1256.0,DEN,MDW,1140,1340,140.0,895.0,0,0,0,0,0
9,10,2,2024-09-10,YX,4601.0,LGA,IND,670,809,139.0,660.0,0,0,0,0,0
5,7,2,2024-05-07,YX,5700.0,BOS,DCA,1170,1271,101.0,399.0,0,0,0,0,0
8,1,4,2024-08-01,DL,2816.0,DFW,SLC,1145,1259,174.0,989.0,0,0,0,0,1
10,17,4,2024-10-17,WN,4385.0,AUS,PIT,1075,1300,165.0,1210.0,1,0,1,0,0
12,18,3,2024-12-18,AS,957.0,SEA,ANC,1259,1428,229.0,1448.0,0,0,0,0,0
5,31,5,2024-05-31,G4,1504.0,AUS,PIT,390,622,172.0,1210.0,0,1,0,0,0
12,19,4,2024-12-19,OO,4033.0,ATL,SBN,915,1029,114.0,566.0,0,0,0,0,0
1,17,3,2024-01-17,WN,3001.0,STL,CMH,1170,1310,80.0,409.0,0,0,0,0,0
10,7,1,2024-10-07,WN,4215.0,BNA,MCI,460,565,105.0,491.0,0,0,0,0,0
7,16,2,2024-07-16,WN,3618.0,MDW,FLL,1185,1420,175.0,1167.0,1,0,1,0,1
2,22,4,2024-02-22,HA,346.0,HNL,OGG,905,947,42.0,100.0,0,0,0,0,0
10,4,5,2024-10-04,AS,106.0,SEA,FAI,720,894,234.0,1533.0,0,0,1,0,0
3,29,5,2024-03-29,WN,2552.0,CMH,MDW,400,420,80.0,283.0,0,0,0,0,0
10,11,5,2024-10-11,AA,2940.0,DFW,MIA,1245,33,168.0,1121.0,1,0,0,0,1
11,13,3,2024-11-13,YX,5784.0,MKE,BOS,710,910,140.0,860.0,0,0,0,0,0
2,9,5,2024-02-09,UA,482.0,EWR,LAS,542,718,356.0,2227.0,0,0,0,0,0
11,21,4,2024-11-21,DL,1022.0,RDU,BOS,570,690,120.0,612.0,0,0,0,0,0
2,13,2,2024-02-13,UA,628.0,SDF,DEN,995,1067,192.0,1024.0,0,0,0,0,0
5,21,2,2024-05-21,UA,2481.0,EWR,FLL,630,822,192.0,1065.0,0,0,0,0,0
5,19,7,2024-05-19,HA,63.0,LAX,LIH,545,720,355.0,2615.0,0,0,0,0,0
12,8,7,2024-12-08,9E,5204.0,LGA,ILM,1259,1383,124.0,500.0,0,0,0,0,0
4,27,6,2024-04-27,B6,2071.0,FLL,BQN,1422,131,149.0,982.0,0,0,0,0,0
8,20,2,2024-08-20,OO,5035.0,DEN,LBF,465,586,61.0,228.0,0,0,0,0,0
1,3,3,2024-01-03,DL,498.0,RSW,DTW,360,537,177.0,1084.0,0,0,0,0,0
7,28,7,2024-07-28,YX,4445.0,PHL,MSN,589,669,140.0,764.0,0,0,0,0,0
2,1,4,2024-02-01,UA,1346.0,SLC,IAH,992,1233,181.0,1195.0,0,0,0,0,0
10,12,6,2024-10-12,UA,2147.0,DEN,MCI,1074,1235,101.0,533.0,0,0,0,0,0
4,22,1,2024-04-22,WN,2951.0,HOU,MCO,915,1115,140.0,849.0,0,0,0,0,0
8,8,4,2024-08-08,DL,305.0,JFK,FLL,679,869,190.0,1069.0,1,0,1,0,1
8,14,3,2024-08-14,NK,225.0,BWI,IAH,1162,1296,194.0,1235.0,0,0,0,0,0
8,1,4,2024-08-01,WN,3746.0,MCO,SAT,1255,1360,165.0,1041.0,1,0,0,0,1
8,3,6,2024-08-03,DL,2203.0,DTW,MSP,970,1025,115.0,528.0,0,0,0,0,0
4,24,3,2024-04-24,OO,3155.0,PHX,ELP,772,909,77.0,347.0,0,0,0,0,0
8,18,7,2024-08-18,AA,2639.0,ORD,SFO,912,1068,276.0,1846.0,0,0,0,0,0
6,17,1,2024-06-17,WN,3350.0,BNA,AUS,890,1020,130.0,756.0,0,0,0,0,0
3,23,6,2024-03-23,OO,3221.0,ASE,DFW,755,954,139.0,701.0,0,1,0,0,0
5,2,4,2024-05-02,WN,953.0,DAL,PSP,660,725,185.0,1137.0,0,0,0,0,0
10,22,2,2024-10-22,WN,2650.0,OAK,BUR,545,620,75.0,325.0,0,0,0,0,0
12,12,4,2024-12-12,OO,3817.0,SEA,BOI,1190,1344,94.0,399.0,0,0,0,0,0
5,15,3,2024-05-15,9E,5250.0,ATL,OAJ,660,747,87.0,399.0,0,0,0,0,0
4,29,1,2024-04-29,OH,5449.0,BHM,DFW,1176,1308,132.0,597.0,0,0,0,0,1
12,9,1,2024-12-09,DL,852.0,ATL,MEM,900,923,83.0,332.0,0,0,0,0,0
11,19,2,2024-11-19,UA,2661.0,ORD,LGA,540,732,132.0,733.0,0,0,0,0,0
6,23,7,2024-06-23,F9,2979.0,BUF,RDU,1028,1128,100.0,487.0,1,0,0,0,1
9,9,1,2024-09-09,WN,4719.0,PVD,BWI,720,800,80.0,327.0,0,0,0,0,0
10,8,2,2024-10-08,WN,19.0,COS,DAL,480,650,110.0,602.0,0,0,0,0,0
8,16,5,2024-08-16,AS,216.0,CLE,SEA,1107,1235,308.0,2021.0,0,0,0,0,1
7,14,7,2024-07-14,UA,1527.0,ORD,LAS,945,1066,241.0,1514.0,1,0,0,0,1
3,19,2,2024-03-19,OO,4632.0,CHA,ORD,728,794,126.0,501.0,0,1,0,0,0
3,19,2,2024-03-19,B6,648.0,SLC,BOS,1360,306,266.0,2105.0,0,0,0,0,0
10,14,1,2024-10-14,AA,2896.0,DFW,CLT,542,761,159.0,936.0,0,0,0,0,0
4,1,1,2024-04-01,AA,1523.0,TYS,CLT,300,382,82.0,177.0,0,0,0,0,0
12,11,3,2024-12-11,WN,1600.0,RNO,LAX,610,705,95.0,391.0,0,0,0,0,0
8,21,3,2024-08-21,YX,3598.0,EWR,BTV,850,932,82.0,266.0,0,0,0,0,0
6,6,4,2024-06-06,G4,2030.0,CVG,LAS,684,753,249.0,1678.0,0,0,0,0,0
7,18,4,2024-07-18,MQ,3599.0,PIA,DFW,957,1090,133.0,672.0,1,0,0,0,1
11,25,1,2024-11-25,WN,3232.0,KOA,HNL,920,975,55.0,163.0,0,0,0,0,0
10,6,7,2024-10-06,DL,1728.0,FLL,BOS,650,850,200.0,1237.0,0,0,0,0,0
1,2,2,2024-01-02,OO,4262.0,MSP,ABR,860,948,88.0,257.0,0,0,0,0,0
10,2,3,2024-10-02,AA,284.0,HNL,LAX,925,1438,333.0,2556.0,0,0,0,0,0
7,13,6,2024-07-13,F9,3020.0,SFO,LAS,1294,1400,106.0,414.0,0,0,0,0,0
3,18,1,2024-03-18,DL,1209.0,DFW,MSP,1104,1249,145.0,852.0,0,0,0,0,0
6,27,4,2024-06-27,AA,2879.0,DFW,MRY,605,704,219.0,1430.0,0,0,0,0,0
7,14,7,2024-07-14,F9,4456.0,FLL,PHL,1295,25,170.0,992.0,1,0,0,0,1
11,8,5,2024-11-08,WN,171.0,HOU,STL,320,435,115.0,687.0,0,0,0,0,0
5,9,4,2024-05-09,AA,1645.0,SAN,CLT,714,1180,286.0,2077.0,1,0,0,0,1
2,4,7,2024-02-04,G4,1115.0,SFB,PIT,1081,1213,132.0,809.0,0,0,0,0,0
10,18,5,2024-10-18,OO,6365.0,FLG,PHX,506,573,67.0,119.0,1,0,1,0,0
9,9,1,2024-09-09,UA,2412.0,BWI,DEN,485,601,236.0,1491.0,0,0,0,0,0
8,3,6,2024-08-03,OO,5692.0,XNA,DEN,695,762,127.0,616.0,0,0,0,0,0
2,17,6,2024-02-17,WN,956.0,ONT,AUS,515,795,160.0,1196.0,1,0,0,0,1
8,22,4,2024-08-22,MQ,3697.0,DFW,ELP,881,926,105.0,551.0,0,0,0,0,0
7,14,7,2024-07-14,WN,5193.0,TPA,SAT,375,470,155.0,972.0,0,0,0,0,0
9,10,2,2024-09-10,OO,3912.0,DLH,MSP,1108,1175,67.0,144.0,0,0,0,0,0
7,6,6,2024-07-06,DL,979.0,LAX,JFK,425,945,340.0,2475.0,0,0,0,0,0
8,12,1,2024-08-12,DL,697.0,SLC,JFK,1030,1439,289.0,1990.0,1,0,0,0,1
10,14,1,2024-10-14,AA,1703.0,PVD,CLT,368,505,137.0,683.0,0,0,0,0,0
12,11,3,2024-12-11,WN,3382.0,SNA,SJC,595,680,85.0,342.0,0,0,0,0,0
8,29,4,2024-08-29,9E,5221.0,CVG,DCA,831,920,89.0,411.0,0,0,0,0,0
11,7,4,2024-11-07,OO,4724.0,BFL,SFO,375,450,75.0,238.0,1,0,0,0,0
3,28,4,2024-03-28,AS,705.0,DEN,SEA,1290,1411,181.0,1024.0,0,0,0,0,0
10,31,4,2024-10-31,OO,4886.0,DFW,FWA,750,957,147.0,859.0,1,0,0,0,0
3,15,5,2024-03-15,WN,5863.0,DEN,COS,570,615,45.0,73.0,1,0,1,0,0
11,16,6,2024-11-16,WN,1499.0,ITO,HNL,520,580,60.0,216.0,0,0,0,0,0
12,7,6,2024-12-07,DL,392.0,DCA,LAX,1030,1200,350.0,2311.0,1,0,0,0,0
7,9,2,2024-07-09,DL,834.0,LAS,ATL,565,986,241.0,1747.0,0,0,1,0,1
5,9,4,2024-05-09,OO,4236.0,MSP,HIB,1049,1104,55.0,174.0,0,0,0,0,0
6,28,5,2024-06-28,OO,3371.0,SAN,STS,1221,1329,108.0,508.0,0,0,0,0,0
2,4,7,2024-02-04,WN,2161.0,DAL,SMF,620,730,230.0,1442.0,0,0,0,0,0
5,23,4,2024-05-23,AA,2819.0,JFK,ORD,527,649,182.0,740.0,0,0,1,0,0
10,31,4,2024-10-31,DL,1447.0,PHX,SLC,621,777,96.0,507.0,0,0,0,0,0
2,9,5,2024-02-09,NK,2176.0,PHL,BNA,719,801,142.0,675.0,0,0,0,0,0
9,15,7,2024-09-15,NK,389.0,LAX,CLT,1410,430,280.0,2125.0,0,0,0,0,0
12,22,7,2024-12-22,UA,611.0,IAH,SFO,440,585,265.0,1635.0,0,0,0,0,0
6,14,5,2024-06-14,WN,2117.0,DAL,STL,730,830,100.0,546.0,0,0,0,0,0
8,21,3,2024-08-21,AA,2825.0,EWR,PHX,1052,1193,321.0,2133.0,0,0,0,0,0
1,18,4,2024-01-18,AA,2720.0,DFW,TUS,495,585,150.0,813.0,1,0,1,0,0
11,13,3,2024-11-13,9E,5141.0,DTW,CLE,1140,1198,58.0,95.0,0,0,0,0,0
1,3,3,2024-01-03,DL,2515.0,ABQ,ATL,822,1116,174.0,1269.0,0,0,0,0,0
3,31,7,2024-03-31,OO,5363.0,ORD,BUF,860,1023,103.0,474.0,0,0,0,0,0
2,11,7,2024-02-11,9E,4916.0,LGA,DSM,649,792,203.0,1031.0,0,0,0,0,0
2,22,4,2024-02-22,OO,4809.0,ORD,ICT,525,662,137.0,588.0,0,0,0,0,0
7,4,4,2024-07-04,WN,2698.0,SAN,PHX,1090,1175,85.0,304.0,0,0,0,0,0
4,27,6,2024-04-27,OO,5473.0,MBS,ORD,451,485,94.0,222.0,0,0,0,0,0
4,21,7,2024-04-21,YX,3437.0,EWR,AVL,525,656,131.0,583.0,1,0,0,0,0
2,5,1,2024-02-05,OO,5348.0,FAR,ORD,450,595,145.0,557.0,0,1,0,0,0
5,25,6,2024-05-25,UA,2626.0,SFO,IAD,995,54,319.0,2419.0,0,0,0,0,0
6,19,3,2024-06-19,WN,1470.0,BOS,BWI,720,810,90.0,369.0,0,0,0,0,0
7,23,2,2024-07-23,UA,785.0,ORD,MDT,1105,1283,118.0,594.0,0,1,1,0,0
7,11,4,2024-07-11,UA,362.0,MSP,ORD,1115,1211,96.0,334.0,1,0,0,0,1
12,5,4,2024-12-05,B6,543.0,EWR,PBI,1020,1198,178.0,1023.0,0,0,0,0,0
4,9,2,2024-04-09,AA,2855.0,MIA,OKC,1280,1439,219.0,1222.0,1,0,0,0,0
8,5,1,2024-08-05,OO,4761.0,DLH,ORD,1104,1214,110.0,397.0,0,0,1,0,0
9,19,4,2024-09-19,WN,2219.0,DEN,RNO,1000,1080,140.0,804.0,0,0,0,0,0
2,10,6,2024-02-10,WN,1774.0,SMF,BUR,1095,1170,75.0,358.0,0,0,0,0,0
11,11,1,2024-11-11,DL,1659.0,SLC,LAS,715,742,87.0,368.0,0,0,0,0,0
11,29,5,2024-11-29,WN,1147.0,STL,FLL,1095,1315,160.0,1057.0,0,0,0,0,0
5,6,1,2024-05-06,DL,1525.0,TPA,ATL,888,982,94.0,406.0,0,0,0,0,0
2,15,4,2024-02-15,DL,457.0,JFK,DEN,929,1100,291.0,1626.0,1,0,1,0,0
2,13,2,2024-02-13,OH,5672.0,CLT,LIT,885,968,143.0,640.0,0,0,0,0,0
5,31,5,2024-05-31,DL,2808.0,BOI,MSP,323,551,168.0,1142.0,0,0,0,0,0
4,25,4,2024-04-25,F9,1004.0,ATL,PHL,570,698,128.0,666.0,0,0,0,0,0
9,24,2,2024-09-24,UA,2606.0,STL,IAH,375,502,127.0,667.0,0,0,0,0,0
6,9,7,2024-06-09,DL,687.0,ATL,LAX,779,882,283.0,1947.0,0,0,0,0,0
9,13,5,2024-09-13,UA,2374.0,LAX,PHX,770,858,88.0,370.0,0,0,0,0,0
5,26,7,2024-05-26,WN,2284.0,TPA,IND,1090,1230,140.0,837.0,0,0,0,0,1
5,9,4,2024-05-09,DL,1652.0,SDF,ATL,757,843,86.0,321.0,1,0,0,0,1
4,29,1,2024-04-29,AS,1048.0,SEA,LAX,620,790,170.0,954.0,0,0,0,0,0
5,25,6,2024-05-25,WN,185.0,OGG,PHX,485,1015,350.0,2845.0,0,0,0,0,0
5,24,5,2024-05-24,AS,359.0,TPA,SEA,467,640,353.0,2520.0,0,0,0,0,0
6,6,4,2024-06-06,DL,2521.0,SJC,MSP,375,722,227.0,1575.0,0,0,0,0,0
2,24,6,2024-02-24,NK,316.0,MCO,LGA,305,458,153.0,950.0,0,0,0,0,0
6,8,6,2024-06-08,DL,3085.0,VPS,ATL,360,495,75.0,250.0,0,0,0,0,0
5,22,3,2024-05-22,AA,2594.0,CMH,CLT,515,607,92.0,347.0,0,1,1,0,0
6,10,1,2024-06-10,DL,2113.0,DTW,MKE,525,538,73.0,237.0,0,0,0,0,0
11,8,5,2024-11-08,WN,1318.0,LAS,DEN,455,630,115.0,628.0,0,1,1,0,1
4,25,4,2024-04-25,YX,5635.0,JFK,PWM,1340,1435,95.0,273.0,0,0,0,0,0
3,24,7,2024-03-24,WN,3226.0,BWI,ATL,1070,1190,120.0,577.0,0,0,0,0,0
7,28,7,2024-07-28,DL,1277.0,SNA,SLC,1030,1204,114.0,588.0,0,0,0,0,0
6,17,1,2024-06-17,DL,1163.0,DTW,BOS,420,540,120.0,632.0,0,0,0,0,0
3,29,5,2024-03-29,WN,2313.0,DEN,MCI,650,810,100.0,533.0,0,0,0,0,0
9,5,4,2024-09-05,YX,4614.0,PWM,LGA,666,758,92.0,269.0,0,0,0,0,0
10,14,1,2024-10-14,AA,1790.0,CLT,MEM,480,527,107.0,511.0,0,0,0,0,0
10,25,5,2024-10-25,UA,2439.0,IAH,BOS,745,1038,233.0,1597.0,0,0,0,0,0
9,24,2,2024-09-24,OH,5330.0,SDF,PHL,906,1025,119.0,576.0,0,0,0,0,0
5,9,4,2024-05-09,WN,3233.0,SLC,MDW,355,595,180.0,1259.0,1,0,0,0,0
6,28,5,2024-06-28,AA,1506.0,DFW,IND,420,614,134.0,761.0,0,0,0,0,0
11,4,1,2024-11-04,WN,1240.0,MDW,PHL,735,910,115.0,668.0,0,0,0,0,0
4,7,7,2024-04-07,YX,3471.0,EWR,MEM,1160,1290,190.0,946.0,0,0,0,0,0
11,30,6,2024-11-30,UA,1353.0,FLL,EWR,776,960,184.0,1065.0,0,0,1,0,0
5,16,4,2024-05-16,F9,1473.0,PHL,TPA,570,735,165.0,920.0,0,0,0,0,1
4,29,1,2024-04-29,MQ,3612.0,DCA,ILM,833,921,88.0,319.0,0,0,0,0,0
11,10,7,2024-11-10,DL,1733.0,ATL,MCO,1260,1347,87.0,404.0,0,0,0,0,0
5,8,3,2024-05-08,OH,5587.0,MSN,CLT,645,840,135.0,708.0,0,0,0,0,0
8,18,7,2024-08-18,B6,2725.0,JFK,TPA,390,560,170.0,1005.0,0,0,0,0,0
12,29,7,2024-12-29,OO,3828.0,SLC,BIL,983,1074,91.0,387.0,0,0,0,0,0
9,6,5,2024-09-06,OO,6229.0,LAX,TUS,1050,1141,91.0,451.0,0,0,0,0,0
10,7,1,2024-10-07,UA,753.0,IAD,BOS,1340,1439,99.0,413.0,1,0,0,0,0
11,26,2,2024-11-26,OO,3812.0,SMF,LAX,895,991,96.0,373.0,0,0,0,0,0
6,20,4,2024-06-20,OO,5784.0,ORD,CMH,450,597,87.0,296.0,1,0,0,0,0
10,3,4,2024-10-03,YX,5621.0,JAX,LGA,388,530,142.0,833.0,0,0,0,0,0
1,14,7,2024-01-14,WN,1353.0,KOA,HNL,635,685,50.0,163.0,0,0,0,0,0
9,8,7,2024-09-08,B6,1447.0,HPN,TPA,514,690,176.0,1032.0,0,0,0,0,0
7,5,5,2024-07-05,YX,4443.0,JAX,ORD,761,865,164.0,864.0,0,0,0,0,0
5,22,3,2024-05-22,AA,2323.0,PHX,ELP,549,693,84.0,347.0,1,0,0,0,0
10,17,4,2024-10-17,OO,3337.0,LAS,SAN,432,500,68.0,258.0,0,0,0,0,0
6,28,5,2024-06-28,DL,1458.0,ATL,PBI,930,1040,110.0,545.0,0,0,0,0,0
6,29,6,2024-06-29,WN,3634.0,ORF,MDW,1140,1205,125.0,704.0,1,0,1,0,1
7,27,6,2024-07-27,OO,5043.0,IAD,JST,755,815,60.0,120.0,0,0,0,0,0
4,1,1,2024-04-01,DL,1088.0,DTW,MSY,975,1072,157.0,926.0,0,0,0,0,0
12,21,6,2024-12-21,DL,1228.0,DTW,ATL,950,1081,131.0,594.0,0,0,0,0,0
6,15,6,2024-06-15,WN,3999.0,PHX,DEN,660,825,105.0,602.0,0,0,0,0,0
8,6,2,2024-08-06,NK,1011.0,FLL,PHL,373,540,167.0,992.0,0,0,0,0,0
8,2,5,2024-08-02,9E,5502.0,MGM,ATL,360,486,66.0,147.0,0,0,0,0,0
9,6,5,2024-09-06,WN,1204.0,HNL,SJC,730,1215,305.0,2417.0,0,0,0,0,0
3,8,5,2024-03-08,DL,1566.0,JAX,JFK,1089,1231,142.0,828.0,0,0,0,0,0
8,21,3,2024-08-21,WN,3537.0,BNA,DEN,740,845,165.0,1014.0,0,0,0,0,0
10,5,6,2024-10-05,MQ,3989.0,RDU,ORD,809,891,142.0,646.0,0,0,0,0,0
5,16,4,2024-05-16,OO,5561.0,PSP,DEN,566,762,136.0,776.0,0,0,0,0,0
3,28,4,2024-03-28,WN,3245.0,TPA,AUS,625,730,165.0,928.0,1,0,0,0,1
10,22,2,2024-10-22,WN,2175.0,PHX,LAS,1085,1155,70.0,255.0,0,0,0,0,0
9,26,4,2024-09-26,DL,787.0,ATL,GEG,584,681,277.0,1969.0,0,0,0,0,0
11,29,5,2024-11-29,WN,3582.0,STL,DEN,1005,1090,145.0,770.0,0,0,0,0,0
9,5,4,2024-09-05,MQ,3772.0,TVC,DCA,765,885,120.0,599.0,0,0,0,0,0
6,27,4,2024-06-27,DL,3075.0,ATL,GNV,1074,1149,75.0,300.0,1,0,0,0,1
11,28,4,2024-11-28,UA,1603.0,SFO,TPA,1395,443,308.0,2393.0,0,0,0,0,0
6,5,3,2024-06-05,WN,4542.0,BHM,DAL,1000,1105,105.0,587.0,0,0,1,0,1
5,30,4,2024-05-30,UA,1777.0,BNA,EWR,861,1058,137.0,748.0,0,0,0,0,0
12,18,3,2024-12-18,B6,1941.0,BOS,SRQ,600,815,215.0,1220.0,0,0,0,0,0
3,27,3,2024-03-27,WN,26.0,HOU,DAL,750,820,70.0,239.0,0,0,0,0,0
7,5,5,2024-07-05,AA,1924.0,LAS,ORD,605,951,226.0,1514.0,0,0,1,0,0
2,28,3,2024-02-28,MQ,3418.0,AUS,ORD,905,1062,157.0,977.0,0,0,0,0,0
2,18,7,2024-02-18,DL,1117.0,ATL,OKC,1065,1145,140.0,761.0,0,0,0,0,0
3,1,5,2024-03-01,G4,427.0,CVG,PIE,850,983,133.0,776.0,0,0,0,0,0
