year,day_of_month,day_of_week,fl_date,op_unique_carrier,op_carrier_fl_num,origin,origin_city_name,origin_state_nm,dest,dest_city_name,dest_state_nm,crs_dep_time,dep_time,dep_delay,taxi_out,wheels_off,wheels_on,taxi_in,crs_arr_time,arr_time,arr_delay,cancelled,cancellation_code,diverted,crs_elapsed_time,actual_elapsed_time,air_time,distance,carrier_delay,weather_delay,nas_delay,security_delay,late_aircraft_delay,is_delayed,delay_cause_code,delay_cause,dep_hour,arr_hour,dep_time_of_day,month
2024,1,1,2024-01-01,9E,4814.0,JFK,"New York, NY",New York,DTW,"Detroit, MI",Michigan,1252,1247.0,-5.0,31.0,1318.0,1442.0,7.0,1508,1449.0,-19.0,0,,0,136.0,122.0,84.0,509.0,0.0,0.0,0.0,0.0,0.0,0,0,OnTime_or_MinorDelay,12,15,Afternoon,1
2024,1,1,2024-01-01,9E,4815.0,MSP,"Minneapolis, MN",Minnesota,CLE,"Cleveland, OH",Ohio,1015,1001.0,-14.0,20.0,1021.0,1249.0,6.0,1325,1255.0,-30.0,0,,0,130.0,114.0,88.0,622.0,0.0,0.0,0.0,0.0,0.0,0,0,OnTime_or_MinorDelay,10,13,Morning,1
2024,1,1,2024-01-01,9E,4817.0,JFK,"New York, NY",New York,RIC,"Richmond, VA",Virginia,1415,1411.0,-4.0,21.0,1432.0,1533.0,8.0,1601,1541.0,-20.0,0,,0,106.0,90.0,61.0,288.0,0.0,0.0,0.0,0.0,0.0,0,0,OnTime_or_MinorDelay,14,16,Afternoon,1
2024,1,1,2024-01-01,9E,4817.0,RIC,"Richmond, VA",Virginia,JFK,"New York, NY",New York,1650,1643.0,-7.0,13.0,1656.0,1747.0,12.0,1841,1759.0,-42.0,0,,0,111.0,76.0,51.0,288.0,0.0,0.0,0.0,0.0,0.0,0,0,OnTime_or_MinorDelay,16,18,Afternoon,1
2024,1,1,2024-01-01,9E,4818.0,DTW,"Detroit, MI",Michigan,MKE,"Milwaukee, WI",Wisconsin,1015,1010.0,-5.0,21.0,1031.0,1016.0,4.0,1034,1020.0,-14.0,0,,0,79.0,70.0,45.0,237.0,0.0,0.0,0.0,0.0,0.0,0,0,OnTime_or_MinorDelay,10,10,Morning,1
2024,1,1,2024-01-01,9E,4822.0,JAX,"Jacksonville, FL",Florida,LGA,"New York, NY",New York,1410,1403.0,-7.0,14.0,1417.0,1559.0,4.0,1627,1603.0,-24.0,0,,0,137.0,120.0,102.0,833.0,0.0,0.0,0.0,0.0,0.0,0,0,OnTime_or_MinorDelay,14,16,Afternoon,1
2024,1,1,2024-01-01,9E,4822.0,LGA,"New York, NY",New York,JAX,"Jacksonville, FL",Florida,955,947.0,-8.0,26.0,1013.0,1218.0,13.0,1244,1231.0,-13.0,0,,0,169.0,164.0,125.0,833.0,0.0,0.0,0.0,0.0,0.0,0,0,OnTime_or_MinorDelay,9,12,Morning,1
2024,1,1,2024-01-01,9E,4823.0,CHS,"Charleston, SC",South Carolina,LGA,"New York, NY",New York,1140,1135.0,-5.0,8.0,1143.0,1309.0,5.0,1338,1314.0,-24.0,0,,0,118.0,99.0,86.0,641.0,0.0,0.0,0.0,0.0,0.0,0,0,OnTime_or_MinorDelay,11,13,Morning,1
2024,1,1,2024-01-01,9E,4823.0,LGA,"New York, NY",New York,CHS,"Charleston, SC",South Carolina,815,810.0,-5.0,14.0,824.0,1005.0,8.0,1044,1013.0,-31.0,0,,0,149.0,123.0,101.0,641.0,0.0,0.0,0.0,0.0,0.0,0,0,OnTime_or_MinorDelay,8,10,Morning,1
2024,1,1,2024-01-01,9E,4828.0,ITH,"Ithaca/Cortland, NY",New York,JFK,"New York, NY",New York,1300,1248.0,-12.0,12.0,1300.0,1343.0,12.0,1419,1355.0,-24.0,0,,0,79.0,67.0,43.0,189.0,0.0,0.0,0.0,0.0,0.0,0,0,OnTime_or_MinorDelay,13,14,Afternoon,1
2024,1,1,2024-01-01,9E,4828.0,JFK,"New York, NY",New York,ITH,"Ithaca/Cortland, NY",New York,1104,1054.0,-10.0,13.0,1107.0,1148.0,3.0,1215,1151.0,-24.0,0,,0,71.0,57.0,41.0,189.0,0.0,0.0,0.0,0.0,0.0,0,0,OnTime_or_MinorDelay,11,12,Morning,1
2024,1,1,2024-01-01,9E,4830.0,ITH,"Ithaca/Cortland, NY",New York,JFK,"New York, NY",New York,620,616.0,-4.0,35.0,651.0,734.0,8.0,748,742.0,-6.0,0,,0,88.0,86.0,43.0,189.0,0.0,0.0,0.0,0.0,0.0,0,0,OnTime_or_MinorDelay,6,7,Morning,1
2024,1,1,2024-01-01,9E,4836.0,CLE,"Cleveland, OH",Ohio,MSP,"Minneapolis, MN",Minnesota,1415,1405.0,-10.0,22.0,1427.0,1454.0,7.0,1532,1501.0,-31.0,0,,0,137.0,116.0,87.0,622.0,0.0,0.0,0.0,0.0,0.0,0,0,OnTime_or_MinorDelay,14,15,Afternoon,1
2024,1,1,2024-01-01,9E,4845.0,GRR,"Grand Rapids, MI",Michigan,DTW,"Detroit, MI",Michigan,1255,1250.0,-5.0,27.0,1317.0,1347.0,11.0,1357,1358.0,1.0,0,,0,62.0,68.0,30.0,120.0,0.0,0.0,0.0,0.0,0.0,0,0,OnTime_or_MinorDelay,12,13,Afternoon,1
2024,1,1,2024-01-01,9E,4851.0,CMH,"Columbus, OH",Ohio,DTW,"Detroit, MI",Michigan,1235,1230.0,-5.0,7.0,1237.0,1311.0,10.0,1338,1321.0,-17.0,0,,0,63.0,51.0,34.0,155.0,0.0,0.0,0.0,0.0,0.0,0,0,OnTime_or_MinorDelay,12,13,Afternoon,1
2024,1,1,2024-01-01,9E,4851.0,DTW,"Detroit, MI",Michigan,CMH,"Columbus, OH",Ohio,1025,1025.0,0.0,15.0,1040.0,1116.0,4.0,1132,1120.0,-12.0,0,,0,67.0,55.0,36.0,155.0,0.0,0.0,0.0,0.0,0.0,0,0,OnTime_or_MinorDelay,10,11,Morning,1
2024,1,1,2024-01-01,9E,4858.0,ATL,"Atlanta, GA",Georgia,TLH,"Tallahassee, FL",Florida,920,915.0,-5.0,22.0,937.0,1020.0,3.0,1029,1023.0,-6.0,0,,0,69.0,68.0,43.0,223.0,0.0,0.0,0.0,0.0,0.0,0,0,OnTime_or_MinorDelay,9,10,Morning,1
2024,1,1,2024-01-01,9E,4858.0,TLH,"Tallahassee, FL",Florida,ATL,"Atlanta, GA",Georgia,1114,1109.0,-5.0,12.0,1121.0,1205.0,7.0,1225,1212.0,-13.0,0,,0,71.0,63.0,44.0,223.0,0.0,0.0,0.0,0.0,0.0,0,0,OnTime_or_MinorDelay,11,12,Morning,1
2024,1,1,2024-01-01,9E,4864.0,LGA,"New York, NY",New York,ALB,"Albany, NY",New York,1645,1634.0,-11.0,26.0,1700.0,1729.0,5.0,1801,1734.0,-27.0,0,,0,76.0,60.0,29.0,136.0,0.0,0.0,0.0,0.0,0.0,0,0,OnTime_or_MinorDelay,16,18,Afternoon,1
2024,1,1,2024-01-01,9E,4871.0,CLT,"Charlotte, NC",North Carolina,LGA,"New York, NY",New York,1351,1345.0,-6.0,31.0,1416.0,1531.0,7.0,1559,1538.0,-21.0,0,,0,128.0,113.0,75.0,544.0,0.0,0.0,0.0,0.0,0.0,0,0,OnTime_or_MinorDelay,13,15,Afternoon,1
2024,1,1,2024-01-01,9E,4873.0,PVD,"Providence, RI",Rhode Island,DTW,"Detroit, MI",Michigan,530,525.0,-5.0,12.0,537.0,708.0,16.0,755,724.0,-31.0,0,,0,145.0,119.0,91.0,615.0,0.0,0.0,0.0,0.0,0.0,0,0,OnTime_or_MinorDelay,5,7,Morning,1
2024,1,1,2024-01-01,9E,4876.0,MIA,"Miami, FL",Florida,RDU,"Raleigh/Durham, NC",North Carolina,1745,1758.0,13.0,34.0,1832.0,2012.0,7.0,2002,2019.0,17.0,0,,0,137.0,141.0,100.0,700.0,13.0,0.0,4.0,0.0,0.0,1,1,Carrier,17,20,Evening,1
2024,1,1,2024-01-01,9E,4876.0,RDU,"Raleigh/Durham, NC",North Carolina,MIA,"Miami, FL",Florida,1445,1441.0,-4.0,19.0,1500.0,1644.0,16.0,1659,1700.0,1.0,0,,0,134.0,139.0,104.0,700.0,0.0,0.0,0.0,0.0,0.0,0,0,OnTime_or_MinorDelay,14,16,Afternoon,1
2024,1,1,2024-01-01,9E,4878.0,LGA,"New York, NY",New York,MCI,"Kansas City, MO",Missouri,1020,1015.0,-5.0,24.0,1039.0,1206.0,8.0,1304,1214.0,-50.0,0,,0,224.0,179.0,147.0,1107.0,0.0,0.0,0.0,0.0,0.0,0,0,OnTime_or_MinorDelay,10,13,Morning,1
2024,1,1,2024-01-01,9E,4893.0,BTV,"Burlington, VT",Vermont,JFK,"New York, NY",New York,1200,1152.0,-8.0,27.0,1219.0,1313.0,12.0,1345,1325.0,-20.0,0,,0,105.0,93.0,54.0,266.0,0.0,0.0,0.0,0.0,0.0,0,0,OnTime_or_MinorDelay,12,13,Afternoon,1
2024,1,1,2024-01-01,9E,4894.0,STL,"St. Louis, MO",Missouri,LGA,"New York, NY",New York,841,831.0,-10.0,19.0,850.0,1148.0,6.0,1210,1154.0,-16.0,0,,0,149.0,143.0,118.0,888.0,0.0,0.0,0.0,0.0,0.0,0,0,OnTime_or_MinorDelay,8,12,Morning,1
2024,1,1,2024-01-01,9E,4900.0,JFK,"New York, NY",New York,SAV,"Savannah, GA",Georgia,840,835.0,-5.0,24.0,859.0,1052.0,4.0,1124,1056.0,-28.0,0,,0,164.0,141.0,113.0,718.0,0.0,0.0,0.0,0.0,0.0,0,0,OnTime_or_MinorDelay,8,11,Morning,1
2024,1,1,2024-01-01,9E,4900.0,SAV,"Savannah, GA",Georgia,JFK,"New York, NY",New York,1345,1335.0,-10.0,18.0,1353.0,1521.0,11.0,1602,1532.0,-30.0,0,,0,137.0,117.0,88.0,718.0,0.0,0.0,0.0,0.0,0.0,0,0,OnTime_or_MinorDelay,13,16,Afternoon,1
2024,1,1,2024-01-01,9E,4901.0,DTW,"Detroit, MI",Michigan,MKE,"Milwaukee, WI",Wisconsin,1555,1552.0,-3.0,19.0,1611.0,1553.0,6.0,1612,1559.0,-13.0,0,,0,77.0,67.0,42.0,237.0,0.0,0.0,0.0,0.0,0.0,0,0,OnTime_or_MinorDelay,15,16,Afternoon,1
2024,1,1,2024-01-01,9E,4902.0,BDL,"Hartford, CT",Connecticut,DTW,"Detroit, MI",Michigan,1302,1252.0,-10.0,14.0,1306.0,1428.0,14.0,1509,1442.0,-27.0,0,,0,127.0,110.0,82.0,549.0,0.0,0.0,0.0,0.0,0.0,0,0,OnTime_or_MinorDelay,13,15,Afternoon,1
2024,1,1,2024-01-01,9E,4902.0,DTW,"Detroit, MI",Michigan,BDL,"Hartford, CT",Connecticut,1022,1020.0,-2.0,15.0,1035.0,1152.0,4.0,1208,1156.0,-12.0,0,,0,106.0,96.0,77.0,549.0,0.0,0.0,0.0,0.0,0.0,0,0,OnTime_or_MinorDelay,10,12,Morning,1
2024,1,1,2024-01-01,9E,4903.0,IND,"Indianapolis, IN",Indiana,JFK,"New York, NY",New York,1405,1400.0,-5.0,11.0,1411.0,1556.0,8.0,1619,1604.0,-15.0,0,,0,134.0,124.0,105.0,665.0,0.0,0.0,0.0,0.0,0.0,0,0,OnTime_or_MinorDelay,14,16,Afternoon,1
2024,1,1,2024-01-01,9E,4904.0,JFK,"New York, NY",New York,MCI,"Kansas City, MO",Missouri,1750,1745.0,-5.0,30.0,1815.0,1938.0,7.0,2029,1945.0,-44.0,0,,0,219.0,180.0,143.0,1113.0,0.0,0.0,0.0,0.0,0.0,0,0,OnTime_or_MinorDelay,17,20,Evening,1
2024,1,1,2024-01-01,9E,4908.0,IAD,"Washington, DC",Virginia,MSP,"Minneapolis, MN",Minnesota,1815,1811.0,-4.0,15.0,1826.0,1932.0,27.0,2025,1959.0,-26.0,0,,0,190.0,168.0,126.0,908.0,0.0,0.0,0.0,0.0,0.0,0,0,OnTime_or_MinorDelay,18,20,Evening,1
2024,1,1,2024-01-01,9E,4909.0,DTW,"Detroit, MI",Michigan,PHL,"Philadelphia, PA",Pennsylvania,1508,1501.0,-7.0,11.0,1512.0,1625.0,5.0,1658,1630.0,-28.0,0,,0,110.0,89.0,73.0,453.0,0.0,0.0,0.0,0.0,0.0,0,0,OnTime_or_MinorDelay,15,16,Afternoon,1
2024,1,1,2024-01-01,9E,4909.0,PHL,"Philadelphia, PA",Pennsylvania,DTW,"Detroit, MI",Michigan,1743,1732.0,-11.0,13.0,1745.0,1855.0,5.0,1935,1900.0,-35.0,0,,0,112.0,88.0,70.0,453.0,0.0,0.0,0.0,0.0,0.0,0,0,OnTime_or_MinorDelay,17,19,Evening,1
2024,1,1,2024-01-01,9E,4910.0,ATL,"Atlanta, GA",Georgia,DHN,"Dothan, AL",Alabama,1355,1352.0,-3.0,17.0,1409.0,1343.0,5.0,1401,1348.0,-13.0,0,,0,66.0,56.0,34.0,170.0,0.0,0.0,0.0,0.0,0.0,0,0,OnTime_or_MinorDelay,13,14,Afternoon,1
2024,1,1,2024-01-01,9E,4910.0,DHN,"Dothan, AL",Alabama,ATL,"Atlanta, GA",Georgia,1446,1436.0,-10.0,19.0,1455.0,1631.0,5.0,1702,1636.0,-26.0,0,,0,76.0,60.0,36.0,170.0,0.0,0.0,0.0,0.0,0.0,0,0,OnTime_or_MinorDelay,14,17,Afternoon,1
2024,1,1,2024-01-01,9E,4911.0,BDL,"Hartford, CT",Connecticut,DTW,"Detroit, MI",Michigan,930,923.0,-7.0,18.0,941.0,1105.0,9.0,1139,1114.0,-25.0,0,,0,129.0,111.0,84.0,549.0,0.0,0.0,0.0,0.0,0.0,0,0,OnTime_or_MinorDelay,9,11,Morning,1
2024,1,1,2024-01-01,9E,4912.0,DHN,"Dothan, AL",Alabama,ATL,"Atlanta, GA",Georgia,648,642.0,-6.0,16.0,658.0,831.0,33.0,854,904.0,10.0,0,,0,66.0,82.0,33.0,170.0,0.0,0.0,0.0,0.0,0.0,0,0,OnTime_or_MinorDelay,6,8,Morning,1
2024,1,1,2024-01-01,9E,4913.0,BGR,"Bangor, ME",Maine,LGA,"New York, NY",New York,700,653.0,-7.0,14.0,707.0,810.0,9.0,855,819.0,-36.0,0,,0,115.0,86.0,63.0,378.0,0.0,0.0,0.0,0.0,0.0,0,0,OnTime_or_MinorDelay,7,8,Morning,1
2024,1,1,2024-01-01,9E,4917.0,LGA,"New York, NY",New York,RDU,"Raleigh/Durham, NC",North Carolina,1319,1314.0,-5.0,13.0,1327.0,1438.0,26.0,1515,1504.0,-11.0,0,,0,116.0,110.0,71.0,431.0,0.0,0.0,0.0,0.0,0.0,0,0,OnTime_or_MinorDelay,13,15,Afternoon,1
2024,1,1,2024-01-01,9E,4917.0,RDU,"Raleigh/Durham, NC",North Carolina,LGA,"New York, NY",New York,1600,1553.0,-7.0,11.0,1604.0,1703.0,14.0,1758,1717.0,-41.0,0,,0,118.0,84.0,59.0,431.0,0.0,0.0,0.0,0.0,0.0,0,0,OnTime_or_MinorDelay,16,17,Afternoon,1
2024,1,1,2024-01-01,9E,4918.0,EYW,"Key West, FL",Florida,ATL,"Atlanta, GA",Georgia,738,737.0,-1.0,16.0,753.0,940.0,9.0,1000,949.0,-11.0,0,,0,142.0,132.0,107.0,646.0,0.0,0.0,0.0,0.0,0.0,0,0,OnTime_or_MinorDelay,7,10,Morning,1
2024,1,1,2024-01-01,9E,4922.0,DTW,"Detroit, MI",Michigan,ATW,"Appleton, WI",Wisconsin,2040,2039.0,-1.0,13.0,2052.0,2046.0,3.0,2111,2049.0,-22.0,0,,0,91.0,70.0,54.0,296.0,0.0,0.0,0.0,0.0,0.0,0,0,OnTime_or_MinorDelay,20,21,Evening,1
2024,1,1,2024-01-01,9E,4923.0,ATL,"Atlanta, GA",Georgia,TYS,"Knoxville, TN",Tennessee,1345,1342.0,-3.0,13.0,1355.0,1426.0,6.0,1443,1432.0,-11.0,0,,0,58.0,50.0,31.0,152.0,0.0,0.0,0.0,0.0,0.0,0,0,OnTime_or_MinorDelay,13,14,Afternoon,1
2024,1,1,2024-01-01,9E,4923.0,TYS,"Knoxville, TN",Tennessee,ATL,"Atlanta, GA",Georgia,1528,1525.0,-3.0,11.0,1536.0,1609.0,8.0,1635,1617.0,-18.0,0,,0,67.0,52.0,33.0,152.0,0.0,0.0,0.0,0.0,0.0,0,0,OnTime_or_MinorDelay,15,16,Afternoon,1
2024,1,1,2024-01-01,9E,4927.0,GTR,"Columbus, MS",Mississippi,ATL,"Atlanta, GA",Georgia,610,605.0,-5.0,16.0,621.0,805.0,6.0,825,811.0,-14.0,0,,0,75.0,66.0,44.0,241.0,0.0,0.0,0.0,0.0,0.0,0,0,OnTime_or_MinorDelay,6,8,Morning,1
2024,1,1,2024-01-01,9E,4928.0,MSP,"Minneapolis, MN",Minnesota,IAD,"Washington, DC",Virginia,1020,1010.0,-10.0,18.0,1028.0,1332.0,5.0,1402,1337.0,-25.0,0,,0,162.0,147.0,124.0,908.0,0.0,0.0,0.0,0.0,0.0,0,0,OnTime_or_MinorDelay,10,14,Morning,1
2024,1,1,2024-01-01,9E,4929.0,JAX,"Jacksonville, FL",Florida,JFK,"New York, NY",New York,1225,1222.0,-3.0,16.0,1238.0,1426.0,13.0,1500,1439.0,-21.0,0,,0,155.0,137.0,108.0,828.0,0.0,0.0,0.0,0.0,0.0,0,0,OnTime_or_MinorDelay,12,15,Afternoon,1
2024,1,1,2024-01-01,9E,4929.0,JFK,"New York, NY",New York,JAX,"Jacksonville, FL",Florida,840,837.0,-3.0,23.0,900.0,1107.0,3.0,1140,1110.0,-30.0,0,,0,180.0,153.0,127.0,828.0,0.0,0.0,0.0,0.0,0.0,0,0,OnTime_or_MinorDelay,8,11,Morning,1
2024,1,1,2024-01-01,9E,4930.0,ATL,"Atlanta, GA",Georgia,XNA,"Fayetteville, AR",Arkansas,2100,2046.0,-14.0,38.0,2124.0,2152.0,6.0,2204,2158.0,-6.0,0,,0,124.0,132.0,88.0,589.0,0.0,0.0,0.0,0.0,0.0,0,0,OnTime_or_MinorDelay,21,22,Evening,1
2024,1,1,2024-01-01,9E,4931.0,LGA,"New York, NY",New York,PNS,"Pensacola, FL",Florida,1045,1036.0,-9.0,18.0,1054.0,1226.0,5.0,1302,1231.0,-31.0,0,,0,197.0,175.0,152.0,1030.0,0.0,0.0,0.0,0.0,0.0,0,0,OnTime_or_MinorDelay,10,13,Morning,1
2024,1,1,2024-01-01,9E,4931.0,PNS,"Pensacola, FL",Florida,LGA,"New York, NY",New York,1350,1349.0,-1.0,10.0,1359.0,1659.0,5.0,1721,1704.0,-17.0,0,,0,151.0,135.0,120.0,1030.0,0.0,0.0,0.0,0.0,0.0,0,0,OnTime_or_MinorDelay,13,17,Afternoon,1
2024,1,1,2024-01-01,9E,4932.0,CLT,"Charlotte, NC",North Carolina,JFK,"New York, NY",New York,1639,1937.0,178.0,26.0,2003.0,2122.0,5.0,1845,2127.0,162.0,0,,0,126.0,110.0,79.0,541.0,162.0,0.0,0.0,0.0,0.0,1,1,Carrier,16,18,Afternoon,1
2024,1,1,2024-01-01,9E,4933.0,ATL,"Atlanta, GA",Georgia,TYS,"Knoxville, TN",Tennessee,900,856.0,-4.0,11.0,907.0,937.0,4.0,1002,941.0,-21.0,0,,0,62.0,45.0,30.0,152.0,0.0,0.0,0.0,0.0,0.0,0,0,OnTime_or_MinorDelay,9,10,Morning,1
2024,1,1,2024-01-01,9E,4933.0,TYS,"Knoxville, TN",Tennessee,ATL,"Atlanta, GA",Georgia,1047,1038.0,-9.0,20.0,1058.0,1129.0,7.0,1153,1136.0,-17.0,0,,0,66.0,58.0,31.0,152.0,0.0,0.0,0.0,0.0,0.0,0,0,OnTime_or_MinorDelay,10,11,Morning,1
2024,1,1,2024-01-01,9E,4934.0,MSP,"Minneapolis, MN",Minnesota,CWA,"Mosinee, WI",Wisconsin,1950,1945.0,-5.0,42.0,2027.0,2107.0,3.0,2113,2110.0,-3.0,0,,0,83.0,85.0,40.0,175.0,0.0,0.0,0.0,0.0,0.0,0,0,OnTime_or_MinorDelay,19,21,Evening,1
2024,1,1,2024-01-01,9E,4935.0,ATL,"Atlanta, GA",Georgia,ILM,"Wilmington, NC",North Carolina,900,911.0,11.0,14.0,925.0,1019.0,3.0,1026,1022.0,-4.0,0,,0,86.0,71.0,54.0,377.0,0.0,0.0,0.0,0.0,0.0,0,0,OnTime_or_MinorDelay,9,10,Morning,1
2024,1,1,2024-01-01,9E,4935.0,ILM,"Wilmington, NC",North Carolina,ATL,"Atlanta, GA",Georgia,1111,1106.0,-5.0,9.0,1115.0,1224.0,5.0,1252,1229.0,-23.0,0,,0,101.0,83.0,69.0,377.0,0.0,0.0,0.0,0.0,0.0,0,0,OnTime_or_MinorDelay,11,12,Morning,1
2024,1,1,2024-01-01,9E,4938.0,LGA,"New York, NY",New York,BHM,"Birmingham, AL",Alabama,1449,1439.0,-10.0,15.0,1454.0,1559.0,3.0,1646,1602.0,-44.0,0,,0,177.0,143.0,125.0,866.0,0.0,0.0,0.0,0.0,0.0,0,0,OnTime_or_MinorDelay,14,16,Afternoon,1
2024,1,1,2024-01-01,9E,4939.0,MCI,"Kansas City, MO",Missouri,JFK,"New York, NY",New York,1000,951.0,-9.0,30.0,1021.0,1359.0,8.0,1355,1407.0,12.0,0,,0,175.0,196.0,158.0,1113.0,0.0,0.0,0.0,0.0,0.0,0,0,OnTime_or_MinorDelay,10,13,Morning,1
2024,1,1,2024-01-01,9E,4940.0,LGA,"New York, NY",New York,BGR,"Bangor, ME",Maine,1950,1936.0,-14.0,16.0,1952.0,2052.0,4.0,2131,2056.0,-35.0,0,,0,101.0,80.0,60.0,378.0,0.0,0.0,0.0,0.0,0.0,0,0,OnTime_or_MinorDelay,19,21,Evening,1
2024,1,1,2024-01-01,9E,4945.0,ATL,"Atlanta, GA",Georgia,FAY,"Fayetteville, NC",North Carolina,1342,1341.0,-1.0,14.0,1355.0,1442.0,7.0,1458,1449.0,-9.0,0,,0,76.0,68.0,47.0,331.0,0.0,0.0,0.0,0.0,0.0,0,0,OnTime_or_MinorDelay,13,14,Afternoon,1
2024,1,1,2024-01-01,9E,4945.0,FAY,"Fayetteville, NC",North Carolina,ATL,"Atlanta, GA",Georgia,1543,1537.0,-6.0,12.0,1549.0,1653.0,6.0,1720,1659.0,-21.0,0,,0,97.0,82.0,64.0,331.0,0.0,0.0,0.0,0.0,0.0,0,0,OnTime_or_MinorDelay,15,17,Afternoon,1
2024,1,1,2024-01-01,9E,4946.0,SYR,"Syracuse, NY",New York,JFK,"New York, NY",New York,1345,1343.0,-2.0,13.0,1356.0,1444.0,18.0,1529,1502.0,-27.0,0,,0,104.0,79.0,48.0,209.0,0.0,0.0,0.0,0.0,0.0,0,0,OnTime_or_MinorDelay,13,15,Afternoon,1
2024,1,1,2024-01-01,9E,4947.0,ATL,"Atlanta, GA",Georgia,EYW,"Key West, FL",Florida,1740,1728.0,-12.0,15.0,1743.0,1920.0,2.0,1938,1922.0,-16.0,0,,0,118.0,114.0,97.0,646.0,0.0,0.0,0.0,0.0,0.0,0,0,OnTime_or_MinorDelay,17,19,Evening,1
2024,1,1,2024-01-01,9E,4948.0,SAV,"Savannah, GA",Georgia,JFK,"New York, NY",New York,920,916.0,-4.0,15.0,931.0,1101.0,7.0,1136,1108.0,-28.0,0,,0,136.0,112.0,90.0,718.0,0.0,0.0,0.0,0.0,0.0,0,0,OnTime_or_MinorDelay,9,11,Morning,1
2024,1,1,2024-01-01,9E,4949.0,ATL,"Atlanta, GA",Georgia,TUL,"Tulsa, OK",Oklahoma,920,918.0,-2.0,24.0,942.0,1029.0,6.0,1035,1035.0,0.0,0,,0,135.0,137.0,107.0,674.0,0.0,0.0,0.0,0.0,0.0,0,0,OnTime_or_MinorDelay,9,10,Morning,1
2024,1,1,2024-01-01,9E,4949.0,TUL,"Tulsa, OK",Oklahoma,ATL,"Atlanta, GA",Georgia,1124,1114.0,-10.0,16.0,1130.0,1355.0,4.0,1419,1359.0,-20.0,0,,0,115.0,105.0,85.0,674.0,0.0,0.0,0.0,0.0,0.0,0,0,OnTime_or_MinorDelay,11,14,Morning,1
2024,1,1,2024-01-01,9E,4950.0,ATL,"Atlanta, GA",Georgia,MLI,"Moline, IL",Illinois,2121,2108.0,-13.0,19.0,2127.0,2153.0,4.0,2225,2157.0,-28.0,0,,0,124.0,109.0,86.0,633.0,0.0,0.0,0.0,0.0,0.0,0,0,OnTime_or_MinorDelay,21,22,Evening,1
2024,1,1,2024-01-01,9E,4953.0,ATL,"Atlanta, GA",Georgia,GTR,"Columbus, MS",Mississippi,1345,1339.0,-6.0,13.0,1352.0,1341.0,2.0,1356,1343.0,-13.0,0,,0,71.0,64.0,49.0,241.0,0.0,0.0,0.0,0.0,0.0,0,0,OnTime_or_MinorDelay,13,13,Afternoon,1
2024,1,1,2024-01-01,9E,4953.0,GTR,"Columbus, MS",Mississippi,ATL,"Atlanta, GA",Georgia,1441,1437.0,-4.0,10.0,1447.0,1627.0,7.0,1709,1634.0,-35.0,0,,0,88.0,57.0,40.0,241.0,0.0,0.0,0.0,0.0,0.0,0,0,OnTime_or_MinorDelay,14,17,Afternoon,1
2024,1,1,2024-01-01,9E,4954.0,ATL,"Atlanta, GA",Georgia,CRW,"Charleston/Dunbar, WV",West Virginia,2105,2056.0,-9.0,15.0,2111.0,2216.0,9.0,2229,2225.0,-4.0,0,,0,84.0,89.0,65.0,363.0,0.0,0.0,0.0,0.0,0.0,0,0,OnTime_or_MinorDelay,21,22,Evening,1
2024,1,1,2024-01-01,9E,4955.0,IND,"Indianapolis, IN",Indiana,DTW,"Detroit, MI",Michigan,1240,1235.0,-5.0,16.0,1251.0,1337.0,12.0,1358,1349.0,-9.0,0,,0,78.0,74.0,46.0,231.0,0.0,0.0,0.0,0.0,0.0,0,0,OnTime_or_MinorDelay,12,13,Afternoon,1
2024,1,1,2024-01-01,9E,4956.0,ATL,"Atlanta, GA",Georgia,MLU,"Monroe, LA",Louisiana,1355,1350.0,-5.0,16.0,1406.0,1419.0,4.0,1444,1423.0,-21.0,0,,0,109.0,93.0,73.0,448.0,0.0,0.0,0.0,0.0,0.0,0,0,OnTime_or_MinorDelay,13,14,Afternoon,1
2024,1,1,2024-01-01,9E,4956.0,MLU,"Monroe, LA",Louisiana,ATL,"Atlanta, GA",Georgia,1529,1517.0,-12.0,12.0,1529.0,1730.0,6.0,1809,1736.0,-33.0,0,,0,100.0,79.0,61.0,448.0,0.0,0.0,0.0,0.0,0.0,0,0,OnTime_or_MinorDelay,15,18,Afternoon,1
2024,1,1,2024-01-01,9E,4957.0,MSP,"Minneapolis, MN",Minnesota,RST,"Rochester, MN",Minnesota,1316,1311.0,-5.0,22.0,1333.0,1356.0,4.0,1409,1400.0,-9.0,0,,0,53.0,49.0,23.0,76.0,0.0,0.0,0.0,0.0,0.0,0,0,OnTime_or_MinorDelay,13,14,Afternoon,1
2024,1,1,2024-01-01,9E,4957.0,RST,"Rochester, MN",Minnesota,MSP,"Minneapolis, MN",Minnesota,1500,1450.0,-10.0,10.0,1500.0,1525.0,8.0,1602,1533.0,-29.0,0,,0,62.0,43.0,25.0,76.0,0.0,0.0,0.0,0.0,0.0,0,0,OnTime_or_MinorDelay,15,16,Afternoon,1
2024,1,1,2024-01-01,9E,4958.0,ATL,"Atlanta, GA",Georgia,MLI,"Moline, IL",Illinois,1510,1505.0,-5.0,16.0,1521.0,1556.0,14.0,1616,1610.0,-6.0,0,,0,126.0,125.0,95.0,633.0,0.0,0.0,0.0,0.0,0.0,0,0,OnTime_or_MinorDelay,15,16,Afternoon,1
2024,1,1,2024-01-01,9E,4958.0,MLI,"Moline, IL",Illinois,ATL,"Atlanta, GA",Georgia,1701,1651.0,-10.0,12.0,1703.0,1925.0,8.0,2008,1933.0,-35.0,0,,0,127.0,102.0,82.0,633.0,0.0,0.0,0.0,0.0,0.0,0,0,OnTime_or_MinorDelay,17,20,Evening,1
2024,1,1,2024-01-01,9E,4959.0,DTW,"Detroit, MI",Michigan,LEX,"Lexington, KY",Kentucky,1550,1551.0,1.0,20.0,1611.0,1656.0,6.0,1710,1702.0,-8.0,0,,0,80.0,71.0,45.0,296.0,0.0,0.0,0.0,0.0,0.0,0,0,OnTime_or_MinorDelay,15,17,Afternoon,1
2024,1,1,2024-01-01,9E,4961.0,RDU,"Raleigh/Durham, NC",North Carolina,JFK,"New York, NY",New York,1635,1635.0,0.0,16.0,1651.0,1755.0,7.0,1843,1802.0,-41.0,0,,0,128.0,87.0,64.0,427.0,0.0,0.0,0.0,0.0,0.0,0,0,OnTime_or_MinorDelay,16,18,Afternoon,1
2024,1,1,2024-01-01,9E,4962.0,JFK,"New York, NY",New York,RDU,"Raleigh/Durham, NC",North Carolina,1630,1630.0,0.0,17.0,1647.0,1805.0,13.0,1829,1818.0,-11.0,0,,0,119.0,108.0,78.0,427.0,0.0,0.0,0.0,0.0,0.0,0,0,OnTime_or_MinorDelay,16,18,Afternoon,1
2024,1,1,2024-01-01,9E,4963.0,ATL,"Atlanta, GA",Georgia,DAY,"Dayton, OH",Ohio,955,952.0,-3.0,13.0,1005.0,1111.0,5.0,1132,1116.0,-16.0,0,,0,97.0,84.0,66.0,432.0,0.0,0.0,0.0,0.0,0.0,0,0,OnTime_or_MinorDelay,9,11,Morning,1
2024,1,1,2024-01-01,9E,4963.0,DAY,"Dayton, OH",Ohio,ATL,"Atlanta, GA",Georgia,1219,1210.0,-9.0,14.0,1224.0,1336.0,6.0,1411,1342.0,-29.0,0,,0,112.0,92.0,72.0,432.0,0.0,0.0,0.0,0.0,0.0,0,0,OnTime_or_MinorDelay,12,14,Afternoon,1
2024,1,1,2024-01-01,9E,4964.0,LGA,"New York, NY",New York,PWM,"Portland, ME",Maine,1515,1511.0,-4.0,16.0,1527.0,1625.0,5.0,1647,1630.0,-17.0,0,,0,92.0,79.0,58.0,269.0,0.0,0.0,0.0,0.0,0.0,0,0,OnTime_or_MinorDelay,15,16,Afternoon,1
2024,1,1,2024-01-01,9E,4966.0,JFK,"New York, NY",New York,SAV,"Savannah, GA",Georgia,1700,1729.0,29.0,32.0,1801.0,1951.0,5.0,1938,1956.0,18.0,0,,0,158.0,147.0,110.0,718.0,0.0,0.0,0.0,0.0,18.0,1,5,LateAircraft,17,19,Evening,1
2024,1,1,2024-01-01,9E,4968.0,ATL,"Atlanta, GA",Georgia,CLT,"Charlotte, NC",North Carolina,940,939.0,-1.0,16.0,955.0,1033.0,7.0,1053,1040.0,-13.0,0,,0,73.0,61.0,38.0,226.0,0.0,0.0,0.0,0.0,0.0,0,0,OnTime_or_MinorDelay,9,10,Morning,1
2024,1,1,2024-01-01,9E,4968.0,CLT,"Charlotte, NC",North Carolina,ATL,"Atlanta, GA",Georgia,1139,1137.0,-2.0,20.0,1157.0,1240.0,6.0,1305,1246.0,-19.0,0,,0,86.0,69.0,43.0,226.0,0.0,0.0,0.0,0.0,0.0,0,0,OnTime_or_MinorDelay,11,13,Morning,1
2024,1,1,2024-01-01,9E,4969.0,IND,"Indianapolis, IN",Indiana,LGA,"New York, NY",New York,745,740.0,-5.0,21.0,801.0,939.0,7.0,955,946.0,-9.0,0,,0,130.0,126.0,98.0,660.0,0.0,0.0,0.0,0.0,0.0,0,0,OnTime_or_MinorDelay,7,9,Morning,1
2024,1,1,2024-01-01,9E,4970.0,ROC,"Rochester, NY",New York,JFK,"New York, NY",New York,1400,1358.0,-2.0,27.0,1425.0,1521.0,8.0,1539,1529.0,-10.0,0,,0,99.0,91.0,56.0,264.0,0.0,0.0,0.0,0.0,0.0,0,0,OnTime_or_MinorDelay,14,15,Afternoon,1
2024,1,1,2024-01-01,9E,4972.0,MCI,"Kansas City, MO",Missouri,DTW,"Detroit, MI",Michigan,1623,1621.0,-2.0,15.0,1636.0,1908.0,9.0,1918,1917.0,-1.0,0,,0,115.0,116.0,92.0,629.0,0.0,0.0,0.0,0.0,0.0,0,0,OnTime_or_MinorDelay,16,19,Afternoon,1
2024,1,1,2024-01-01,9E,4975.0,LGA,"New York, NY",New York,CHS,"Charleston, SC",South Carolina,1547,1546.0,-1.0,16.0,1602.0,1740.0,5.0,1814,1745.0,-29.0,0,,0,147.0,119.0,98.0,641.0,0.0,0.0,0.0,0.0,0.0,0,0,OnTime_or_MinorDelay,15,18,Afternoon,1
2024,1,1,2024-01-01,9E,4976.0,DTW,"Detroit, MI",Michigan,PVD,"Providence, RI",Rhode Island,1431,1428.0,-3.0,10.0,1438.0,1605.0,3.0,1623,1608.0,-15.0,0,,0,112.0,100.0,87.0,615.0,0.0,0.0,0.0,0.0,0.0,0,0,OnTime_or_MinorDelay,14,16,Afternoon,1
2024,1,1,2024-01-01,9E,4976.0,PVD,"Providence, RI",Rhode Island,DTW,"Detroit, MI",Michigan,1708,1703.0,-5.0,18.0,1721.0,1846.0,6.0,1925,1852.0,-33.0,0,,0,137.0,109.0,85.0,615.0,0.0,0.0,0.0,0.0,0.0,0,0,OnTime_or_MinorDelay,17,19,Evening,1
2024,1,1,2024-01-01,9E,4980.0,LEX,"Lexington, KY",Kentucky,DTW,"Detroit, MI",Michigan,613,602.0,-11.0,15.0,617.0,711.0,7.0,750,718.0,-32.0,0,,0,97.0,76.0,54.0,296.0,0.0,0.0,0.0,0.0,0.0,0,0,OnTime_or_MinorDelay,6,7,Morning,1
2024,1,1,2024-01-01,9E,4981.0,LGA,"New York, NY",New York,RDU,"Raleigh/Durham, NC",North Carolina,827,821.0,-6.0,21.0,842.0,1002.0,4.0,1028,1006.0,-22.0,0,,0,121.0,105.0,80.0,431.0,0.0,0.0,0.0,0.0,0.0,0,0,OnTime_or_MinorDelay,8,10,Morning,1
2024,1,1,2024-01-01,9E,4981.0,RDU,"Raleigh/Durham, NC",North Carolina,LGA,"New York, NY",New York,1113,1108.0,-5.0,26.0,1134.0,1235.0,5.0,1259,1240.0,-19.0,0,,0,106.0,92.0,61.0,431.0,0.0,0.0,0.0,0.0,0.0,0,0,OnTime_or_MinorDelay,11,12,Morning,1
2024,1,1,2024-01-01,9E,4983.0,AEX,"Alexandria, LA",Louisiana,ATL,"Atlanta, GA",Georgia,1631,1620.0,-11.0,16.0,1636.0,1845.0,6.0,1917,1851.0,-26.0,0,,0,106.0,91.0,69.0,500.0,0.0,0.0,0.0,0.0,0.0,0,0,OnTime_or_MinorDelay,16,19,Afternoon,1
2024,1,1,2024-01-01,9E,4983.0,ATL,"Atlanta, GA",Georgia,AEX,"Alexandria, LA",Louisiana,1453,1446.0,-7.0,23.0,1509.0,1535.0,3.0,1546,1538.0,-8.0,0,,0,113.0,112.0,86.0,500.0,0.0,0.0,0.0,0.0,0.0,0,0,OnTime_or_MinorDelay,14,15,Afternoon,1
2024,1,1,2024-01-01,9E,4984.0,MSP,"Minneapolis, MN",Minnesota,STL,"St. Louis, MO",Missouri,1520,1516.0,-4.0,23.0,1539.0,1647.0,6.0,1707,1653.0,-14.0,0,,0,107.0,97.0,68.0,448.0,0.0,0.0,0.0,0.0,0.0,0,0,OnTime_or_MinorDelay,15,17,Afternoon,1
2024,1,1,2024-01-01,9E,4984.0,STL,"St. Louis, MO",Missouri,MSP,"Minneapolis, MN",Minnesota,1757,1815.0,18.0,12.0,1827.0,1936.0,25.0,1935,2001.0,26.0,0,,0,98.0,106.0,69.0,448.0,18.0,0.0,8.0,0.0,0.0,1,1,Carrier,17,19,Evening,1
2024,1,1,2024-01-01,9E,4986.0,BNA,"Nashville, TN",Tennessee,JFK,"New York, NY",New York,915,907.0,-8.0,15.0,922.0,1220.0,8.0,1251,1228.0,-23.0,0,,0,156.0,141.0,118.0,765.0,0.0,0.0,0.0,0.0,0.0,0,0,OnTime_or_MinorDelay,9,12,Morning,1
2024,1,1,2024-01-01,9E,4987.0,ATL,"Atlanta, GA",Georgia,MDT,"Harrisburg, PA",Pennsylvania,1140,1138.0,-2.0,12.0,1150.0,1321.0,4.0,1326,1325.0,-1.0,0,,0,106.0,107.0,91.0,620.0,0.0,0.0,0.0,0.0,0.0,0,0,OnTime_or_MinorDelay,11,13,Morning,1
2024,1,1,2024-01-01,9E,4987.0,MDT,"Harrisburg, PA",Pennsylvania,ATL,"Atlanta, GA",Georgia,1423,1418.0,-5.0,15.0,1433.0,1602.0,5.0,1638,1607.0,-31.0,0,,0,135.0,109.0,89.0,620.0,0.0,0.0,0.0,0.0,0.0,0,0,OnTime_or_MinorDelay,14,16,Afternoon,1
2024,1,1,2024-01-01,9E,4988.0,JFK,"New York, NY",New York,SYR,"Syracuse, NY",New York,1940,1934.0,-6.0,30.0,2004.0,2047.0,7.0,2125,2054.0,-31.0,0,,0,105.0,80.0,43.0,209.0,0.0,0.0,0.0,0.0,0.0,0,0,OnTime_or_MinorDelay,19,21,Evening,1
2024,1,1,2024-01-01,9E,4991.0,DTW,"Detroit, MI",Michigan,MCI,"Kansas City, MO",Missouri,1645,1704.0,19.0,26.0,1730.0,1755.0,8.0,1802,1803.0,1.0,0,,0,137.0,119.0,85.0,629.0,0.0,0.0,0.0,0.0,0.0,0,0,OnTime_or_MinorDelay,16,18,Afternoon,1
2024,1,1,2024-01-01,9E,4994.0,LGA,"New York, NY",New York,MYR,"Myrtle Beach, SC",South Carolina,1040,1104.0,24.0,17.0,1121.0,1250.0,4.0,1249,1254.0,5.0,0,,0,129.0,110.0,89.0,563.0,0.0,0.0,0.0,0.0,0.0,0,0,OnTime_or_MinorDelay,10,12,Morning,1
2024,1,1,2024-01-01,9E,4994.0,MYR,"Myrtle Beach, SC",South Carolina,LGA,"New York, NY",New York,1435,1430.0,-5.0,13.0,1443.0,1557.0,4.0,1625,1601.0,-24.0,0,,0,110.0,91.0,74.0,563.0,0.0,0.0,0.0,0.0,0.0,0,0,OnTime_or_MinorDelay,14,16,Afternoon,1
2024,1,1,2024-01-01,9E,4996.0,DTW,"Detroit, MI",Michigan,MQT,"Marquette, MI",Michigan,1215,1210.0,-5.0,19.0,1229.0,1328.0,6.0,1351,1334.0,-17.0,0,,0,96.0,84.0,59.0,349.0,0.0,0.0,0.0,0.0,0.0,0,0,OnTime_or_MinorDelay,12,13,Afternoon,1
2024,1,1,2024-01-01,9E,4996.0,MQT,"Marquette, MI",Michigan,DTW,"Detroit, MI",Michigan,1436,1431.0,-5.0,25.0,1456.0,1549.0,17.0,1603,1606.0,3.0,0,,0,87.0,95.0,53.0,349.0,0.0,0.0,0.0,0.0,0.0,0,0,OnTime_or_MinorDelay,14,16,Afternoon,1
2024,1,1,2024-01-01,9E,4997.0,LGA,"New York, NY",New York,PVD,"Providence, RI",Rhode Island,1815,1810.0,-5.0,17.0,1827.0,1855.0,4.0,1928,1859.0,-29.0,0,,0,73.0,49.0,28.0,143.0,0.0,0.0,0.0,0.0,0.0,0,0,OnTime_or_MinorDelay,18,19,Evening,1
2024,1,1,2024-01-01,9E,4998.0,DSM,"Des Moines, IA",Iowa,MSP,"Minneapolis, MN",Minnesota,1224,1219.0,-5.0,10.0,1229.0,1311.0,14.0,1347,1325.0,-22.0,0,,0,83.0,66.0,42.0,232.0,0.0,0.0,0.0,0.0,0.0,0,0,OnTime_or_MinorDelay,12,13,Afternoon,1
2024,1,1,2024-01-01,9E,4998.0,MSP,"Minneapolis, MN",Minnesota,DSM,"Des Moines, IA",Iowa,1005,955.0,-10.0,19.0,1014.0,1056.0,4.0,1138,1100.0,-38.0,0,,0,93.0,65.0,42.0,232.0,0.0,0.0,0.0,0.0,0.0,0,0,OnTime_or_MinorDelay,10,11,Morning,1
2024,1,1,2024-01-01,9E,4999.0,OAJ,"Jacksonville/Camp Lejeune, NC",North Carolina,ATL,"Atlanta, GA",Georgia,600,555.0,-5.0,24.0,619.0,732.0,6.0,758,738.0,-20.0,0,,0,118.0,103.0,73.0,399.0,0.0,0.0,0.0,0.0,0.0,0,0,OnTime_or_MinorDelay,6,7,Morning,1
2024,1,1,2024-01-01,9E,5001.0,JFK,"New York, NY",New York,IND,"Indianapolis, IN",Indiana,1700,1655.0,-5.0,25.0,1720.0,1849.0,5.0,1928,1854.0,-34.0,0,,0,148.0,119.0,89.0,665.0,0.0,0.0,0.0,0.0,0.0,0,0,OnTime_or_MinorDelay,17,19,Evening,1
2024,1,1,2024-01-01,9E,5003.0,ATL,"Atlanta, GA",Georgia,CHO,"Charlottesville, VA",Virginia,1300,1255.0,-5.0,15.0,1310.0,1413.0,4.0,1426,1417.0,-9.0,0,,0,86.0,82.0,63.0,457.0,0.0,0.0,0.0,0.0,0.0,0,0,OnTime_or_MinorDelay,13,14,Afternoon,1
2024,1,1,2024-01-01,9E,5003.0,CHO,"Charlottesville, VA",Virginia,ATL,"Atlanta, GA",Georgia,1511,1504.0,-7.0,13.0,1517.0,1629.0,7.0,1654,1636.0,-18.0,0,,0,103.0,92.0,72.0,457.0,0.0,0.0,0.0,0.0,0.0,0,0,OnTime_or_MinorDelay,15,16,Afternoon,1
2024,1,1,2024-01-01,9E,5004.0,ATL,"Atlanta, GA",Georgia,AEX,"Alexandria, LA",Louisiana,2000,1951.0,-9.0,14.0,2005.0,2025.0,4.0,2055,2029.0,-26.0,0,,0,115.0,98.0,80.0,500.0,0.0,0.0,0.0,0.0,0.0,0,0,OnTime_or_MinorDelay,20,20,Evening,1
2024,1,1,2024-01-01,9E,5007.0,BHM,"Birmingham, AL",Alabama,LGA,"New York, NY",New York,1000,949.0,-11.0,18.0,1007.0,1250.0,7.0,1328,1257.0,-31.0,0,,0,148.0,128.0,103.0,866.0,0.0,0.0,0.0,0.0,0.0,0,0,OnTime_or_MinorDelay,10,13,Morning,1
2024,1,1,2024-01-01,9E,5008.0,ATL,"Atlanta, GA",Georgia,SGF,"Springfield, MO",Missouri,2105,2055.0,-10.0,16.0,2111.0,2139.0,17.0,2205,2156.0,-9.0,0,,0,120.0,121.0,88.0,563.0,0.0,0.0,0.0,0.0,0.0,0,0,OnTime_or_MinorDelay,21,22,Evening,1
2024,1,1,2024-01-01,9E,5009.0,ATL,"Atlanta, GA",Georgia,DHN,"Dothan, AL",Alabama,2110,2101.0,-9.0,17.0,2118.0,2051.0,4.0,2116,2055.0,-21.0,0,,0,66.0,54.0,33.0,170.0,0.0,0.0,0.0,0.0,0.0,0,0,OnTime_or_MinorDelay,21,21,Evening,1
2024,1,1,2024-01-01,9E,5014.0,ATL,"Atlanta, GA",Georgia,ICT,"Wichita, KS",Kansas,1115,1107.0,-8.0,18.0,1125.0,1219.0,5.0,1247,1224.0,-23.0,0,,0,152.0,137.0,114.0,782.0,0.0,0.0,0.0,0.0,0.0,0,0,OnTime_or_MinorDelay,11,12,Morning,1
2024,1,1,2024-01-01,9E,5014.0,ICT,"Wichita, KS",Kansas,ATL,"Atlanta, GA",Georgia,1337,1332.0,-5.0,13.0,1345.0,1619.0,8.0,1642,1627.0,-15.0,0,,0,125.0,115.0,94.0,782.0,0.0,0.0,0.0,0.0,0.0,0,0,OnTime_or_MinorDelay,13,16,Afternoon,1
2024,1,1,2024-01-01,9E,5015.0,AEX,"Alexandria, LA",Louisiana,ATL,"Atlanta, GA",Georgia,600,555.0,-5.0,10.0,605.0,813.0,8.0,850,821.0,-29.0,0,,0,110.0,86.0,68.0,500.0,0.0,0.0,0.0,0.0,0.0,0,0,OnTime_or_MinorDelay,6,8,Morning,1
2024,1,1,2024-01-01,9E,5020.0,DTW,"Detroit, MI",Michigan,MEM,"Memphis, TN",Tennessee,1650,1645.0,-5.0,28.0,1713.0,1736.0,3.0,1754,1739.0,-15.0,0,,0,124.0,114.0,83.0,610.0,0.0,0.0,0.0,0.0,0.0,0,0,OnTime_or_MinorDelay,16,17,Afternoon,1
2024,1,1,2024-01-01,9E,5022.0,MLI,"Moline, IL",Illinois,ATL,"Atlanta, GA",Georgia,557,555.0,-2.0,11.0,606.0,833.0,42.0,905,915.0,10.0,0,,0,128.0,140.0,87.0,633.0,0.0,0.0,0.0,0.0,0.0,0,0,OnTime_or_MinorDelay,5,9,Morning,1
2024,1,1,2024-01-01,9E,5024.0,SDF,"Louisville, KY",Kentucky,DTW,"Detroit, MI",Michigan,730,720.0,-10.0,16.0,736.0,828.0,11.0,906,839.0,-27.0,0,,0,96.0,79.0,52.0,306.0,0.0,0.0,0.0,0.0,0.0,0,0,OnTime_or_MinorDelay,7,9,Morning,1
2024,1,1,2024-01-01,9E,5025.0,ATW,"Appleton, WI",Wisconsin,ATL,"Atlanta, GA",Georgia,520,518.0,-2.0,30.0,548.0,832.0,4.0,854,836.0,-18.0,0,,0,154.0,138.0,104.0,765.0,0.0,0.0,0.0,0.0,0.0,0,0,OnTime_or_MinorDelay,5,8,Morning,1
2024,1,1,2024-01-01,9E,5026.0,DTW,"Detroit, MI",Michigan,PWM,"Portland, ME",Maine,1010,1007.0,-3.0,19.0,1026.0,1159.0,3.0,1203,1202.0,-1.0,0,,0,113.0,115.0,93.0,668.0,0.0,0.0,0.0,0.0,0.0,0,0,OnTime_or_MinorDelay,10,12,Morning,1
2024,1,1,2024-01-01,9E,5026.0,PWM,"Portland, ME",Maine,DTW,"Detroit, MI",Michigan,1248,1247.0,-1.0,11.0,1258.0,1438.0,7.0,1504,1445.0,-19.0,0,,0,136.0,118.0,100.0,668.0,0.0,0.0,0.0,0.0,0.0,0,0,OnTime_or_MinorDelay,12,15,Afternoon,1
2024,1,1,2024-01-01,9E,5027.0,DSM,"Des Moines, IA",Iowa,LGA,"New York, NY",New York,1605,1555.0,-10.0,12.0,1607.0,1926.0,4.0,1954,1930.0,-24.0,0,,0,169.0,155.0,139.0,1031.0,0.0,0.0,0.0,0.0,0.0,0,0,OnTime_or_MinorDelay,16,19,Afternoon,1
2024,1,1,2024-01-01,9E,5027.0,LGA,"New York, NY",New York,DSM,"Des Moines, IA",Iowa,1300,1303.0,3.0,22.0,1325.0,1438.0,3.0,1520,1441.0,-39.0,0,,0,200.0,158.0,133.0,1031.0,0.0,0.0,0.0,0.0,0.0,0,0,OnTime_or_MinorDelay,13,15,Afternoon,1
2024,1,1,2024-01-01,9E,5035.0,ATL,"Atlanta, GA",Georgia,JAN,"Jackson/Vicksburg, MS",Mississippi,825,821.0,-4.0,15.0,836.0,839.0,8.0,856,847.0,-9.0,0,,0,91.0,86.0,63.0,341.0,0.0,0.0,0.0,0.0,0.0,0,0,OnTime_or_MinorDelay,8,8,Morning,1
2024,1,1,2024-01-01,9E,5035.0,JAN,"Jackson/Vicksburg, MS",Mississippi,ATL,"Atlanta, GA",Georgia,941,936.0,-5.0,12.0,948.0,1137.0,8.0,1201,1145.0,-16.0,0,,0,80.0,69.0,49.0,341.0,0.0,0.0,0.0,0.0,0.0,0,0,OnTime_or_MinorDelay,9,12,Morning,1
2024,1,1,2024-01-01,9E,5038.0,DTW,"Detroit, MI",Michigan,SDF,"Louisville, KY",Kentucky,1550,1551.0,1.0,17.0,1608.0,1657.0,5.0,1712,1702.0,-10.0,0,,0,82.0,71.0,49.0,306.0,0.0,0.0,0.0,0.0,0.0,0,0,OnTime_or_MinorDelay,15,17,Afternoon,1
2024,1,1,2024-01-01,9E,5038.0,SDF,"Louisville, KY",Kentucky,DTW,"Detroit, MI",Michigan,1757,1749.0,-8.0,15.0,1804.0,1901.0,8.0,1925,1909.0,-16.0,0,,0,88.0,80.0,57.0,306.0,0.0,0.0,0.0,0.0,0.0,0,0,OnTime_or_MinorDelay,17,19,Evening,1
2024,1,1,2024-01-01,9E,5039.0,ATL,"Atlanta, GA",Georgia,CHA,"Chattanooga, TN",Tennessee,902,858.0,-4.0,19.0,917.0,941.0,3.0,957,944.0,-13.0,0,,0,55.0,46.0,24.0,106.0,0.0,0.0,0.0,0.0,0.0,0,0,OnTime_or_MinorDelay,9,9,Morning,1
2024,1,1,2024-01-01,9E,5039.0,CHA,"Chattanooga, TN",Tennessee,ATL,"Atlanta, GA",Georgia,1042,1043.0,1.0,10.0,1053.0,1121.0,8.0,1138,1129.0,-9.0,0,,0,56.0,46.0,28.0,106.0,0.0,0.0,0.0,0.0,0.0,0,0,OnTime_or_MinorDelay,10,11,Morning,1
2024,1,1,2024-01-01,9E,5040.0,CWA,"Mosinee, WI",Wisconsin,MSP,"Minneapolis, MN",Minnesota,1620,1610.0,-10.0,12.0,1622.0,1700.0,5.0,1740,1705.0,-35.0,0,,0,80.0,55.0,38.0,175.0,0.0,0.0,0.0,0.0,0.0,0,0,OnTime_or_MinorDelay,16,17,Afternoon,1
2024,1,1,2024-01-01,9E,5040.0,MSP,"Minneapolis, MN",Minnesota,CWA,"Mosinee, WI",Wisconsin,1425,1420.0,-5.0,9.0,1429.0,1509.0,3.0,1535,1512.0,-23.0,0,,0,70.0,52.0,40.0,175.0,0.0,0.0,0.0,0.0,0.0,0,0,OnTime_or_MinorDelay,14,15,Afternoon,1
2024,1,1,2024-01-01,9E,5043.0,OMA,"Omaha, NE",Nebraska,DTW,"Detroit, MI",Michigan,600,556.0,-4.0,29.0,625.0,905.0,10.0,909,915.0,6.0,0,,0,129.0,139.0,100.0,651.0,0.0,0.0,0.0,0.0,0.0,0,0,OnTime_or_MinorDelay,6,9,Morning,1
2024,1,1,2024-01-01,9E,5044.0,MSN,"Madison, WI",Wisconsin,MSP,"Minneapolis, MN",Minnesota,1500,1445.0,-15.0,11.0,1456.0,1537.0,14.0,1620,1551.0,-29.0,0,,0,80.0,66.0,41.0,228.0,0.0,0.0,0.0,0.0,0.0,0,0,OnTime_or_MinorDelay,15,16,Afternoon,1
2024,1,1,2024-01-01,9E,5044.0,MSP,"Minneapolis, MN",Minnesota,MSN,"Madison, WI",Wisconsin,1106,1100.0,-6.0,16.0,1116.0,1159.0,3.0,1229,1202.0,-27.0,0,,0,83.0,62.0,43.0,228.0,0.0,0.0,0.0,0.0,0.0,0,0,OnTime_or_MinorDelay,11,12,Morning,1
2024,1,1,2024-01-01,9E,5047.0,ATL,"Atlanta, GA",Georgia,CRW,"Charleston/Dunbar, WV",West Virginia,1005,1002.0,-3.0,16.0,1018.0,1118.0,3.0,1139,1121.0,-18.0,0,,0,94.0,79.0,60.0,363.0,0.0,0.0,0.0,0.0,0.0,0,0,OnTime_or_MinorDelay,10,11,Morning,1
2024,1,1,2024-01-01,9E,5047.0,CRW,"Charleston/Dunbar, WV",West Virginia,ATL,"Atlanta, GA",Georgia,1224,1219.0,-5.0,14.0,1233.0,1331.0,5.0,1403,1336.0,-27.0,0,,0,99.0,77.0,58.0,363.0,0.0,0.0,0.0,0.0,0.0,0,0,OnTime_or_MinorDelay,12,14,Afternoon,1
2024,1,1,2024-01-01,9E,5048.0,CLE,"Cleveland, OH",Ohio,DTW,"Detroit, MI",Michigan,1033,1021.0,-12.0,30.0,1051.0,1115.0,9.0,1137,1124.0,-13.0,0,,0,64.0,63.0,24.0,95.0,0.0,0.0,0.0,0.0,0.0,0,0,OnTime_or_MinorDelay,10,11,Morning,1
2024,1,1,2024-01-01,9E,5048.0,DTW,"Detroit, MI",Michigan,CLE,"Cleveland, OH",Ohio,840,826.0,-14.0,14.0,840.0,903.0,6.0,948,909.0,-39.0,0,,0,68.0,43.0,23.0,95.0,0.0,0.0,0.0,0.0,0.0,0,0,OnTime_or_MinorDelay,8,9,Morning,1
2024,1,1,2024-01-01,9E,5052.0,MSP,"Minneapolis, MN",Minnesota,MSN,"Madison, WI",Wisconsin,2020,2012.0,-8.0,49.0,2101.0,2139.0,3.0,2149,2142.0,-7.0,0,,0,89.0,90.0,38.0,228.0,0.0,0.0,0.0,0.0,0.0,0,0,OnTime_or_MinorDelay,20,21,Evening,1
2024,1,1,2024-01-01,9E,5053.0,TRI,"Bristol/Johnson City/Kingsport, TN",Tennessee,ATL,"Atlanta, GA",Georgia,600,621.0,21.0,8.0,629.0,710.0,5.0,715,715.0,0.0,0,,0,75.0,54.0,41.0,227.0,0.0,0.0,0.0,0.0,0.0,0,0,OnTime_or_MinorDelay,6,7,Morning,1
2024,1,1,2024-01-01,9E,5054.0,DTW,"Detroit, MI",Michigan,TYS,"Knoxville, TN",Tennessee,1615,1612.0,-3.0,15.0,1627.0,1730.0,4.0,1803,1734.0,-29.0,0,,0,108.0,82.0,63.0,443.0,0.0,0.0,0.0,0.0,0.0,0,0,OnTime_or_MinorDelay,16,18,Afternoon,1
2024,1,1,2024-01-01,9E,5057.0,ATL,"Atlanta, GA",Georgia,HPN,"White Plains, NY",New York,1318,1313.0,-5.0,12.0,1325.0,1511.0,3.0,1535,1514.0,-21.0,0,,0,137.0,121.0,106.0,780.0,0.0,0.0,0.0,0.0,0.0,0,0,OnTime_or_MinorDelay,13,15,Afternoon,1
2024,1,1,2024-01-01,9E,5057.0,HPN,"White Plains, NY",New York,ATL,"Atlanta, GA",Georgia,1620,1610.0,-10.0,14.0,1624.0,1816.0,8.0,1902,1824.0,-38.0,0,,0,162.0,134.0,112.0,780.0,0.0,0.0,0.0,0.0,0.0,0,0,OnTime_or_MinorDelay,16,19,Afternoon,1
2024,1,1,2024-01-01,9E,5061.0,ATL,"Atlanta, GA",Georgia,LFT,"Lafayette, LA",Louisiana,1146,1152.0,6.0,12.0,1204.0,1230.0,7.0,1239,1237.0,-2.0,0,,0,113.0,105.0,86.0,503.0,0.0,0.0,0.0,0.0,0.0,0,0,OnTime_or_MinorDelay,11,12,Morning,1
2024,1,1,2024-01-01,9E,5061.0,LFT,"Lafayette, LA",Louisiana,ATL,"Atlanta, GA",Georgia,1324,1319.0,-5.0,13.0,1332.0,1536.0,5.0,1609,1541.0,-28.0,0,,0,105.0,82.0,64.0,503.0,0.0,0.0,0.0,0.0,0.0,0,0,OnTime_or_MinorDelay,13,16,Afternoon,1
2024,1,1,2024-01-01,9E,5064.0,DTW,"Detroit, MI",Michigan,GRR,"Grand Rapids, MI",Michigan,1615,1611.0,-4.0,23.0,1634.0,1702.0,5.0,1711,1707.0,-4.0,0,,0,56.0,56.0,28.0,120.0,0.0,0.0,0.0,0.0,0.0,0,0,OnTime_or_MinorDelay,16,17,Afternoon,1
2024,1,1,2024-01-01,9E,5064.0,GRR,"Grand Rapids, MI",Michigan,DTW,"Detroit, MI",Michigan,1756,1746.0,-10.0,22.0,1808.0,1838.0,5.0,1859,1843.0,-16.0,0,,0,63.0,57.0,30.0,120.0,0.0,0.0,0.0,0.0,0.0,0,0,OnTime_or_MinorDelay,17,18,Evening,1
2024,1,1,2024-01-01,9E,5068.0,LGA,"New York, NY",New York,ROC,"Rochester, NY",New York,1735,1726.0,-9.0,29.0,1755.0,1841.0,7.0,1911,1848.0,-23.0,0,,0,96.0,82.0,46.0,254.0,0.0,0.0,0.0,0.0,0.0,0,0,OnTime_or_MinorDelay,17,19,Evening,1
2024,1,1,2024-01-01,9E,5070.0,CID,"Cedar Rapids/Iowa City, IA",Iowa,MSP,"Minneapolis, MN",Minnesota,1507,1558.0,51.0,24.0,1622.0,1708.0,9.0,1627,1717.0,50.0,0,,0,80.0,79.0,46.0,220.0,50.0,0.0,0.0,0.0,0.0,1,1,Carrier,15,16,Afternoon,1
2024,1,1,2024-01-01,9E,5070.0,MSP,"Minneapolis, MN",Minnesota,CID,"Cedar Rapids/Iowa City, IA",Iowa,1316,1311.0,-5.0,15.0,1326.0,1408.0,5.0,1422,1413.0,-9.0,0,,0,66.0,62.0,42.0,220.0,0.0,0.0,0.0,0.0,0.0,0,0,OnTime_or_MinorDelay,13,14,Afternoon,1
2024,1,1,2024-01-01,9E,5074.0,ATL,"Atlanta, GA",Georgia,OAJ,"Jacksonville/Camp Lejeune, NC",North Carolina,1100,1056.0,-4.0,14.0,1110.0,1204.0,4.0,1225,1208.0,-17.0,0,,0,85.0,72.0,54.0,399.0,0.0,0.0,0.0,0.0,0.0,0,0,OnTime_or_MinorDelay,11,12,Morning,1
2024,1,1,2024-01-01,9E,5074.0,OAJ,"Jacksonville/Camp Lejeune, NC",North Carolina,ATL,"Atlanta, GA",Georgia,1310,1309.0,-1.0,11.0,1320.0,1435.0,5.0,1454,1440.0,-14.0,0,,0,104.0,91.0,75.0,399.0,0.0,0.0,0.0,0.0,0.0,0,0,OnTime_or_MinorDelay,13,14,Afternoon,1
2024,1,1,2024-01-01,9E,5075.0,SAV,"Savannah, GA",Georgia,LGA,"New York, NY",New York,730,725.0,-5.0,16.0,741.0,916.0,7.0,941,923.0,-18.0,0,,0,131.0,118.0,95.0,722.0,0.0,0.0,0.0,0.0,0.0,0,0,OnTime_or_MinorDelay,7,9,Morning,1
2024,1,1,2024-01-01,9E,5076.0,ATL,"Atlanta, GA",Georgia,LIT,"Little Rock, AR",Arkansas,1541,1539.0,-2.0,12.0,1551.0,1608.0,3.0,1625,1611.0,-14.0,0,,0,104.0,92.0,77.0,453.0,0.0,0.0,0.0,0.0,0.0,0,0,OnTime_or_MinorDelay,15,16,Afternoon,1
2024,1,1,2024-01-01,9E,5076.0,LIT,"Little Rock, AR",Arkansas,ATL,"Atlanta, GA",Georgia,1710,1704.0,-6.0,13.0,1717.0,1920.0,4.0,1945,1924.0,-21.0,0,,0,95.0,80.0,63.0,453.0,0.0,0.0,0.0,0.0,0.0,0,0,OnTime_or_MinorDelay,17,19,Evening,1
2024,1,1,2024-01-01,9E,5080.0,ATL,"Atlanta, GA",Georgia,JAN,"Jackson/Vicksburg, MS",Mississippi,1521,1517.0,-4.0,16.0,1533.0,1534.0,4.0,1549,1538.0,-11.0,0,,0,88.0,81.0,61.0,341.0,0.0,0.0,0.0,0.0,0.0,0,0,OnTime_or_MinorDelay,15,15,Afternoon,1
2024,1,1,2024-01-01,9E,5080.0,JAN,"Jackson/Vicksburg, MS",Mississippi,ATL,"Atlanta, GA",Georgia,1641,1636.0,-5.0,14.0,1650.0,1840.0,22.0,1905,1902.0,-3.0,0,,0,84.0,86.0,50.0,341.0,0.0,0.0,0.0,0.0,0.0,0,0,OnTime_or_MinorDelay,16,19,Afternoon,1
2024,1,1,2024-01-01,9E,5084.0,LFT,"Lafayette, LA",Louisiana,ATL,"Atlanta, GA",Georgia,600,555.0,-5.0,13.0,608.0,818.0,14.0,854,832.0,-22.0,0,,0,114.0,97.0,70.0,503.0,0.0,0.0,0.0,0.0,0.0,0,0,OnTime_or_MinorDelay,6,8,Morning,1
2024,1,1,2024-01-01,9E,5086.0,DTW,"Detroit, MI",Michigan,RIC,"Richmond, VA",Virginia,1030,1022.0,-8.0,15.0,1037.0,1151.0,9.0,1210,1200.0,-10.0,0,,0,100.0,98.0,74.0,456.0,0.0,0.0,0.0,0.0,0.0,0,0,OnTime_or_MinorDelay,10,12,Morning,1
2024,1,1,2024-01-01,9E,5086.0,RIC,"Richmond, VA",Virginia,DTW,"Detroit, MI",Michigan,1255,1312.0,17.0,9.0,1321.0,1443.0,13.0,1451,1456.0,5.0,0,,0,116.0,104.0,82.0,456.0,0.0,0.0,0.0,0.0,0.0,0,0,OnTime_or_MinorDelay,12,14,Afternoon,1
2024,1,1,2024-01-01,9E,5089.0,LGA,"New York, NY",New York,STL,"St. Louis, MO",Missouri,955,1025.0,30.0,18.0,1043.0,1141.0,7.0,1207,1148.0,-19.0,0,,0,192.0,143.0,118.0,888.0,0.0,0.0,0.0,0.0,0.0,0,0,OnTime_or_MinorDelay,9,12,Morning,1
2024,1,1,2024-01-01,9E,5090.0,CVG,"Cincinnati, OH",Kentucky,DTW,"Detroit, MI",Michigan,1342,1333.0,-9.0,11.0,1344.0,1427.0,11.0,1500,1438.0,-22.0,0,,0,78.0,65.0,43.0,229.0,0.0,0.0,0.0,0.0,0.0,0,0,OnTime_or_MinorDelay,13,15,Afternoon,1
2024,1,1,2024-01-01,9E,5090.0,DTW,"Detroit, MI",Michigan,CVG,"Cincinnati, OH",Kentucky,1025,1019.0,-6.0,18.0,1037.0,1117.0,3.0,1142,1120.0,-22.0,0,,0,77.0,61.0,40.0,229.0,0.0,0.0,0.0,0.0,0.0,0,0,OnTime_or_MinorDelay,10,11,Morning,1
2024,1,1,2024-01-01,9E,5093.0,LGA,"New York, NY",New York,TYS,"Knoxville, TN",Tennessee,1750,1746.0,-4.0,16.0,1802.0,1934.0,5.0,2022,1939.0,-43.0,0,,0,152.0,113.0,92.0,647.0,0.0,0.0,0.0,0.0,0.0,0,0,OnTime_or_MinorDelay,17,20,Evening,1
2024,1,1,2024-01-01,9E,5096.0,DTW,"Detroit, MI",Michigan,STL,"St. Louis, MO",Missouri,1600,1549.0,-11.0,16.0,1605.0,1608.0,6.0,1647,1614.0,-33.0,0,,0,107.0,85.0,63.0,440.0,0.0,0.0,0.0,0.0,0.0,0,0,OnTime_or_MinorDelay,16,16,Afternoon,1
2024,1,1,2024-01-01,9E,5096.0,STL,"St. Louis, MO",Missouri,DTW,"Detroit, MI",Michigan,1732,1724.0,-8.0,15.0,1739.0,1951.0,9.0,2006,2000.0,-6.0,0,,0,94.0,96.0,72.0,440.0,0.0,0.0,0.0,0.0,0.0,0,0,OnTime_or_MinorDelay,17,20,Evening,1
2024,1,1,2024-01-01,9E,5097.0,DTW,"Detroit, MI",Michigan,MSN,"Madison, WI",Wisconsin,842,835.0,-7.0,21.0,856.0,846.0,3.0,914,849.0,-25.0,0,,0,92.0,74.0,50.0,311.0,0.0,0.0,0.0,0.0,0.0,0,0,OnTime_or_MinorDelay,8,9,Morning,1
2024,1,1,2024-01-01,9E,5097.0,MSN,"Madison, WI",Wisconsin,DTW,"Detroit, MI",Michigan,1100,1051.0,-9.0,10.0,1101.0,1253.0,9.0,1315,1302.0,-13.0,0,,0,75.0,71.0,52.0,311.0,0.0,0.0,0.0,0.0,0.0,0,0,OnTime_or_MinorDelay,11,13,Morning,1
2024,1,1,2024-01-01,9E,5100.0,DTW,"Detroit, MI",Michigan,ROC,"Rochester, NY",New York,1005,959.0,-6.0,26.0,1025.0,1115.0,3.0,1125,1118.0,-7.0,0,,0,80.0,79.0,50.0,296.0,0.0,0.0,0.0,0.0,0.0,0,0,OnTime_or_MinorDelay,10,11,Morning,1
2024,1,1,2024-01-01,9E,5100.0,ROC,"Rochester, NY",New York,DTW,"Detroit, MI",Michigan,1241,1231.0,-10.0,20.0,1251.0,1340.0,6.0,1407,1346.0,-21.0,0,,0,86.0,75.0,49.0,296.0,0.0,0.0,0.0,0.0,0.0,0,0,OnTime_or_MinorDelay,12,14,Afternoon,1
2024,1,1,2024-01-01,9E,5101.0,ATL,"Atlanta, GA",Georgia,MSN,"Madison, WI",Wisconsin,2005,2006.0,1.0,16.0,2022.0,2106.0,2.0,2115,2108.0,-7.0,0,,0,130.0,122.0,104.0,707.0,0.0,0.0,0.0,0.0,0.0,0,0,OnTime_or_MinorDelay,20,21,Evening,1
2024,1,1,2024-01-01,9E,5102.0,CHO,"Charlottesville, VA",Virginia,ATL,"Atlanta, GA",Georgia,620,613.0,-7.0,17.0,630.0,743.0,8.0,817,751.0,-26.0,0,,0,117.0,98.0,73.0,457.0,0.0,0.0,0.0,0.0,0.0,0,0,OnTime_or_MinorDelay,6,8,Morning,1
2024,1,1,2024-01-01,9E,5105.0,TYS,"Knoxville, TN",Tennessee,LGA,"New York, NY",New York,940,927.0,-13.0,10.0,937.0,1057.0,4.0,1150,1101.0,-49.0,0,,0,130.0,94.0,80.0,647.0,0.0,0.0,0.0,0.0,0.0,0,0,OnTime_or_MinorDelay,9,11,Morning,1
2024,1,1,2024-01-01,9E,5106.0,ILM,"Wilmington, NC",North Carolina,LGA,"New York, NY",New York,1201,1156.0,-5.0,15.0,1211.0,1321.0,5.0,1348,1326.0,-22.0,0,,0,107.0,90.0,70.0,500.0,0.0,0.0,0.0,0.0,0.0,0,0,OnTime_or_MinorDelay,12,13,Afternoon,1
2024,1,1,2024-01-01,9E,5106.0,LGA,"New York, NY",New York,ILM,"Wilmington, NC",North Carolina,906,902.0,-4.0,19.0,921.0,1044.0,27.0,1116,1111.0,-5.0,0,,0,130.0,129.0,83.0,500.0,0.0,0.0,0.0,0.0,0.0,0,0,OnTime_or_MinorDelay,9,11,Morning,1
2024,1,1,2024-01-01,9E,5107.0,PVD,"Providence, RI",Rhode Island,LGA,"New York, NY",New York,700,655.0,-5.0,29.0,724.0,758.0,8.0,816,806.0,-10.0,0,,0,76.0,71.0,34.0,143.0,0.0,0.0,0.0,0.0,0.0,0,0,OnTime_or_MinorDelay,7,8,Morning,1
2024,1,1,2024-01-01,9E,5109.0,CRW,"Charleston/Dunbar, WV",West Virginia,ATL,"Atlanta, GA",Georgia,614,609.0,-5.0,37.0,646.0,746.0,7.0,759,753.0,-6.0,0,,0,105.0,104.0,60.0,363.0,0.0,0.0,0.0,0.0,0.0,0,0,OnTime_or_MinorDelay,6,7,Morning,1
2024,1,1,2024-01-01,9E,5112.0,ATL,"Atlanta, GA",Georgia,GTR,"Columbus, MS",Mississippi,2210,2204.0,-6.0,16.0,2220.0,2204.0,3.0,2221,2207.0,-14.0,0,,0,71.0,63.0,44.0,241.0,0.0,0.0,0.0,0.0,0.0,0,0,OnTime_or_MinorDelay,22,22,Night,1
2024,1,1,2024-01-01,9E,5115.0,DTW,"Detroit, MI",Michigan,OMA,"Omaha, NE",Nebraska,1545,1541.0,-4.0,14.0,1555.0,1624.0,3.0,1700,1627.0,-33.0,0,,0,135.0,106.0,89.0,651.0,0.0,0.0,0.0,0.0,0.0,0,0,OnTime_or_MinorDelay,15,17,Afternoon,1
2024,1,1,2024-01-01,9E,5121.0,ATL,"Atlanta, GA",Georgia,LEX,"Lexington, KY",Kentucky,1825,1819.0,-6.0,20.0,1839.0,1934.0,5.0,1945,1939.0,-6.0,0,,0,80.0,80.0,55.0,304.0,0.0,0.0,0.0,0.0,0.0,0,0,OnTime_or_MinorDelay,18,19,Evening,1
2024,1,1,2024-01-01,9E,5122.0,TYS,"Knoxville, TN",Tennessee,DTW,"Detroit, MI",Michigan,720,712.0,-8.0,17.0,729.0,838.0,10.0,909,848.0,-21.0,0,,0,109.0,96.0,69.0,443.0,0.0,0.0,0.0,0.0,0.0,0,0,OnTime_or_MinorDelay,7,9,Morning,1
2024,1,1,2024-01-01,9E,5125.0,GRR,"Grand Rapids, MI",Michigan,LGA,"New York, NY",New York,1345,1336.0,-9.0,18.0,1354.0,1523.0,10.0,1554,1533.0,-21.0,0,,0,129.0,117.0,89.0,618.0,0.0,0.0,0.0,0.0,0.0,0,0,OnTime_or_MinorDelay,13,15,Afternoon,1
2024,1,1,2024-01-01,9E,5126.0,MEM,"Memphis, TN",Tennessee,DTW,"Detroit, MI",Michigan,625,617.0,-8.0,25.0,642.0,908.0,9.0,919,917.0,-2.0,0,,0,114.0,120.0,86.0,610.0,0.0,0.0,0.0,0.0,0.0,0,0,OnTime_or_MinorDelay,6,9,Morning,1
2024,1,1,2024-01-01,9E,5129.0,ATL,"Atlanta, GA",Georgia,LFT,"Lafayette, LA",Louisiana,2227,2203.0,-24.0,23.0,2226.0,2252.0,8.0,2315,2300.0,-15.0,0,,0,108.0,117.0,86.0,503.0,0.0,0.0,0.0,0.0,0.0,0,0,OnTime_or_MinorDelay,22,23,Night,1
2024,1,1,2024-01-01,9E,5132.0,ATL,"Atlanta, GA",Georgia,DAY,"Dayton, OH",Ohio,1345,1340.0,-5.0,13.0,1353.0,1458.0,5.0,1522,1503.0,-19.0,0,,0,97.0,83.0,65.0,432.0,0.0,0.0,0.0,0.0,0.0,0,0,OnTime_or_MinorDelay,13,15,Afternoon,1
2024,1,1,2024-01-01,9E,5132.0,DAY,"Dayton, OH",Ohio,ATL,"Atlanta, GA",Georgia,1610,1609.0,-1.0,30.0,1639.0,1745.0,4.0,1800,1749.0,-11.0,0,,0,110.0,100.0,66.0,432.0,0.0,0.0,0.0,0.0,0.0,0,0,OnTime_or_MinorDelay,16,18,Afternoon,1
2024,1,1,2024-01-01,9E,5137.0,ATL,"Atlanta, GA",Georgia,LEX,"Lexington, KY",Kentucky,1520,1514.0,-6.0,17.0,1531.0,1625.0,4.0,1638,1629.0,-9.0,0,,0,78.0,75.0,54.0,304.0,0.0,0.0,0.0,0.0,0.0,0,0,OnTime_or_MinorDelay,15,16,Afternoon,1
2024,1,1,2024-01-01,9E,5137.0,LEX,"Lexington, KY",Kentucky,ATL,"Atlanta, GA",Georgia,1732,1727.0,-5.0,11.0,1738.0,1838.0,14.0,1907,1852.0,-15.0,0,,0,95.0,85.0,60.0,304.0,0.0,0.0,0.0,0.0,0.0,0,0,OnTime_or_MinorDelay,17,19,Evening,1
2024,1,1,2024-01-01,9E,5138.0,STL,"St. Louis, MO",Missouri,DTW,"Detroit, MI",Michigan,629,718.0,49.0,12.0,730.0,937.0,6.0,908,943.0,35.0,0,,0,99.0,85.0,67.0,440.0,0.0,35.0,0.0,0.0,0.0,1,2,Weather,6,9,Morning,1
2024,1,1,2024-01-01,9E,5139.0,ATL,"Atlanta, GA",Georgia,CHA,"Chattanooga, TN",Tennessee,1425,1420.0,-5.0,15.0,1435.0,1459.0,2.0,1518,1501.0,-17.0,0,,0,53.0,41.0,24.0,106.0,0.0,0.0,0.0,0.0,0.0,0,0,OnTime_or_MinorDelay,14,15,Afternoon,1
2024,1,1,2024-01-01,9E,5139.0,CHA,"Chattanooga, TN",Tennessee,ATL,"Atlanta, GA",Georgia,1603,1554.0,-9.0,13.0,1607.0,1638.0,3.0,1701,1641.0,-20.0,0,,0,58.0,47.0,31.0,106.0,0.0,0.0,0.0,0.0,0.0,0,0,OnTime_or_MinorDelay,16,17,Afternoon,1
2024,1,1,2024-01-01,9E,5144.0,MSP,"Minneapolis, MN",Minnesota,CLE,"Cleveland, OH",Ohio,2020,2015.0,-5.0,58.0,2113.0,2338.0,8.0,2337,2346.0,9.0,0,,0,137.0,151.0,85.0,622.0,0.0,0.0,0.0,0.0,0.0,0,0,OnTime_or_MinorDelay,20,23,Evening,1
2024,1,1,2024-01-01,9E,5147.0,DTW,"Detroit, MI",Michigan,PVD,"Providence, RI",Rhode Island,2125,2119.0,-6.0,14.0,2133.0,2301.0,3.0,2322,2304.0,-18.0,0,,0,117.0,105.0,88.0,615.0,0.0,0.0,0.0,0.0,0.0,0,0,OnTime_or_MinorDelay,21,23,Evening,1
2024,1,1,2024-01-01,9E,5148.0,ROC,"Rochester, NY",New York,DTW,"Detroit, MI",Michigan,610,605.0,-5.0,33.0,638.0,728.0,11.0,752,739.0,-13.0,0,,0,102.0,94.0,50.0,296.0,0.0,0.0,0.0,0.0,0.0,0,0,OnTime_or_MinorDelay,6,7,Morning,1
2024,1,1,2024-01-01,9E,5152.0,JFK,"New York, NY",New York,CLE,"Cleveland, OH",Ohio,1510,1500.0,-10.0,22.0,1522.0,1635.0,6.0,1717,1641.0,-36.0,0,,0,127.0,101.0,73.0,425.0,0.0,0.0,0.0,0.0,0.0,0,0,OnTime_or_MinorDelay,15,17,Afternoon,1
2024,1,1,2024-01-01,9E,5154.0,DTW,"Detroit, MI",Michigan,ROC,"Rochester, NY",New York,2135,2130.0,-5.0,20.0,2150.0,2245.0,7.0,2302,2252.0,-10.0,0,,0,87.0,82.0,55.0,296.0,0.0,0.0,0.0,0.0,0.0,0,0,OnTime_or_MinorDelay,21,23,Evening,1
2024,1,1,2024-01-01,9E,5157.0,ATL,"Atlanta, GA",Georgia,ROA,"Roanoke, VA",Virginia,1000,1022.0,22.0,21.0,1043.0,1142.0,4.0,1138,1146.0,8.0,0,,0,98.0,84.0,59.0,357.0,0.0,0.0,0.0,0.0,0.0,0,0,OnTime_or_MinorDelay,10,11,Morning,1
2024,1,1,2024-01-01,9E,5157.0,ROA,"Roanoke, VA",Virginia,ATL,"Atlanta, GA",Georgia,1223,1228.0,5.0,14.0,1242.0,1343.0,6.0,1402,1349.0,-13.0,0,,0,99.0,81.0,61.0,357.0,0.0,0.0,0.0,0.0,0.0,0,0,OnTime_or_MinorDelay,12,14,Afternoon,1
2024,1,1,2024-01-01,9E,5162.0,GRB,"Green Bay, WI",Wisconsin,MSP,"Minneapolis, MN",Minnesota,1735,1724.0,-11.0,9.0,1733.0,1819.0,11.0,1905,1830.0,-35.0,0,,0,90.0,66.0,46.0,252.0,0.0,0.0,0.0,0.0,0.0,0,0,OnTime_or_MinorDelay,17,19,Evening,1
2024,1,1,2024-01-01,9E,5162.0,MSP,"Minneapolis, MN",Minnesota,GRB,"Green Bay, WI",Wisconsin,1525,1517.0,-8.0,9.0,1526.0,1612.0,4.0,1650,1616.0,-34.0,0,,0,85.0,59.0,46.0,252.0,0.0,0.0,0.0,0.0,0.0,0,0,OnTime_or_MinorDelay,15,16,Afternoon,1
2024,1,1,2024-01-01,9E,5163.0,CVG,"Cincinnati, OH",Kentucky,LGA,"New York, NY",New York,725,720.0,-5.0,28.0,748.0,920.0,8.0,937,928.0,-9.0,0,,0,132.0,128.0,92.0,585.0,0.0,0.0,0.0,0.0,0.0,0,0,OnTime_or_MinorDelay,7,9,Morning,1
2024,1,1,2024-01-01,9E,5164.0,GSP,"Greer, SC",South Carolina,LGA,"New York, NY",New York,1310,1305.0,-5.0,13.0,1318.0,1436.0,9.0,1510,1445.0,-25.0,0,,0,120.0,100.0,78.0,610.0,0.0,0.0,0.0,0.0,0.0,0,0,OnTime_or_MinorDelay,13,15,Afternoon,1
2024,1,1,2024-01-01,9E,5164.0,LGA,"New York, NY",New York,GSP,"Greer, SC",South Carolina,956,950.0,-6.0,23.0,1013.0,1149.0,23.0,1225,1212.0,-13.0,0,,0,149.0,142.0,96.0,610.0,0.0,0.0,0.0,0.0,0.0,0,0,OnTime_or_MinorDelay,9,12,Morning,1
2024,1,1,2024-01-01,9E,5168.0,GRB,"Green Bay, WI",Wisconsin,MSP,"Minneapolis, MN",Minnesota,600,555.0,-5.0,11.0,606.0,648.0,7.0,735,655.0,-40.0,0,,0,95.0,60.0,42.0,252.0,0.0,0.0,0.0,0.0,0.0,0,0,OnTime_or_MinorDelay,6,7,Morning,1
2024,1,1,2024-01-01,9E,5171.0,LGA,"New York, NY",New York,CLT,"Charlotte, NC",North Carolina,920,912.0,-8.0,14.0,926.0,1055.0,9.0,1142,1104.0,-38.0,0,,0,142.0,112.0,89.0,544.0,0.0,0.0,0.0,0.0,0.0,0,0,OnTime_or_MinorDelay,9,11,Morning,1
2024,1,1,2024-01-01,9E,5176.0,JFK,"New York, NY",New York,BTV,"Burlington, VT",Vermont,1650,1645.0,-5.0,17.0,1702.0,1753.0,5.0,1824,1758.0,-26.0,0,,0,94.0,73.0,51.0,266.0,0.0,0.0,0.0,0.0,0.0,0,0,OnTime_or_MinorDelay,16,18,Afternoon,1
2024,1,1,2024-01-01,9E,5180.0,ATW,"Appleton, WI",Wisconsin,DTW,"Detroit, MI",Michigan,1726,1721.0,-5.0,19.0,1740.0,1926.0,5.0,1957,1931.0,-26.0,0,,0,91.0,70.0,46.0,296.0,0.0,0.0,0.0,0.0,0.0,0,0,OnTime_or_MinorDelay,17,19,Evening,1
2024,1,1,2024-01-01,9E,5180.0,DTW,"Detroit, MI",Michigan,ATW,"Appleton, WI",Wisconsin,1610,1605.0,-5.0,28.0,1633.0,1634.0,4.0,1641,1638.0,-3.0,0,,0,91.0,93.0,61.0,296.0,0.0,0.0,0.0,0.0,0.0,0,0,OnTime_or_MinorDelay,16,16,Afternoon,1
2024,1,1,2024-01-01,9E,5181.0,JFK,"New York, NY",New York,DTW,"Detroit, MI",Michigan,1709,1705.0,-4.0,32.0,1737.0,1856.0,8.0,1924,1904.0,-20.0,0,,0,135.0,119.0,79.0,509.0,0.0,0.0,0.0,0.0,0.0,0,0,OnTime_or_MinorDelay,17,19,Evening,1
2024,1,1,2024-01-01,9E,5182.0,ATL,"Atlanta, GA",Georgia,MOB,"Mobile, AL",Alabama,1445,1441.0,-4.0,14.0,1455.0,1452.0,3.0,1513,1455.0,-18.0,0,,0,88.0,74.0,57.0,302.0,0.0,0.0,0.0,0.0,0.0,0,0,OnTime_or_MinorDelay,14,15,Afternoon,1
2024,1,1,2024-01-01,9E,5182.0,MOB,"Mobile, AL",Alabama,ATL,"Atlanta, GA",Georgia,1558,1553.0,-5.0,9.0,1602.0,1750.0,4.0,1825,1754.0,-31.0,0,,0,87.0,61.0,48.0,302.0,0.0,0.0,0.0,0.0,0.0,0,0,OnTime_or_MinorDelay,15,18,Afternoon,1
2024,1,1,2024-01-01,9E,5183.0,MSN,"Madison, WI",Wisconsin,ATL,"Atlanta, GA",Georgia,530,526.0,-4.0,36.0,602.0,837.0,3.0,849,840.0,-9.0,0,,0,139.0,134.0,95.0,707.0,0.0,0.0,0.0,0.0,0.0,0,0,OnTime_or_MinorDelay,5,8,Morning,1
2024,1,1,2024-01-01,9E,5184.0,ATL,"Atlanta, GA",Georgia,SGF,"Springfield, MO",Missouri,1159,1159.0,0.0,15.0,1214.0,1244.0,5.0,1254,1249.0,-5.0,0,,0,115.0,110.0,90.0,563.0,0.0,0.0,0.0,0.0,0.0,0,0,OnTime_or_MinorDelay,11,12,Morning,1
2024,1,1,2024-01-01,9E,5184.0,SGF,"Springfield, MO",Missouri,ATL,"Atlanta, GA",Georgia,1343,1338.0,-5.0,13.0,1351.0,1601.0,6.0,1628,1607.0,-21.0,0,,0,105.0,89.0,70.0,563.0,0.0,0.0,0.0,0.0,0.0,0,0,OnTime_or_MinorDelay,13,16,Afternoon,1
2024,1,1,2024-01-01,9E,5187.0,LGA,"New York, NY",New York,CHO,"Charlottesville, VA",Virginia,1549,1541.0,-8.0,20.0,1601.0,1654.0,16.0,1731,1710.0,-21.0,0,,0,102.0,89.0,53.0,305.0,0.0,0.0,0.0,0.0,0.0,0,0,OnTime_or_MinorDelay,15,17,Afternoon,1
2024,1,1,2024-01-01,9E,5189.0,ATL,"Atlanta, GA",Georgia,BTR,"Baton Rouge, LA",Louisiana,907,903.0,-4.0,14.0,917.0,938.0,3.0,952,941.0,-11.0,0,,0,105.0,98.0,81.0,448.0,0.0,0.0,0.0,0.0,0.0,0,0,OnTime_or_MinorDelay,9,9,Morning,1
2024,1,1,2024-01-01,9E,5189.0,BTR,"Baton Rouge, LA",Louisiana,ATL,"Atlanta, GA",Georgia,1037,1027.0,-10.0,13.0,1040.0,1240.0,4.0,1309,1244.0,-25.0,0,,0,92.0,77.0,60.0,448.0,0.0,0.0,0.0,0.0,0.0,0,0,OnTime_or_MinorDelay,10,13,Morning,1
2024,1,1,2024-01-01,9E,5194.0,ALB,"Albany, NY",New York,LGA,"New York, NY",New York,700,650.0,-10.0,10.0,700.0,727.0,10.0,820,737.0,-43.0,0,,0,80.0,47.0,27.0,136.0,0.0,0.0,0.0,0.0,0.0,0,0,OnTime_or_MinorDelay,7,8,Morning,1
2024,1,1,2024-01-01,9E,5195.0,ATL,"Atlanta, GA",Georgia,XNA,"Fayetteville, AR",Arkansas,1159,1154.0,-5.0,17.0,1211.0,1245.0,6.0,1256,1251.0,-5.0,0,,0,117.0,117.0,94.0,589.0,0.0,0.0,0.0,0.0,0.0,0,0,OnTime_or_MinorDelay,11,12,Morning,1
2024,1,1,2024-01-01,9E,5195.0,XNA,"Fayetteville, AR",Arkansas,ATL,"Atlanta, GA",Georgia,1400,1351.0,-9.0,16.0,1407.0,1624.0,7.0,1649,1631.0,-18.0,0,,0,109.0,100.0,77.0,589.0,0.0,0.0,0.0,0.0,0.0,0,0,OnTime_or_MinorDelay,14,16,Afternoon,1
2024,1,1,2024-01-01,9E,5198.0,GFK,"Grand Forks, ND",North Dakota,MSP,"Minneapolis, MN",Minnesota,500,503.0,3.0,24.0,527.0,615.0,12.0,637,627.0,-10.0,0,,0,97.0,84.0,48.0,284.0,0.0,0.0,0.0,0.0,0.0,0,0,OnTime_or_MinorDelay,5,6,Morning,1
2024,1,1,2024-01-01,9E,5202.0,ATL,"Atlanta, GA",Georgia,AVL,"Asheville, NC",North Carolina,1020,1017.0,-3.0,12.0,1029.0,1101.0,2.0,1124,1103.0,-21.0,0,,0,64.0,46.0,32.0,164.0,0.0,0.0,0.0,0.0,0.0,0,0,OnTime_or_MinorDelay,10,11,Morning,1
2024,1,1,2024-01-01,9E,5202.0,AVL,"Asheville, NC",North Carolina,ATL,"Atlanta, GA",Georgia,1209,1204.0,-5.0,10.0,1214.0,1248.0,3.0,1320,1251.0,-29.0,0,,0,71.0,47.0,34.0,164.0,0.0,0.0,0.0,0.0,0.0,0,0,OnTime_or_MinorDelay,12,13,Afternoon,1
2024,1,1,2024-01-01,9E,5203.0,ATL,"Atlanta, GA",Georgia,TYS,"Knoxville, TN",Tennessee,1859,1855.0,-4.0,13.0,1908.0,1940.0,13.0,1958,1953.0,-5.0,0,,0,59.0,58.0,32.0,152.0,0.0,0.0,0.0,0.0,0.0,0,0,OnTime_or_MinorDelay,18,19,Evening,1
2024,1,1,2024-01-01,9E,5204.0,ATL,"Atlanta, GA",Georgia,ATW,"Appleton, WI",Wisconsin,2020,2009.0,-11.0,19.0,2028.0,2119.0,6.0,2142,2125.0,-17.0,0,,0,142.0,136.0,111.0,765.0,0.0,0.0,0.0,0.0,0.0,0,0,OnTime_or_MinorDelay,20,21,Evening,1
2024,1,1,2024-01-01,9E,5208.0,ATL,"Atlanta, GA",Georgia,OAJ,"Jacksonville/Camp Lejeune, NC",North Carolina,2105,2059.0,-6.0,13.0,2112.0,2208.0,3.0,2234,2211.0,-23.0,0,,0,89.0,72.0,56.0,399.0,0.0,0.0,0.0,0.0,0.0,0,0,OnTime_or_MinorDelay,21,22,Evening,1
2024,1,1,2024-01-01,9E,5214.0,LGA,"New York, NY",New York,GRR,"Grand Rapids, MI",Michigan,940,939.0,-1.0,27.0,1006.0,1134.0,4.0,1210,1138.0,-32.0,0,,0,150.0,119.0,88.0,618.0,0.0,0.0,0.0,0.0,0.0,0,0,OnTime_or_MinorDelay,9,12,Morning,1
2024,1,1,2024-01-01,9E,5215.0,ATL,"Atlanta, GA",Georgia,MLU,"Monroe, LA",Louisiana,1935,1923.0,-12.0,14.0,1937.0,1951.0,4.0,2025,1955.0,-30.0,0,,0,110.0,92.0,74.0,448.0,0.0,0.0,0.0,0.0,0.0,0,0,OnTime_or_MinorDelay,19,20,Evening,1
2024,1,1,2024-01-01,9E,5216.0,RDU,"Raleigh/Durham, NC",North Carolina,LGA,"New York, NY",New York,715,1109.0,234.0,17.0,1126.0,1225.0,4.0,905,1229.0,204.0,0,,0,110.0,80.0,59.0,431.0,204.0,0.0,0.0,0.0,0.0,1,1,Carrier,7,9,Morning,1
2024,1,1,2024-01-01,9E,5221.0,ATL,"Atlanta, GA",Georgia,HSV,"Huntsville, AL",Alabama,820,815.0,-5.0,16.0,831.0,803.0,4.0,825,807.0,-18.0,0,,0,65.0,52.0,32.0,151.0,0.0,0.0,0.0,0.0,0.0,0,0,OnTime_or_MinorDelay,8,8,Morning,1
2024,1,1,2024-01-01,9E,5221.0,HSV,"Huntsville, AL",Alabama,ATL,"Atlanta, GA",Georgia,910,905.0,-5.0,17.0,922.0,1052.0,3.0,1110,1055.0,-15.0,0,,0,60.0,50.0,30.0,151.0,0.0,0.0,0.0,0.0,0.0,0,0,OnTime_or_MinorDelay,9,11,Morning,1
2024,1,1,2024-01-01,9E,5224.0,ATL,"Atlanta, GA",Georgia,TYS,"Knoxville, TN",Tennessee,2110,2056.0,-14.0,19.0,2115.0,2147.0,5.0,2208,2152.0,-16.0,0,,0,58.0,56.0,32.0,152.0,0.0,0.0,0.0,0.0,0.0,0,0,OnTime_or_MinorDelay,21,22,Evening,1
2024,1,1,2024-01-01,9E,5225.0,ATL,"Atlanta, GA",Georgia,AVL,"Asheville, NC",North Carolina,1410,1406.0,-4.0,10.0,1416.0,1449.0,5.0,1511,1454.0,-17.0,0,,0,61.0,48.0,33.0,164.0,0.0,0.0,0.0,0.0,0.0,0,0,OnTime_or_MinorDelay,14,15,Afternoon,1
2024,1,1,2024-01-01,9E,5225.0,AVL,"Asheville, NC",North Carolina,ATL,"Atlanta, GA",Georgia,1556,1929.0,213.0,22.0,1951.0,2022.0,10.0,1705,2032.0,207.0,0,,0,69.0,63.0,31.0,164.0,207.0,0.0,0.0,0.0,0.0,1,1,Carrier,15,17,Afternoon,1
2024,1,1,2024-01-01,9E,5228.0,FLL,"Fort Lauderdale, FL",Florida,RDU,"Raleigh/Durham, NC",North Carolina,1115,1106.0,-9.0,31.0,1137.0,1316.0,6.0,1325,1322.0,-3.0,0,,0,130.0,136.0,99.0,680.0,0.0,0.0,0.0,0.0,0.0,0,0,OnTime_or_MinorDelay,11,13,Morning,1
2024,1,1,2024-01-01,9E,5228.0,RDU,"Raleigh/Durham, NC",North Carolina,FLL,"Fort Lauderdale, FL",Florida,815,815.0,0.0,16.0,831.0,1008.0,6.0,1029,1014.0,-15.0,0,,0,134.0,119.0,97.0,680.0,0.0,0.0,0.0,0.0,0.0,0,0,OnTime_or_MinorDelay,8,10,Morning,1
2024,1,1,2024-01-01,9E,5234.0,GSO,"Greensboro/High Point, NC",North Carolina,LGA,"New York, NY",New York,1157,1147.0,-10.0,14.0,1201.0,1307.0,6.0,1344,1313.0,-31.0,0,,0,107.0,86.0,66.0,461.0,0.0,0.0,0.0,0.0,0.0,0,0,OnTime_or_MinorDelay,11,13,Morning,1
2024,1,1,2024-01-01,9E,5234.0,LGA,"New York, NY",New York,GSO,"Greensboro/High Point, NC",North Carolina,905,901.0,-4.0,14.0,915.0,1029.0,3.0,1112,1032.0,-40.0,0,,0,127.0,91.0,74.0,461.0,0.0,0.0,0.0,0.0,0.0,0,0,OnTime_or_MinorDelay,9,11,Morning,1
2024,1,1,2024-01-01,9E,5239.0,LEX,"Lexington, KY",Kentucky,ATL,"Atlanta, GA",Georgia,600,554.0,-6.0,15.0,609.0,708.0,6.0,742,714.0,-28.0,0,,0,102.0,80.0,59.0,304.0,0.0,0.0,0.0,0.0,0.0,0,0,OnTime_or_MinorDelay,6,7,Morning,1
2024,1,1,2024-01-01,9E,5250.0,ATL,"Atlanta, GA",Georgia,JAN,"Jackson/Vicksburg, MS",Mississippi,1845,1841.0,-4.0,14.0,1855.0,1854.0,3.0,1912,1857.0,-15.0,0,,0,87.0,76.0,59.0,341.0,0.0,0.0,0.0,0.0,0.0,0,0,OnTime_or_MinorDelay,18,19,Evening,1
2024,1,1,2024-01-01,9E,5251.0,ABE,"Allentown/Bethlehem/Easton, PA",Pennsylvania,ATL,"Atlanta, GA",Georgia,600,558.0,-2.0,9.0,607.0,749.0,8.0,832,757.0,-35.0,0,,0,152.0,119.0,102.0,692.0,0.0,0.0,0.0,0.0,0.0,0,0,OnTime_or_MinorDelay,6,8,Morning,1
2024,1,1,2024-01-01,9E,5253.0,DTW,"Detroit, MI",Michigan,ORF,"Norfolk, VA",Virginia,1020,1014.0,-6.0,14.0,1028.0,1145.0,4.0,1212,1149.0,-23.0,0,,0,112.0,95.0,77.0,529.0,0.0,0.0,0.0,0.0,0.0,0,0,OnTime_or_MinorDelay,10,12,Morning,1
2024,1,1,2024-01-01,9E,5253.0,ORF,"Norfolk, VA",Virginia,DTW,"Detroit, MI",Michigan,1257,1251.0,-6.0,12.0,1303.0,1430.0,9.0,1500,1439.0,-21.0,0,,0,123.0,108.0,87.0,529.0,0.0,0.0,0.0,0.0,0.0,0,0,OnTime_or_MinorDelay,12,15,Afternoon,1
2024,1,1,2024-01-01,9E,5255.0,VLD,"Valdosta, GA",Georgia,ATL,"Atlanta, GA",Georgia,610,601.0,-9.0,14.0,615.0,703.0,5.0,727,708.0,-19.0,0,,0,77.0,67.0,48.0,208.0,0.0,0.0,0.0,0.0,0.0,0,0,OnTime_or_MinorDelay,6,7,Morning,1
2024,1,1,2024-01-01,9E,5256.0,MSP,"Minneapolis, MN",Minnesota,CID,"Cedar Rapids/Iowa City, IA",Iowa,2014,2009.0,-5.0,50.0,2059.0,2136.0,5.0,2134,2141.0,7.0,0,,0,80.0,92.0,37.0,220.0,0.0,0.0,0.0,0.0,0.0,0,0,OnTime_or_MinorDelay,20,21,Evening,1
2024,1,1,2024-01-01,9E,5258.0,BUF,"Buffalo, NY",New York,JFK,"New York, NY",New York,1400,1355.0,-5.0,14.0,1409.0,1507.0,10.0,1552,1517.0,-35.0,0,,0,112.0,82.0,58.0,301.0,0.0,0.0,0.0,0.0,0.0,0,0,OnTime_or_MinorDelay,14,15,Afternoon,1
2024,1,1,2024-01-01,9E,5259.0,ATL,"Atlanta, GA",Georgia,TRI,"Bristol/Johnson City/Kingsport, TN",Tennessee,2143,2138.0,-5.0,14.0,2152.0,2238.0,4.0,2255,2242.0,-13.0,0,,0,72.0,64.0,46.0,227.0,0.0,0.0,0.0,0.0,0.0,0,0,OnTime_or_MinorDelay,21,22,Evening,1
2024,1,1,2024-01-01,9E,5264.0,CLE,"Cleveland, OH",Ohio,JFK,"New York, NY",New York,1644,1636.0,-8.0,14.0,1650.0,1803.0,17.0,1843,1820.0,-23.0,0,,0,119.0,104.0,73.0,425.0,0.0,0.0,0.0,0.0,0.0,0,0,OnTime_or_MinorDelay,16,18,Afternoon,1
2024,1,1,2024-01-01,9E,5270.0,JFK,"New York, NY",New York,CHS,"Charleston, SC",South Carolina,1010,1005.0,-5.0,16.0,1021.0,1203.0,10.0,1233,1213.0,-20.0,0,,0,143.0,128.0,102.0,636.0,0.0,0.0,0.0,0.0,0.0,0,0,OnTime_or_MinorDelay,10,12,Morning,1
2024,1,1,2024-01-01,9E,5271.0,ATL,"Atlanta, GA",Georgia,ABE,"Allentown/Bethlehem/Easton, PA",Pennsylvania,1935,1928.0,-7.0,17.0,1945.0,2123.0,3.0,2138,2126.0,-12.0,0,,0,123.0,118.0,98.0,692.0,0.0,0.0,0.0,0.0,0.0,0,0,OnTime_or_MinorDelay,19,21,Evening,1
2024,1,1,2024-01-01,9E,5272.0,ATL,"Atlanta, GA",Georgia,TRI,"Bristol/Johnson City/Kingsport, TN",Tennessee,915,910.0,-5.0,16.0,926.0,1009.0,4.0,1029,1013.0,-16.0,0,,0,74.0,63.0,43.0,227.0,0.0,0.0,0.0,0.0,0.0,0,0,OnTime_or_MinorDelay,9,10,Morning,1
2024,1,1,2024-01-01,9E,5272.0,TRI,"Bristol/Johnson City/Kingsport, TN",Tennessee,ATL,"Atlanta, GA",Georgia,1114,1110.0,-4.0,10.0,1120.0,1202.0,5.0,1228,1207.0,-21.0,0,,0,74.0,57.0,42.0,227.0,0.0,0.0,0.0,0.0,0.0,0,0,OnTime_or_MinorDelay,11,12,Morning,1
2024,1,1,2024-01-01,9E,5273.0,DTW,"Detroit, MI",Michigan,LAN,"Lansing, MI",Michigan,1232,1229.0,-3.0,13.0,1242.0,1306.0,5.0,1324,1311.0,-13.0,0,,0,52.0,42.0,24.0,74.0,0.0,0.0,0.0,0.0,0.0,0,0,OnTime_or_MinorDelay,12,13,Afternoon,1
2024,1,1,2024-01-01,9E,5273.0,LAN,"Lansing, MI",Michigan,DTW,"Detroit, MI",Michigan,1409,1359.0,-10.0,21.0,1420.0,1446.0,9.0,1504,1455.0,-9.0,0,,0,55.0,56.0,26.0,74.0,0.0,0.0,0.0,0.0,0.0,0,0,OnTime_or_MinorDelay,14,15,Afternoon,1
2024,1,1,2024-01-01,9E,5274.0,ATL,"Atlanta, GA",Georgia,HSV,"Huntsville, AL",Alabama,1114,1109.0,-5.0,20.0,1129.0,1101.0,5.0,1119,1106.0,-13.0,0,,0,65.0,57.0,32.0,151.0,0.0,0.0,0.0,0.0,0.0,0,0,OnTime_or_MinorDelay,11,11,Morning,1
2024,1,1,2024-01-01,9E,5274.0,HSV,"Huntsville, AL",Alabama,ATL,"Atlanta, GA",Georgia,1204,1155.0,-9.0,21.0,1216.0,1350.0,8.0,1403,1358.0,-5.0,0,,0,59.0,63.0,34.0,151.0,0.0,0.0,0.0,0.0,0.0,0,0,OnTime_or_MinorDelay,12,14,Afternoon,1
2024,1,1,2024-01-01,9E,5277.0,LAN,"Lansing, MI",Michigan,DTW,"Detroit, MI",Michigan,525,515.0,-10.0,38.0,553.0,613.0,11.0,630,624.0,-6.0,0,,0,65.0,69.0,20.0,74.0,0.0,0.0,0.0,0.0,0.0,0,0,OnTime_or_MinorDelay,5,6,Morning,1
2024,1,1,2024-01-01,9E,5279.0,TYS,"Knoxville, TN",Tennessee,ATL,"Atlanta, GA",Georgia,910,906.0,-4.0,14.0,920.0,951.0,4.0,1025,955.0,-30.0,0,,0,75.0,49.0,31.0,152.0,0.0,0.0,0.0,0.0,0.0,0,0,OnTime_or_MinorDelay,9,10,Morning,1
2024,1,1,2024-01-01,9E,5283.0,MSP,"Minneapolis, MN",Minnesota,STL,"St. Louis, MO",Missouri,800,805.0,5.0,20.0,825.0,935.0,7.0,954,942.0,-12.0,0,,0,114.0,97.0,70.0,448.0,0.0,0.0,0.0,0.0,0.0,0,0,OnTime_or_MinorDelay,8,9,Morning,1
2024,1,1,2024-01-01,9E,5283.0,STL,"St. Louis, MO",Missouri,MSP,"Minneapolis, MN",Minnesota,1039,1036.0,-3.0,13.0,1049.0,1159.0,9.0,1215,1208.0,-7.0,0,,0,96.0,92.0,70.0,448.0,0.0,0.0,0.0,0.0,0.0,0,0,OnTime_or_MinorDelay,10,12,Morning,1
2024,1,1,2024-01-01,9E,5284.0,LGA,"New York, NY",New York,SAV,"Savannah, GA",Georgia,1815,1810.0,-5.0,21.0,1831.0,2014.0,5.0,2045,2019.0,-26.0,0,,0,150.0,129.0,103.0,722.0,0.0,0.0,0.0,0.0,0.0,0,0,OnTime_or_MinorDelay,18,20,Evening,1
2024,1,1,2024-01-01,9E,5285.0,DTW,"Detroit, MI",Michigan,GRB,"Green Bay, WI",Wisconsin,2050,2046.0,-4.0,16.0,2102.0,2059.0,5.0,2124,2104.0,-20.0,0,,0,94.0,78.0,57.0,287.0,0.0,0.0,0.0,0.0,0.0,0,0,OnTime_or_MinorDelay,20,21,Evening,1
2024,1,1,2024-01-01,9E,5288.0,DTW,"Detroit, MI",Michigan,STL,"St. Louis, MO",Missouri,2040,2036.0,-4.0,15.0,2051.0,2059.0,5.0,2128,2104.0,-24.0,0,,0,108.0,88.0,68.0,440.0,0.0,0.0,0.0,0.0,0.0,0,0,OnTime_or_MinorDelay,20,21,Evening,1
2024,1,1,2024-01-01,9E,5292.0,DTW,"Detroit, MI",Michigan,JFK,"New York, NY",New York,1405,1456.0,51.0,15.0,1511.0,1631.0,11.0,1606,1642.0,36.0,0,,0,121.0,106.0,80.0,509.0,36.0,0.0,0.0,0.0,0.0,1,1,Carrier,14,16,Afternoon,1
2024,1,1,2024-01-01,9E,5293.0,DTW,"Detroit, MI",Michigan,CLT,"Charlotte, NC",North Carolina,1022,1022.0,0.0,26.0,1048.0,1206.0,8.0,1216,1214.0,-2.0,0,,0,114.0,112.0,78.0,500.0,0.0,0.0,0.0,0.0,0.0,0,0,OnTime_or_MinorDelay,10,12,Morning,1
2024,1,1,2024-01-01,9E,5299.0,JFK,"New York, NY",New York,IAD,"Washington, DC",Virginia,1500,1456.0,-4.0,28.0,1524.0,1628.0,5.0,1639,1633.0,-6.0,0,,0,99.0,97.0,64.0,228.0,0.0,0.0,0.0,0.0,0.0,0,0,OnTime_or_MinorDelay,15,16,Afternoon,1
2024,1,1,2024-01-01,9E,5304.0,JFK,"New York, NY",New York,CVG,"Cincinnati, OH",Kentucky,1934,1931.0,-3.0,35.0,2006.0,2130.0,6.0,2159,2136.0,-23.0,0,,0,145.0,125.0,84.0,589.0,0.0,0.0,0.0,0.0,0.0,0,0,OnTime_or_MinorDelay,19,21,Evening,1
2024,1,1,2024-01-01,9E,5307.0,AZO,"Kalamazoo, MI",Michigan,DTW,"Detroit, MI",Michigan,615,615.0,0.0,26.0,641.0,707.0,6.0,724,713.0,-11.0,0,,0,69.0,58.0,26.0,113.0,0.0,0.0,0.0,0.0,0.0,0,0,OnTime_or_MinorDelay,6,7,Morning,1
2024,1,1,2024-01-01,9E,5308.0,JFK,"New York, NY",New York,BUF,"Buffalo, NY",New York,1950,1949.0,-1.0,23.0,2012.0,2108.0,4.0,2138,2112.0,-26.0,0,,0,108.0,83.0,56.0,301.0,0.0,0.0,0.0,0.0,0.0,0,0,OnTime_or_MinorDelay,19,21,Evening,1
2024,1,1,2024-01-01,9E,5312.0,ATL,"Atlanta, GA",Georgia,VLD,"Valdosta, GA",Georgia,959,1024.0,25.0,18.0,1042.0,1127.0,3.0,1114,1130.0,16.0,0,,0,75.0,66.0,45.0,208.0,16.0,0.0,0.0,0.0,0.0,1,1,Carrier,9,11,Morning,1
2024,1,1,2024-01-01,9E,5312.0,VLD,"Valdosta, GA",Georgia,ATL,"Atlanta, GA",Georgia,1200,1206.0,6.0,11.0,1217.0,1307.0,4.0,1323,1311.0,-12.0,0,,0,83.0,65.0,50.0,208.0,0.0,0.0,0.0,0.0,0.0,0,0,OnTime_or_MinorDelay,12,13,Afternoon,1
2024,1,1,2024-01-01,9E,5313.0,SGF,"Springfield, MO",Missouri,ATL,"Atlanta, GA",Georgia,600,611.0,11.0,12.0,623.0,839.0,21.0,905,900.0,-5.0,0,,0,125.0,109.0,76.0,563.0,0.0,0.0,0.0,0.0,0.0,0,0,OnTime_or_MinorDelay,6,9,Morning,1
2024,1,1,2024-01-01,9E,5314.0,DTW,"Detroit, MI",Michigan,RIC,"Richmond, VA",Virginia,1605,1559.0,-6.0,32.0,1631.0,1745.0,5.0,1751,1750.0,-1.0,0,,0,106.0,111.0,74.0,456.0,0.0,0.0,0.0,0.0,0.0,0,0,OnTime_or_MinorDelay,16,17,Afternoon,1
2024,1,1,2024-01-01,9E,5316.0,LGA,"New York, NY",New York,SAV,"Savannah, GA",Georgia,945,948.0,3.0,22.0,1010.0,1200.0,4.0,1221,1204.0,-17.0,0,,0,156.0,136.0,110.0,722.0,0.0,0.0,0.0,0.0,0.0,0,0,OnTime_or_MinorDelay,9,12,Morning,1
2024,1,1,2024-01-01,9E,5316.0,SAV,"Savannah, GA",Georgia,LGA,"New York, NY",New York,1400,1348.0,-12.0,9.0,1357.0,1527.0,5.0,1608,1532.0,-36.0,0,,0,128.0,104.0,90.0,722.0,0.0,0.0,0.0,0.0,0.0,0,0,OnTime_or_MinorDelay,14,16,Afternoon,1
2024,1,1,2024-01-01,9E,5317.0,TYS,"Knoxville, TN",Tennessee,ATL,"Atlanta, GA",Georgia,652,647.0,-5.0,12.0,659.0,730.0,7.0,804,737.0,-27.0,0,,0,72.0,50.0,31.0,152.0,0.0,0.0,0.0,0.0,0.0,0,0,OnTime_or_MinorDelay,6,8,Morning,1
2024,1,1,2024-01-01,9E,5318.0,JFK,"New York, NY",New York,BNA,"Nashville, TN",Tennessee,1800,1755.0,-5.0,44.0,1839.0,1925.0,8.0,1946,1933.0,-13.0,0,,0,166.0,158.0,106.0,765.0,0.0,0.0,0.0,0.0,0.0,0,0,OnTime_or_MinorDelay,18,19,Evening,1
2024,1,1,2024-01-01,9E,5319.0,AZO,"Kalamazoo, MI",Michigan,DTW,"Detroit, MI",Michigan,1411,1357.0,-14.0,19.0,1416.0,1444.0,9.0,1515,1453.0,-22.0,0,,0,64.0,56.0,28.0,113.0,0.0,0.0,0.0,0.0,0.0,0,0,OnTime_or_MinorDelay,14,15,Afternoon,1
2024,1,1,2024-01-01,9E,5319.0,DTW,"Detroit, MI",Michigan,AZO,"Kalamazoo, MI",Michigan,1227,1212.0,-15.0,21.0,1233.0,1301.0,2.0,1326,1303.0,-23.0,0,,0,59.0,51.0,28.0,113.0,0.0,0.0,0.0,0.0,0.0,0,0,OnTime_or_MinorDelay,12,13,Afternoon,1
2024,1,1,2024-01-01,9E,5321.0,LGA,"New York, NY",New York,RDU,"Raleigh/Durham, NC",North Carolina,1825,1815.0,-10.0,21.0,1836.0,1952.0,6.0,2026,1958.0,-28.0,0,,0,121.0,103.0,76.0,431.0,0.0,0.0,0.0,0.0,0.0,0,0,OnTime_or_MinorDelay,18,20,Evening,1
2024,1,1,2024-01-01,9E,5329.0,JFK,"New York, NY",New York,DTW,"Detroit, MI",Michigan,709,708.0,-1.0,15.0,723.0,848.0,10.0,929,858.0,-31.0,0,,0,140.0,110.0,85.0,509.0,0.0,0.0,0.0,0.0,0.0,0,0,OnTime_or_MinorDelay,7,9,Morning,1
2024,1,1,2024-01-01,9E,5332.0,CID,"Cedar Rapids/Iowa City, IA",Iowa,MSP,"Minneapolis, MN",Minnesota,629,629.0,0.0,15.0,644.0,729.0,8.0,755,737.0,-18.0,0,,0,86.0,68.0,45.0,220.0,0.0,0.0,0.0,0.0,0.0,0,0,OnTime_or_MinorDelay,6,7,Morning,1
2024,1,1,2024-01-01,9E,5340.0,JFK,"New York, NY",New York,ITH,"Ithaca/Cortland, NY",New York,1935,1930.0,-5.0,28.0,1958.0,2038.0,2.0,2101,2040.0,-21.0,0,,0,86.0,70.0,40.0,189.0,0.0,0.0,0.0,0.0,0.0,0,0,OnTime_or_MinorDelay,19,21,Evening,1
2024,1,1,2024-01-01,9E,5341.0,CHS,"Charleston, SC",South Carolina,LGA,"New York, NY",New York,830,823.0,-7.0,12.0,835.0,958.0,9.0,1028,1007.0,-21.0,0,,0,118.0,104.0,83.0,641.0,0.0,0.0,0.0,0.0,0.0,0,0,OnTime_or_MinorDelay,8,10,Morning,1
2024,1,1,2024-01-01,9E,5342.0,BUF,"Buffalo, NY",New York,DTW,"Detroit, MI",Michigan,1300,1251.0,-9.0,25.0,1316.0,1400.0,8.0,1420,1408.0,-12.0,0,,0,80.0,77.0,44.0,241.0,0.0,0.0,0.0,0.0,0.0,0,0,OnTime_or_MinorDelay,13,14,Afternoon,1
2024,1,1,2024-01-01,9E,5342.0,DTW,"Detroit, MI",Michigan,BUF,"Buffalo, NY",New York,1000,957.0,-3.0,13.0,1010.0,1054.0,4.0,1110,1058.0,-12.0,0,,0,70.0,61.0,44.0,241.0,0.0,0.0,0.0,0.0,0.0,0,0,OnTime_or_MinorDelay,10,11,Morning,1
2024,1,1,2024-01-01,9E,5345.0,DTW,"Detroit, MI",Michigan,DSM,"Des Moines, IA",Iowa,1600,1555.0,-5.0,13.0,1608.0,1627.0,4.0,1701,1631.0,-30.0,0,,0,121.0,96.0,79.0,533.0,0.0,0.0,0.0,0.0,0.0,0,0,OnTime_or_MinorDelay,16,17,Afternoon,1
2024,1,1,2024-01-01,9E,5346.0,ATL,"Atlanta, GA",Georgia,LEX,"Lexington, KY",Kentucky,2240,2236.0,-4.0,15.0,2251.0,2346.0,4.0,2359,2350.0,-9.0,0,,0,79.0,74.0,55.0,304.0,0.0,0.0,0.0,0.0,0.0,0,0,OnTime_or_MinorDelay,22,23,Night,1
2024,1,1,2024-01-01,9E,5353.0,DTW,"Detroit, MI",Michigan,AZO,"Kalamazoo, MI",Michigan,2140,2137.0,-3.0,11.0,2148.0,2214.0,2.0,2244,2216.0,-28.0,0,,0,64.0,39.0,26.0,113.0,0.0,0.0,0.0,0.0,0.0,0,0,OnTime_or_MinorDelay,21,22,Evening,1
2024,1,1,2024-01-01,9E,5354.0,JFK,"New York, NY",New York,ROC,"Rochester, NY",New York,1620,1615.0,-5.0,28.0,1643.0,1733.0,8.0,1800,1741.0,-19.0,0,,0,100.0,86.0,50.0,264.0,0.0,0.0,0.0,0.0,0.0,0,0,OnTime_or_MinorDelay,16,18,Afternoon,1
2024,1,1,2024-01-01,9E,5355.0,ATW,"Appleton, WI",Wisconsin,DTW,"Detroit, MI",Michigan,700,655.0,-5.0,9.0,704.0,856.0,9.0,929,905.0,-24.0,0,,0,89.0,70.0,52.0,296.0,0.0,0.0,0.0,0.0,0.0,0,0,OnTime_or_MinorDelay,7,9,Morning,1
2024,1,1,2024-01-01,9E,5357.0,IAD,"Washington, DC",Virginia,JFK,"New York, NY",New York,1520,1520.0,0.0,16.0,1536.0,1625.0,8.0,1700,1633.0,-27.0,0,,0,100.0,73.0,49.0,228.0,0.0,0.0,0.0,0.0,0.0,0,0,OnTime_or_MinorDelay,15,17,Afternoon,1
2024,1,1,2024-01-01,9E,5359.0,AGS,"Augusta, GA",Georgia,ATL,"Atlanta, GA",Georgia,1849,1845.0,-4.0,20.0,1905.0,1940.0,7.0,2010,1947.0,-23.0,0,,0,81.0,62.0,35.0,143.0,0.0,0.0,0.0,0.0,0.0,0,0,OnTime_or_MinorDelay,18,20,Evening,1
2024,1,1,2024-01-01,9E,5359.0,ATL,"Atlanta, GA",Georgia,AGS,"Augusta, GA",Georgia,1704,1705.0,1.0,14.0,1719.0,1753.0,3.0,1803,1756.0,-7.0,0,,0,59.0,51.0,34.0,143.0,0.0,0.0,0.0,0.0,0.0,0,0,OnTime_or_MinorDelay,17,18,Evening,1
2024,1,1,2024-01-01,9E,5360.0,DTW,"Detroit, MI",Michigan,MCI,"Kansas City, MO",Missouri,825,822.0,-3.0,16.0,838.0,904.0,5.0,942,909.0,-33.0,0,,0,137.0,107.0,86.0,629.0,0.0,0.0,0.0,0.0,0.0,0,0,OnTime_or_MinorDelay,8,9,Morning,1
2024,1,1,2024-01-01,9E,5364.0,MCI,"Kansas City, MO",Missouri,LGA,"New York, NY",New York,1203,1158.0,-5.0,14.0,1212.0,1538.0,5.0,1555,1543.0,-12.0,0,,0,172.0,165.0,146.0,1107.0,0.0,0.0,0.0,0.0,0.0,0,0,OnTime_or_MinorDelay,12,15,Afternoon,1
2024,1,1,2024-01-01,9E,5365.0,LGA,"New York, NY",New York,CVG,"Cincinnati, OH",Kentucky,1125,1152.0,27.0,20.0,1212.0,1342.0,4.0,1352,1346.0,-6.0,0,,0,147.0,114.0,90.0,585.0,0.0,0.0,0.0,0.0,0.0,0,0,OnTime_or_MinorDelay,11,13,Morning,1
2024,1,1,2024-01-01,9E,5367.0,BOS,"Boston, MA",Massachusetts,CVG,"Cincinnati, OH",Kentucky,1405,1408.0,3.0,17.0,1425.0,1612.0,15.0,1647,1627.0,-20.0,0,,0,162.0,139.0,107.0,752.0,0.0,0.0,0.0,0.0,0.0,0,0,OnTime_or_MinorDelay,14,16,Afternoon,1
2024,1,1,2024-01-01,9E,5368.0,MKE,"Milwaukee, WI",Wisconsin,DTW,"Detroit, MI",Michigan,1730,1728.0,-2.0,16.0,1744.0,1929.0,5.0,1949,1934.0,-15.0,0,,0,79.0,66.0,45.0,237.0,0.0,0.0,0.0,0.0,0.0,0,0,OnTime_or_MinorDelay,17,19,Evening,1
2024,1,1,2024-01-01,9E,5369.0,DTW,"Detroit, MI",Michigan,SYR,"Syracuse, NY",New York,1010,1006.0,-4.0,17.0,1023.0,1125.0,4.0,1142,1129.0,-13.0,0,,0,92.0,83.0,62.0,374.0,0.0,0.0,0.0,0.0,0.0,0,0,OnTime_or_MinorDelay,10,11,Morning,1
2024,1,1,2024-01-01,9E,5376.0,RIC,"Richmond, VA",Virginia,DTW,"Detroit, MI",Michigan,544,539.0,-5.0,20.0,559.0,716.0,9.0,745,725.0,-20.0,0,,0,121.0,106.0,77.0,456.0,0.0,0.0,0.0,0.0,0.0,0,0,OnTime_or_MinorDelay,5,7,Morning,1
2024,1,1,2024-01-01,9E,5377.0,PWM,"Portland, ME",Maine,LGA,"New York, NY",New York,700,720.0,20.0,9.0,729.0,817.0,7.0,839,824.0,-15.0,0,,0,99.0,64.0,48.0,269.0,0.0,0.0,0.0,0.0,0.0,0,0,OnTime_or_MinorDelay,7,8,Morning,1
2024,1,1,2024-01-01,9E,5379.0,DTW,"Detroit, MI",Michigan,GRB,"Green Bay, WI",Wisconsin,1020,1017.0,-3.0,15.0,1032.0,1019.0,4.0,1052,1023.0,-29.0,0,,0,92.0,66.0,47.0,287.0,0.0,0.0,0.0,0.0,0.0,0,0,OnTime_or_MinorDelay,10,10,Morning,1
2024,1,1,2024-01-01,9E,5379.0,GRB,"Green Bay, WI",Wisconsin,DTW,"Detroit, MI",Michigan,1230,1224.0,-6.0,14.0,1238.0,1431.0,7.0,1454,1438.0,-16.0,0,,0,84.0,74.0,53.0,287.0,0.0,0.0,0.0,0.0,0.0,0,0,OnTime_or_MinorDelay,12,14,Afternoon,1
2024,1,1,2024-01-01,9E,5380.0,BWI,"Baltimore, MD",Maryland,JFK,"New York, NY",New York,1700,1652.0,-8.0,22.0,1714.0,1756.0,7.0,1845,1803.0,-42.0,0,,0,105.0,71.0,42.0,184.0,0.0,0.0,0.0,0.0,0.0,0,0,OnTime_or_MinorDelay,17,18,Evening,1
2024,1,1,2024-01-01,9E,5380.0,JFK,"New York, NY",New York,BWI,"Baltimore, MD",Maryland,1448,1444.0,-4.0,25.0,1509.0,1549.0,6.0,1615,1555.0,-20.0,0,,0,87.0,71.0,40.0,184.0,0.0,0.0,0.0,0.0,0.0,0,0,OnTime_or_MinorDelay,14,16,Afternoon,1
2024,1,1,2024-01-01,9E,5381.0,ABE,"Allentown/Bethlehem/Easton, PA",Pennsylvania,ATL,"Atlanta, GA",Georgia,1231,1240.0,9.0,13.0,1253.0,1432.0,5.0,1450,1437.0,-13.0,0,,0,139.0,117.0,99.0,692.0,0.0,0.0,0.0,0.0,0.0,0,0,OnTime_or_MinorDelay,12,14,Afternoon,1
2024,1,1,2024-01-01,9E,5381.0,ATL,"Atlanta, GA",Georgia,ABE,"Allentown/Bethlehem/Easton, PA",Pennsylvania,940,950.0,10.0,29.0,1019.0,1151.0,3.0,1146,1154.0,8.0,0,,0,126.0,124.0,92.0,692.0,0.0,0.0,0.0,0.0,0.0,0,0,OnTime_or_MinorDelay,9,11,Morning,1
2024,1,1,2024-01-01,9E,5382.0,CLE,"Cleveland, OH",Ohio,LGA,"New York, NY",New York,800,825.0,25.0,26.0,851.0,1000.0,6.0,949,1006.0,17.0,0,,0,109.0,101.0,69.0,419.0,17.0,0.0,0.0,0.0,0.0,1,1,Carrier,8,9,Morning,1
2024,1,1,2024-01-01,9E,5383.0,BMI,"Bloomington/Normal, IL",Illinois,ATL,"Atlanta, GA",Georgia,600,550.0,-10.0,23.0,613.0,830.0,6.0,857,836.0,-21.0,0,,0,117.0,106.0,77.0,533.0,0.0,0.0,0.0,0.0,0.0,0,0,OnTime_or_MinorDelay,6,8,Morning,1
2024,1,1,2024-01-01,9E,5384.0,CWA,"Mosinee, WI",Wisconsin,MSP,"Minneapolis, MN",Minnesota,650,640.0,-10.0,11.0,651.0,721.0,10.0,810,731.0,-39.0,0,,0,80.0,51.0,30.0,175.0,0.0,0.0,0.0,0.0,0.0,0,0,OnTime_or_MinorDelay,6,8,Morning,1
2024,1,1,2024-01-01,9E,5386.0,MSN,"Madison, WI",Wisconsin,MSP,"Minneapolis, MN",Minnesota,550,545.0,-5.0,12.0,557.0,640.0,9.0,710,649.0,-21.0,0,,0,80.0,64.0,43.0,228.0,0.0,0.0,0.0,0.0,0.0,0,0,OnTime_or_MinorDelay,5,7,Morning,1
2024,1,1,2024-01-01,9E,5387.0,BGM,"Binghamton, NY",New York,LGA,"New York, NY",New York,700,658.0,-2.0,46.0,744.0,819.0,7.0,809,826.0,17.0,0,,0,69.0,88.0,35.0,147.0,0.0,0.0,17.0,0.0,0.0,1,3,NAS,7,8,Morning,1
2024,1,1,2024-01-01,9E,5389.0,ATL,"Atlanta, GA",Georgia,BMI,"Bloomington/Normal, IL",Illinois,1459,1514.0,15.0,10.0,1524.0,1543.0,5.0,1549,1548.0,-1.0,0,,0,110.0,94.0,79.0,533.0,0.0,0.0,0.0,0.0,0.0,0,0,OnTime_or_MinorDelay,14,15,Afternoon,1
2024,1,1,2024-01-01,9E,5389.0,BMI,"Bloomington/Normal, IL",Illinois,ATL,"Atlanta, GA",Georgia,1634,1630.0,-4.0,10.0,1640.0,1852.0,9.0,1924,1901.0,-23.0,0,,0,110.0,91.0,72.0,533.0,0.0,0.0,0.0,0.0,0.0,0,0,OnTime_or_MinorDelay,16,19,Afternoon,1
2024,1,1,2024-01-01,9E,5390.0,AVL,"Asheville, NC",North Carolina,LGA,"New York, NY",New York,1425,1419.0,-6.0,15.0,1434.0,1555.0,6.0,1621,1601.0,-20.0,0,,0,116.0,102.0,81.0,599.0,0.0,0.0,0.0,0.0,0.0,0,0,OnTime_or_MinorDelay,14,16,Afternoon,1
2024,1,1,2024-01-01,9E,5390.0,LGA,"New York, NY",New York,AVL,"Asheville, NC",North Carolina,1120,1110.0,-10.0,15.0,1125.0,1301.0,3.0,1338,1304.0,-34.0,0,,0,138.0,114.0,96.0,599.0,0.0,0.0,0.0,0.0,0.0,0,0,OnTime_or_MinorDelay,11,13,Morning,1
2024,1,1,2024-01-01,9E,5392.0,CVG,"Cincinnati, OH",Kentucky,MSP,"Minneapolis, MN",Minnesota,1200,1151.0,-9.0,12.0,1203.0,1233.0,7.0,1309,1240.0,-29.0,0,,0,129.0,109.0,90.0,596.0,0.0,0.0,0.0,0.0,0.0,0,0,OnTime_or_MinorDelay,12,13,Afternoon,1
2024,1,1,2024-01-01,9E,5392.0,MSP,"Minneapolis, MN",Minnesota,CVG,"Cincinnati, OH",Kentucky,715,705.0,-10.0,17.0,722.0,945.0,4.0,1029,949.0,-40.0,0,,0,134.0,104.0,83.0,596.0,0.0,0.0,0.0,0.0,0.0,0,0,OnTime_or_MinorDelay,7,10,Morning,1
2024,1,1,2024-01-01,9E,5393.0,RDU,"Raleigh/Durham, NC",North Carolina,JFK,"New York, NY",New York,805,800.0,-5.0,26.0,826.0,930.0,10.0,1010,940.0,-30.0,0,,0,125.0,100.0,64.0,427.0,0.0,0.0,0.0,0.0,0.0,0,0,OnTime_or_MinorDelay,8,10,Morning,1
2024,1,1,2024-01-01,9E,5394.0,ROC,"Rochester, NY",New York,LGA,"New York, NY",New York,700,655.0,-5.0,28.0,723.0,808.0,8.0,832,816.0,-16.0,0,,0,92.0,81.0,45.0,254.0,0.0,0.0,0.0,0.0,0.0,0,0,OnTime_or_MinorDelay,7,8,Morning,1
2024,1,1,2024-01-01,9E,5395.0,CHO,"Charlottesville, VA",Virginia,LGA,"New York, NY",New York,1124,1111.0,-13.0,23.0,1134.0,1219.0,6.0,1259,1225.0,-34.0,0,,0,95.0,74.0,45.0,305.0,0.0,0.0,0.0,0.0,0.0,0,0,OnTime_or_MinorDelay,11,12,Morning,1
2024,1,1,2024-01-01,9E,5396.0,LGA,"New York, NY",New York,IND,"Indianapolis, IN",Indiana,1720,1711.0,-9.0,19.0,1730.0,1859.0,3.0,1950,1902.0,-48.0,0,,0,150.0,111.0,89.0,660.0,0.0,0.0,0.0,0.0,0.0,0,0,OnTime_or_MinorDelay,17,19,Evening,1
2024,1,1,2024-01-01,9E,5402.0,DSM,"Des Moines, IA",Iowa,MSP,"Minneapolis, MN",Minnesota,650,641.0,-9.0,11.0,652.0,738.0,12.0,820,750.0,-30.0,0,,0,90.0,69.0,46.0,232.0,0.0,0.0,0.0,0.0,0.0,0,0,OnTime_or_MinorDelay,6,8,Morning,1
2024,1,1,2024-01-01,9E,5403.0,MCI,"Kansas City, MO",Missouri,DTW,"Detroit, MI",Michigan,625,621.0,-4.0,16.0,637.0,912.0,11.0,927,923.0,-4.0,0,,0,122.0,122.0,95.0,629.0,0.0,0.0,0.0,0.0,0.0,0,0,OnTime_or_MinorDelay,6,9,Morning,1
2024,1,1,2024-01-01,9E,5404.0,MSP,"Minneapolis, MN",Minnesota,DSM,"Des Moines, IA",Iowa,1950,1947.0,-3.0,40.0,2027.0,2105.0,4.0,2125,2109.0,-16.0,0,,0,95.0,82.0,38.0,232.0,0.0,0.0,0.0,0.0,0.0,0,0,OnTime_or_MinorDelay,19,21,Evening,1
2024,1,1,2024-01-01,9E,5405.0,MSP,"Minneapolis, MN",Minnesota,CVG,"Cincinnati, OH",Kentucky,1030,1027.0,-3.0,13.0,1040.0,1306.0,5.0,1336,1311.0,-25.0,0,,0,126.0,104.0,86.0,596.0,0.0,0.0,0.0,0.0,0.0,0,0,OnTime_or_MinorDelay,10,13,Morning,1
2024,1,1,2024-01-01,9E,5406.0,CLT,"Charlotte, NC",North Carolina,DTW,"Detroit, MI",Michigan,1306,1303.0,-3.0,14.0,1317.0,1435.0,9.0,1500,1444.0,-16.0,0,,0,114.0,101.0,78.0,500.0,0.0,0.0,0.0,0.0,0.0,0,0,OnTime_or_MinorDelay,13,15,Afternoon,1
2024,1,1,2024-01-01,9E,5407.0,CAE,"Columbia, SC",South Carolina,LGA,"New York, NY",New York,1645,1640.0,-5.0,10.0,1650.0,1808.0,5.0,1843,1813.0,-30.0,0,,0,118.0,93.0,78.0,617.0,0.0,0.0,0.0,0.0,0.0,0,0,OnTime_or_MinorDelay,16,18,Afternoon,1
2024,1,1,2024-01-01,9E,5407.0,LGA,"New York, NY",New York,CAE,"Columbia, SC",South Carolina,1351,1344.0,-7.0,17.0,1401.0,1532.0,3.0,1600,1535.0,-25.0,0,,0,129.0,111.0,91.0,617.0,0.0,0.0,0.0,0.0,0.0,0,0,OnTime_or_MinorDelay,13,16,Afternoon,1
2024,1,1,2024-01-01,9E,5408.0,LGA,"New York, NY",New York,BGM,"Binghamton, NY",New York,1959,1938.0,-21.0,16.0,1954.0,2023.0,3.0,2114,2026.0,-48.0,0,,0,75.0,48.0,29.0,147.0,0.0,0.0,0.0,0.0,0.0,0,0,OnTime_or_MinorDelay,19,21,Evening,1
2024,1,1,2024-01-01,9E,5409.0,DTW,"Detroit, MI",Michigan,GRR,"Grand Rapids, MI",Michigan,1015,1009.0,-6.0,23.0,1032.0,1059.0,2.0,1112,1101.0,-11.0,0,,0,57.0,52.0,27.0,120.0,0.0,0.0,0.0,0.0,0.0,0,0,OnTime_or_MinorDelay,10,11,Morning,1
2024,1,1,2024-01-01,9E,5410.0,ATL,"Atlanta, GA",Georgia,BMI,"Bloomington/Normal, IL",Illinois,2142,2138.0,-4.0,13.0,2151.0,2216.0,5.0,2235,2221.0,-14.0,0,,0,113.0,103.0,85.0,533.0,0.0,0.0,0.0,0.0,0.0,0,0,OnTime_or_MinorDelay,21,22,Evening,1
2024,1,1,2024-01-01,9E,5414.0,DSM,"Des Moines, IA",Iowa,DTW,"Detroit, MI",Michigan,626,621.0,-5.0,12.0,633.0,900.0,9.0,917,909.0,-8.0,0,,0,111.0,108.0,87.0,533.0,0.0,0.0,0.0,0.0,0.0,0,0,OnTime_or_MinorDelay,6,9,Morning,1
2024,1,1,2024-01-01,9E,5415.0,CVG,"Cincinnati, OH",Kentucky,JFK,"New York, NY",New York,1500,1500.0,0.0,12.0,1512.0,1651.0,10.0,1707,1701.0,-6.0,0,,0,127.0,121.0,99.0,589.0,0.0,0.0,0.0,0.0,0.0,0,0,OnTime_or_MinorDelay,15,17,Afternoon,1
2024,1,1,2024-01-01,9E,5416.0,MSP,"Minneapolis, MN",Minnesota,GFK,"Grand Forks, ND",North Dakota,2130,2119.0,-11.0,32.0,2151.0,2240.0,4.0,2312,2244.0,-28.0,0,,0,102.0,85.0,49.0,284.0,0.0,0.0,0.0,0.0,0.0,0,0,OnTime_or_MinorDelay,21,23,Evening,1
2024,1,1,2024-01-01,9E,5419.0,XNA,"Fayetteville, AR",Arkansas,ATL,"Atlanta, GA",Georgia,604,602.0,-2.0,17.0,619.0,835.0,27.0,905,902.0,-3.0,0,,0,121.0,120.0,76.0,589.0,0.0,0.0,0.0,0.0,0.0,0,0,OnTime_or_MinorDelay,6,9,Morning,1
2024,1,1,2024-01-01,9E,5420.0,ATL,"Atlanta, GA",Georgia,CLT,"Charlotte, NC",North Carolina,1510,1505.0,-5.0,19.0,1524.0,1605.0,5.0,1624,1610.0,-14.0,0,,0,74.0,65.0,41.0,226.0,0.0,0.0,0.0,0.0,0.0,0,0,OnTime_or_MinorDelay,15,16,Afternoon,1
2024,1,1,2024-01-01,9E,5420.0,CLT,"Charlotte, NC",North Carolina,ATL,"Atlanta, GA",Georgia,1721,1716.0,-5.0,20.0,1736.0,1820.0,14.0,1852,1834.0,-18.0,0,,0,91.0,78.0,44.0,226.0,0.0,0.0,0.0,0.0,0.0,0,0,OnTime_or_MinorDelay,17,18,Evening,1
2024,1,1,2024-01-01,9E,5422.0,DTW,"Detroit, MI",Michigan,JFK,"New York, NY",New York,1000,1006.0,6.0,16.0,1022.0,1135.0,8.0,1200,1143.0,-17.0,0,,0,120.0,97.0,73.0,509.0,0.0,0.0,0.0,0.0,0.0,0,0,OnTime_or_MinorDelay,10,12,Morning,1
2024,1,1,2024-01-01,9E,5428.0,ATL,"Atlanta, GA",Georgia,TUL,"Tulsa, OK",Oklahoma,1351,1344.0,-7.0,19.0,1403.0,1444.0,6.0,1500,1450.0,-10.0,0,,0,129.0,126.0,101.0,674.0,0.0,0.0,0.0,0.0,0.0,0,0,OnTime_or_MinorDelay,13,15,Afternoon,1
2024,1,1,2024-01-01,9E,5428.0,TUL,"Tulsa, OK",Oklahoma,ATL,"Atlanta, GA",Georgia,1545,1543.0,-2.0,13.0,1556.0,1822.0,11.0,1845,1833.0,-12.0,0,,0,120.0,110.0,86.0,674.0,0.0,0.0,0.0,0.0,0.0,0,0,OnTime_or_MinorDelay,15,18,Afternoon,1
2024,1,1,2024-01-01,9E,5429.0,JFK,"New York, NY",New York,RDU,"Raleigh/Durham, NC",North Carolina,1250,1248.0,-2.0,27.0,1315.0,1432.0,5.0,1444,1437.0,-7.0,0,,0,114.0,109.0,77.0,427.0,0.0,0.0,0.0,0.0,0.0,0,0,OnTime_or_MinorDelay,12,14,Afternoon,1
2024,1,1,2024-01-01,9E,5431.0,BGR,"Bangor, ME",Maine,JFK,"New York, NY",New York,1400,1358.0,-2.0,18.0,1416.0,1525.0,7.0,1556,1532.0,-24.0,0,,0,116.0,94.0,69.0,382.0,0.0,0.0,0.0,0.0,0.0,0,0,OnTime_or_MinorDelay,14,15,Afternoon,1
2024,1,1,2024-01-01,9E,5431.0,JFK,"New York, NY",New York,BGR,"Bangor, ME",Maine,1135,1120.0,-15.0,22.0,1142.0,1244.0,5.0,1312,1249.0,-23.0,0,,0,97.0,89.0,62.0,382.0,0.0,0.0,0.0,0.0,0.0,0,0,OnTime_or_MinorDelay,11,13,Morning,1
2024,1,1,2024-01-01,9E,5435.0,MKE,"Milwaukee, WI",Wisconsin,DTW,"Detroit, MI",Michigan,1200,1155.0,-5.0,10.0,1205.0,1353.0,7.0,1409,1400.0,-9.0,0,,0,69.0,65.0,48.0,237.0,0.0,0.0,0.0,0.0,0.0,0,0,OnTime_or_MinorDelay,12,14,Afternoon,1
2024,1,1,2024-01-01,9E,5441.0,JFK,"New York, NY",New York,CLT,"Charlotte, NC",North Carolina,1642,1637.0,-5.0,22.0,1659.0,1822.0,12.0,1858,1834.0,-24.0,0,,0,136.0,117.0,83.0,541.0,0.0,0.0,0.0,0.0,0.0,0,0,OnTime_or_MinorDelay,16,18,Afternoon,1
2024,1,1,2024-01-01,9E,5443.0,ATL,"Atlanta, GA",Georgia,VLD,"Valdosta, GA",Georgia,2007,1958.0,-9.0,17.0,2015.0,2050.0,4.0,2119,2054.0,-25.0,0,,0,72.0,56.0,35.0,208.0,0.0,0.0,0.0,0.0,0.0,0,0,OnTime_or_MinorDelay,20,21,Evening,1
2024,1,1,2024-01-01,9E,5444.0,DTW,"Detroit, MI",Michigan,JFK,"New York, NY",New York,1955,1952.0,-3.0,49.0,2041.0,2204.0,9.0,2200,2213.0,13.0,0,,0,125.0,141.0,83.0,509.0,0.0,0.0,0.0,0.0,0.0,0,0,OnTime_or_MinorDelay,19,22,Evening,1
2024,1,1,2024-01-01,9E,5446.0,RST,"Rochester, MN",Minnesota,MSP,"Minneapolis, MN",Minnesota,510,505.0,-5.0,22.0,527.0,546.0,16.0,611,602.0,-9.0,0,,0,61.0,57.0,19.0,76.0,0.0,0.0,0.0,0.0,0.0,0,0,OnTime_or_MinorDelay,5,6,Morning,1
2024,1,1,2024-01-01,9E,5451.0,MSP,"Minneapolis, MN",Minnesota,RST,"Rochester, MN",Minnesota,2220,2207.0,-13.0,44.0,2251.0,2310.0,3.0,2322,2313.0,-9.0,0,,0,62.0,66.0,19.0,76.0,0.0,0.0,0.0,0.0,0.0,0,0,OnTime_or_MinorDelay,22,23,Night,1
2024,1,1,2024-01-01,9E,5455.0,GRB,"Green Bay, WI",Wisconsin,DTW,"Detroit, MI",Michigan,700,657.0,-3.0,16.0,713.0,902.0,11.0,930,913.0,-17.0,0,,0,90.0,76.0,49.0,287.0,0.0,0.0,0.0,0.0,0.0,0,0,OnTime_or_MinorDelay,7,9,Morning,1
2024,1,1,2024-01-01,9E,5460.0,ATL,"Atlanta, GA",Georgia,LEX,"Lexington, KY",Kentucky,915,903.0,-12.0,24.0,927.0,1021.0,4.0,1033,1025.0,-8.0,0,,0,78.0,82.0,54.0,304.0,0.0,0.0,0.0,0.0,0.0,0,0,OnTime_or_MinorDelay,9,10,Morning,1
2024,1,1,2024-01-01,9E,5460.0,LEX,"Lexington, KY",Kentucky,ATL,"Atlanta, GA",Georgia,1118,1113.0,-5.0,12.0,1125.0,1226.0,4.0,1253,1230.0,-23.0,0,,0,95.0,77.0,61.0,304.0,0.0,0.0,0.0,0.0,0.0,0,0,OnTime_or_MinorDelay,11,12,Morning,1
2024,1,1,2024-01-01,9E,5461.0,LGA,"New York, NY",New York,MEM,"Memphis, TN",Tennessee,1044,1037.0,-7.0,21.0,1058.0,1219.0,3.0,1302,1222.0,-40.0,0,,0,198.0,165.0,141.0,963.0,0.0,0.0,0.0,0.0,0.0,0,0,OnTime_or_MinorDelay,10,13,Morning,1
2024,1,1,2024-01-01,9E,5461.0,MEM,"Memphis, TN",Tennessee,LGA,"New York, NY",New York,1354,1346.0,-8.0,14.0,1400.0,1718.0,8.0,1735,1726.0,-9.0,0,,0,161.0,160.0,138.0,963.0,0.0,0.0,0.0,0.0,0.0,0,0,OnTime_or_MinorDelay,13,17,Afternoon,1
2024,1,1,2024-01-01,9E,5468.0,DTW,"Detroit, MI",Michigan,IND,"Indianapolis, IN",Indiana,1000,957.0,-3.0,19.0,1016.0,1055.0,6.0,1115,1101.0,-14.0,0,,0,75.0,64.0,39.0,231.0,0.0,0.0,0.0,0.0,0.0,0,0,OnTime_or_MinorDelay,10,11,Morning,1
2024,1,1,2024-01-01,9E,5471.0,ATL,"Atlanta, GA",Georgia,TRI,"Bristol/Johnson City/Kingsport, TN",Tennessee,1413,1408.0,-5.0,11.0,1419.0,1504.0,4.0,1524,1508.0,-16.0,0,,0,71.0,60.0,45.0,227.0,0.0,0.0,0.0,0.0,0.0,0,0,OnTime_or_MinorDelay,14,15,Afternoon,1
2024,1,1,2024-01-01,9E,5471.0,TRI,"Bristol/Johnson City/Kingsport, TN",Tennessee,ATL,"Atlanta, GA",Georgia,1609,1604.0,-5.0,18.0,1622.0,1701.0,3.0,1722,1704.0,-18.0,0,,0,73.0,60.0,39.0,227.0,0.0,0.0,0.0,0.0,0.0,0,0,OnTime_or_MinorDelay,16,17,Afternoon,1
2024,1,1,2024-01-01,9E,5472.0,CVG,"Cincinnati, OH",Kentucky,RSW,"Fort Myers, FL",Florida,945,939.0,-6.0,12.0,951.0,1148.0,4.0,1209,1152.0,-17.0,0,,0,144.0,133.0,117.0,879.0,0.0,0.0,0.0,0.0,0.0,0,0,OnTime_or_MinorDelay,9,12,Morning,1
2024,1,1,2024-01-01,9E,5472.0,RSW,"Fort Myers, FL",Florida,CVG,"Cincinnati, OH",Kentucky,1305,1253.0,-12.0,16.0,1309.0,1512.0,5.0,1535,1517.0,-18.0,0,,0,150.0,144.0,123.0,879.0,0.0,0.0,0.0,0.0,0.0,0,0,OnTime_or_MinorDelay,13,15,Afternoon,1
2024,1,1,2024-01-01,9E,5474.0,CHS,"Charleston, SC",South Carolina,JFK,"New York, NY",New York,700,704.0,4.0,15.0,719.0,838.0,17.0,918,855.0,-23.0,0,,0,138.0,111.0,79.0,636.0,0.0,0.0,0.0,0.0,0.0,0,0,OnTime_or_MinorDelay,7,9,Morning,1
2024,1,1,2024-01-01,9E,5479.0,ATL,"Atlanta, GA",Georgia,MGM,"Montgomery, AL",Alabama,1145,1140.0,-5.0,17.0,1157.0,1128.0,3.0,1145,1131.0,-14.0,0,,0,60.0,51.0,31.0,147.0,0.0,0.0,0.0,0.0,0.0,0,0,OnTime_or_MinorDelay,11,11,Morning,1
2024,1,1,2024-01-01,9E,5479.0,MGM,"Montgomery, AL",Alabama,ATL,"Atlanta, GA",Georgia,1400,1428.0,28.0,10.0,1438.0,1611.0,7.0,1611,1618.0,7.0,0,,0,71.0,50.0,33.0,147.0,0.0,0.0,0.0,0.0,0.0,0,0,OnTime_or_MinorDelay,14,16,Afternoon,1
2024,1,1,2024-01-01,9E,5484.0,DTW,"Detroit, MI",Michigan,SDF,"Louisville, KY",Kentucky,2125,2115.0,-10.0,19.0,2134.0,2223.0,6.0,2255,2229.0,-26.0,0,,0,90.0,74.0,49.0,306.0,0.0,0.0,0.0,0.0,0.0,0,0,OnTime_or_MinorDelay,21,22,Evening,1
2024,1,1,2024-01-01,9E,5485.0,MSP,"Minneapolis, MN",Minnesota,RDU,"Raleigh/Durham, NC",North Carolina,1303,1259.0,-4.0,23.0,1322.0,1632.0,5.0,1650,1637.0,-13.0,0,,0,167.0,158.0,130.0,980.0,0.0,0.0,0.0,0.0,0.0,0,0,OnTime_or_MinorDelay,13,16,Afternoon,1
2024,1,1,2024-01-01,9E,5488.0,MLU,"Monroe, LA",Louisiana,ATL,"Atlanta, GA",Georgia,600,554.0,-6.0,17.0,611.0,814.0,7.0,848,821.0,-27.0,0,,0,108.0,87.0,63.0,448.0,0.0,0.0,0.0,0.0,0.0,0,0,OnTime_or_MinorDelay,6,8,Morning,1
2024,1,1,2024-01-01,9E,5491.0,ATL,"Atlanta, GA",Georgia,MSP,"Minneapolis, MN",Minnesota,1659,1657.0,-2.0,13.0,1710.0,1819.0,15.0,1849,1834.0,-15.0,0,,0,170.0,157.0,129.0,907.0,0.0,0.0,0.0,0.0,0.0,0,0,OnTime_or_MinorDelay,16,18,Afternoon,1
2024,1,1,2024-01-01,9E,5492.0,SYR,"Syracuse, NY",New York,DTW,"Detroit, MI",Michigan,1242,1246.0,4.0,28.0,1314.0,1412.0,7.0,1420,1419.0,-1.0,0,,0,98.0,93.0,58.0,374.0,0.0,0.0,0.0,0.0,0.0,0,0,OnTime_or_MinorDelay,12,14,Afternoon,1
2024,1,1,2024-01-01,9E,5493.0,MSP,"Minneapolis, MN",Minnesota,GRB,"Green Bay, WI",Wisconsin,2015,2009.0,-6.0,42.0,2051.0,2136.0,5.0,2149,2141.0,-8.0,0,,0,94.0,92.0,45.0,252.0,0.0,0.0,0.0,0.0,0.0,0,0,OnTime_or_MinorDelay,20,21,Evening,1
2024,1,1,2024-01-01,9E,5497.0,BHM,"Birmingham, AL",Alabama,DTW,"Detroit, MI",Michigan,1030,1105.0,35.0,10.0,1115.0,1346.0,6.0,1335,1352.0,17.0,0,,0,125.0,107.0,91.0,625.0,0.0,0.0,0.0,0.0,17.0,1,5,LateAircraft,10,13,Morning,1
2024,1,1,2024-01-01,9E,5497.0,DTW,"Detroit, MI",Michigan,BHM,"Birmingham, AL",Alabama,835,924.0,49.0,22.0,946.0,1029.0,2.0,945,1031.0,46.0,0,,0,130.0,127.0,103.0,625.0,29.0,0.0,0.0,0.0,17.0,1,1,Carrier,8,9,Morning,1
2024,1,1,2024-01-01,9E,5499.0,LGA,"New York, NY",New York,CLE,"Cleveland, OH",Ohio,1035,1025.0,-10.0,17.0,1042.0,1148.0,7.0,1234,1155.0,-39.0,0,,0,119.0,90.0,66.0,419.0,0.0,0.0,0.0,0.0,0.0,0,0,OnTime_or_MinorDelay,10,12,Morning,1
2024,1,1,2024-01-01,9E,5509.0,CVG,"Cincinnati, OH",Kentucky,FLL,"Fort Lauderdale, FL",Florida,1630,1622.0,-8.0,17.0,1639.0,1846.0,6.0,1904,1852.0,-12.0,0,,0,154.0,150.0,127.0,932.0,0.0,0.0,0.0,0.0,0.0,0,0,OnTime_or_MinorDelay,16,19,Afternoon,1
2024,1,1,2024-01-01,9E,5509.0,FLL,"Fort Lauderdale, FL",Florida,CVG,"Cincinnati, OH",Kentucky,1949,1946.0,-3.0,21.0,2007.0,2219.0,6.0,2225,2225.0,0.0,0,,0,156.0,159.0,132.0,932.0,0.0,0.0,0.0,0.0,0.0,0,0,OnTime_or_MinorDelay,19,22,Evening,1
2024,1,1,2024-01-01,9E,5516.0,LGA,"New York, NY",New York,RIC,"Richmond, VA",Virginia,915,909.0,-6.0,13.0,922.0,1020.0,8.0,1103,1028.0,-35.0,0,,0,108.0,79.0,58.0,292.0,0.0,0.0,0.0,0.0,0.0,0,0,OnTime_or_MinorDelay,9,11,Morning,1
2024,1,1,2024-01-01,9E,5516.0,RIC,"Richmond, VA",Virginia,LGA,"New York, NY",New York,1150,1148.0,-2.0,20.0,1208.0,1252.0,5.0,1319,1257.0,-22.0,0,,0,89.0,69.0,44.0,292.0,0.0,0.0,0.0,0.0,0.0,0,0,OnTime_or_MinorDelay,11,13,Morning,1
2024,1,1,2024-01-01,9E,5518.0,DTW,"Detroit, MI",Michigan,LAN,"Lansing, MI",Michigan,2130,2125.0,-5.0,27.0,2152.0,2213.0,2.0,2229,2215.0,-14.0,0,,0,59.0,50.0,21.0,74.0,0.0,0.0,0.0,0.0,0.0,0,0,OnTime_or_MinorDelay,21,22,Evening,1
2024,1,1,2024-01-01,9E,5526.0,CVG,"Cincinnati, OH",Kentucky,MSP,"Minneapolis, MN",Minnesota,1515,1505.0,-10.0,10.0,1515.0,1543.0,10.0,1618,1553.0,-25.0,0,,0,123.0,108.0,88.0,596.0,0.0,0.0,0.0,0.0,0.0,0,0,OnTime_or_MinorDelay,15,16,Afternoon,1
2024,1,1,2024-01-01,9E,5532.0,CVG,"Cincinnati, OH",Kentucky,BOS,"Boston, MA",Massachusetts,1105,1100.0,-5.0,30.0,1130.0,1314.0,10.0,1314,1324.0,10.0,0,,0,129.0,144.0,104.0,752.0,0.0,0.0,0.0,0.0,0.0,0,0,OnTime_or_MinorDelay,11,13,Morning,1
2024,1,1,2024-01-01,AA,1002.0,MSN,"Madison, WI",Wisconsin,CLT,"Charlotte, NC",North Carolina,605,600.0,-5.0,24.0,624.0,901.0,10.0,916,911.0,-5.0,0,,0,131.0,131.0,97.0,708.0,0.0,0.0,0.0,0.0,0.0,0,0,OnTime_or_MinorDelay,6,9,Morning,1
2024,1,1,2024-01-01,AA,1007.0,CLT,"Charlotte, NC",North Carolina,STL,"St. Louis, MO",Missouri,2255,2306.0,11.0,12.0,2318.0,2340.0,19.0,2359,2359.0,0.0,0,,0,124.0,113.0,82.0,575.0,0.0,0.0,0.0,0.0,0.0,0,0,OnTime_or_MinorDelay,22,23,Night,1
2024,1,1,2024-01-01,AA,1009.0,PHL,"Philadelphia, PA",Pennsylvania,CLT,"Charlotte, NC",North Carolina,1737,1901.0,84.0,31.0,1932.0,2045.0,7.0,1929,2052.0,83.0,0,,0,112.0,111.0,73.0,449.0,0.0,0.0,0.0,0.0,83.0,1,5,LateAircraft,17,19,Evening,1
2024,1,1,2024-01-01,AA,1010.0,DFW,"Dallas/Fort Worth, TX",Texas,STL,"St. Louis, MO",Missouri,2109,2134.0,25.0,12.0,2146.0,2259.0,6.0,2253,2305.0,12.0,0,,0,104.0,91.0,73.0,550.0,0.0,0.0,0.0,0.0,0.0,0,0,OnTime_or_MinorDelay,21,22,Evening,1
2024,1,1,2024-01-01,AA,1011.0,LAS,"Las Vegas, NV",Nevada,CLT,"Charlotte, NC",North Carolina,800,755.0,-5.0,18.0,813.0,1451.0,8.0,1513,1459.0,-14.0,0,,0,253.0,244.0,218.0,1916.0,0.0,0.0,0.0,0.0,0.0,0,0,OnTime_or_MinorDelay,8,15,Morning,1
2024,1,1,2024-01-01,AA,1014.0,CLT,"Charlotte, NC",North Carolina,MSN,"Madison, WI",Wisconsin,2030,2119.0,49.0,20.0,2139.0,2222.0,4.0,2143,2226.0,43.0,0,,0,133.0,127.0,103.0,708.0,2.0,0.0,0.0,0.0,41.0,1,5,LateAircraft,20,21,Evening,1
2024,1,1,2024-01-01,AA,1015.0,AUS,"Austin, TX",Texas,LAS,"Las Vegas, NV",Nevada,1951,1940.0,-11.0,17.0,1957.0,2030.0,9.0,2050,2039.0,-11.0,0,,0,179.0,179.0,153.0,1090.0,0.0,0.0,0.0,0.0,0.0,0,0,OnTime_or_MinorDelay,19,20,Evening,1
2024,1,1,2024-01-01,AA,1017.0,CLT,"Charlotte, NC",North Carolina,BDL,"Hartford, CT",Connecticut,2030,2033.0,3.0,19.0,2052.0,2225.0,5.0,2227,2230.0,3.0,0,,0,117.0,117.0,93.0,644.0,0.0,0.0,0.0,0.0,0.0,0,0,OnTime_or_MinorDelay,20,22,Evening,1
2024,1,1,2024-01-01,AA,1018.0,PHX,"Phoenix, AZ",Arizona,DFW,"Dallas/Fort Worth, TX",Texas,631,622.0,-9.0,21.0,643.0,927.0,16.0,952,943.0,-9.0,0,,0,141.0,141.0,104.0,868.0,0.0,0.0,0.0,0.0,0.0,0,0,OnTime_or_MinorDelay,6,9,Morning,1
2024,1,1,2024-01-01,AA,1019.0,SJC,"San Jose, CA",California,DFW,"Dallas/Fort Worth, TX",Texas,611,605.0,-6.0,26.0,631.0,1126.0,10.0,1149,1136.0,-13.0,0,,0,218.0,211.0,175.0,1438.0,0.0,0.0,0.0,0.0,0.0,0,0,OnTime_or_MinorDelay,6,11,Morning,1
2024,1,1,2024-01-01,AA,102.0,HNL,"Honolulu, HI",Hawaii,DFW,"Dallas/Fort Worth, TX",Texas,2011,2001.0,-10.0,18.0,2019.0,630.0,6.0,725,636.0,-49.0,0,,0,434.0,395.0,371.0,3784.0,0.0,0.0,0.0,0.0,0.0,0,0,OnTime_or_MinorDelay,20,7,Evening,1
2024,1,1,2024-01-01,AA,1020.0,DTW,"Detroit, MI",Michigan,MIA,"Miami, FL",Florida,551,543.0,-8.0,34.0,617.0,845.0,5.0,917,850.0,-27.0,0,,0,206.0,187.0,148.0,1145.0,0.0,0.0,0.0,0.0,0.0,0,0,OnTime_or_MinorDelay,5,9,Morning,1
2024,1,1,2024-01-01,AA,1021.0,DFW,"Dallas/Fort Worth, TX",Texas,GSO,"Greensboro/High Point, NC",North Carolina,1911,1906.0,-5.0,17.0,1923.0,2223.0,7.0,2235,2230.0,-5.0,0,,0,144.0,144.0,120.0,999.0,0.0,0.0,0.0,0.0,0.0,0,0,OnTime_or_MinorDelay,19,22,Evening,1
2024,1,1,2024-01-01,AA,1022.0,DFW,"Dallas/Fort Worth, TX",Texas,SAT,"San Antonio, TX",Texas,1541,1554.0,13.0,12.0,1606.0,1657.0,4.0,1652,1701.0,9.0,0,,0,71.0,67.0,51.0,247.0,0.0,0.0,0.0,0.0,0.0,0,0,OnTime_or_MinorDelay,15,16,Afternoon,1
2024,1,1,2024-01-01,AA,1023.0,DFW,"Dallas/Fort Worth, TX",Texas,LAX,"Los Angeles, CA",California,1731,1729.0,-2.0,17.0,1746.0,1831.0,10.0,1858,1841.0,-17.0,0,,0,207.0,192.0,165.0,1235.0,0.0,0.0,0.0,0.0,0.0,0,0,OnTime_or_MinorDelay,17,18,Evening,1
2024,1,1,2024-01-01,AA,1025.0,TUS,"Tucson, AZ",Arizona,DFW,"Dallas/Fort Worth, TX",Texas,716,713.0,-3.0,10.0,723.0,1000.0,11.0,1027,1011.0,-16.0,0,,0,131.0,118.0,97.0,813.0,0.0,0.0,0.0,0.0,0.0,0,0,OnTime_or_MinorDelay,7,10,Morning,1
2024,1,1,2024-01-01,AA,1029.0,PHL,"Philadelphia, PA",Pennsylvania,MCI,"Kansas City, MO",Missouri,1856,1908.0,12.0,16.0,1924.0,2034.0,9.0,2115,2043.0,-32.0,0,,0,199.0,155.0,130.0,1038.0,0.0,0.0,0.0,0.0,0.0,0,0,OnTime_or_MinorDelay,18,21,Evening,1
2024,1,1,2024-01-01,AA,103.0,AVP,"Scranton/Wilkes-Barre, PA",Pennsylvania,CLT,"Charlotte, NC",North Carolina,1730,1723.0,-7.0,11.0,1734.0,1854.0,6.0,1921,1900.0,-21.0,0,,0,111.0,97.0,80.0,509.0,0.0,0.0,0.0,0.0,0.0,0,0,OnTime_or_MinorDelay,17,19,Evening,1
2024,1,1,2024-01-01,AA,103.0,CLT,"Charlotte, NC",North Carolina,AVP,"Scranton/Wilkes-Barre, PA",Pennsylvania,1459,1503.0,4.0,17.0,1520.0,1634.0,5.0,1644,1639.0,-5.0,0,,0,105.0,96.0,74.0,509.0,0.0,0.0,0.0,0.0,0.0,0,0,OnTime_or_MinorDelay,14,16,Afternoon,1
2024,1,1,2024-01-01,AA,1031.0,CLT,"Charlotte, NC",North Carolina,LAS,"Las Vegas, NV",Nevada,1621,1629.0,8.0,31.0,1700.0,1819.0,5.0,1819,1824.0,5.0,0,,0,298.0,295.0,259.0,1916.0,0.0,0.0,0.0,0.0,0.0,0,0,OnTime_or_MinorDelay,16,18,Afternoon,1
2024,1,1,2024-01-01,AA,1032.0,JFK,"New York, NY",New York,MIA,"Miami, FL",Florida,900,901.0,1.0,23.0,924.0,1157.0,8.0,1214,1205.0,-9.0,0,,0,194.0,184.0,153.0,1089.0,0.0,0.0,0.0,0.0,0.0,0,0,OnTime_or_MinorDelay,9,12,Morning,1
2024,1,1,2024-01-01,AA,1033.0,CLT,"Charlotte, NC",North Carolina,IND,"Indianapolis, IN",Indiana,2235,2233.0,-2.0,12.0,2245.0,2351.0,24.0,17,15.0,-2.0,0,,0,102.0,102.0,66.0,427.0,0.0,0.0,0.0,0.0,0.0,0,0,OnTime_or_MinorDelay,22,0,Night,1
2024,1,1,2024-01-01,AA,1036.0,LAX,"Los Angeles, CA",California,STL,"St. Louis, MO",Missouri,1820,1817.0,-3.0,13.0,1830.0,2343.0,9.0,2352,2352.0,0.0,0,,0,212.0,215.0,193.0,1592.0,0.0,0.0,0.0,0.0,0.0,0,0,OnTime_or_MinorDelay,18,23,Evening,1
2024,1,1,2024-01-01,AA,1039.0,CID,"Cedar Rapids/Iowa City, IA",Iowa,CLT,"Charlotte, NC",North Carolina,700,649.0,-11.0,25.0,714.0,953.0,20.0,1023,1013.0,-10.0,0,,0,143.0,144.0,99.0,742.0,0.0,0.0,0.0,0.0,0.0,0,0,OnTime_or_MinorDelay,7,10,Morning,1
2024,1,1,2024-01-01,AA,1040.0,SDF,"Louisville, KY",Kentucky,DFW,"Dallas/Fort Worth, TX",Texas,728,718.0,-10.0,16.0,734.0,825.0,15.0,902,840.0,-22.0,0,,0,154.0,142.0,111.0,733.0,0.0,0.0,0.0,0.0,0.0,0,0,OnTime_or_MinorDelay,7,9,Morning,1
2024,1,1,2024-01-01,AA,1041.0,PHL,"Philadelphia, PA",Pennsylvania,LAX,"Los Angeles, CA",California,1550,1546.0,-4.0,15.0,1601.0,1745.0,5.0,1847,1750.0,-57.0,0,,0,357.0,304.0,284.0,2402.0,0.0,0.0,0.0,0.0,0.0,0,0,OnTime_or_MinorDelay,15,18,Afternoon,1
2024,1,1,2024-01-01,AA,1042.0,OMA,"Omaha, NE",Nebraska,CLT,"Charlotte, NC",North Carolina,617,613.0,-4.0,31.0,644.0,945.0,16.0,1000,1001.0,1.0,0,,0,163.0,168.0,121.0,913.0,0.0,0.0,0.0,0.0,0.0,0,0,OnTime_or_MinorDelay,6,10,Morning,1
2024,1,1,2024-01-01,AA,1043.0,CLT,"Charlotte, NC",North Carolina,ROC,"Rochester, NY",New York,2150,2147.0,-3.0,15.0,2202.0,2330.0,8.0,2336,2338.0,2.0,0,,0,106.0,111.0,88.0,573.0,0.0,0.0,0.0,0.0,0.0,0,0,OnTime_or_MinorDelay,21,23,Evening,1
2024,1,1,2024-01-01,AA,1044.0,CLT,"Charlotte, NC",North Carolina,PHX,"Phoenix, AZ",Arizona,1306,1302.0,-4.0,12.0,1314.0,1528.0,4.0,1551,1532.0,-19.0,0,,0,285.0,270.0,254.0,1773.0,0.0,0.0,0.0,0.0,0.0,0,0,OnTime_or_MinorDelay,13,15,Afternoon,1
2024,1,1,2024-01-01,AA,1045.0,MIA,"Miami, FL",Florida,ATL,"Atlanta, GA",Georgia,1902,2042.0,100.0,16.0,2058.0,2227.0,6.0,2100,2233.0,93.0,0,,0,118.0,111.0,89.0,594.0,6.0,0.0,0.0,0.0,87.0,1,5,LateAircraft,19,21,Evening,1
2024,1,1,2024-01-01,AA,1046.0,MIA,"Miami, FL",Florida,ATL,"Atlanta, GA",Georgia,841,840.0,-1.0,20.0,900.0,1030.0,10.0,1049,1040.0,-9.0,0,,0,128.0,120.0,90.0,594.0,0.0,0.0,0.0,0.0,0.0,0,0,OnTime_or_MinorDelay,8,10,Morning,1
2024,1,1,2024-01-01,AA,1047.0,CLT,"Charlotte, NC",North Carolina,MIA,"Miami, FL",Florida,1431,1430.0,-1.0,35.0,1505.0,1639.0,8.0,1640,1647.0,7.0,0,,0,129.0,137.0,94.0,650.0,0.0,0.0,0.0,0.0,0.0,0,0,OnTime_or_MinorDelay,14,16,Afternoon,1
2024,1,1,2024-01-01,AA,1048.0,DFW,"Dallas/Fort Worth, TX",Texas,BOS,"Boston, MA",Massachusetts,1545,1607.0,22.0,14.0,1621.0,2048.0,8.0,2016,2056.0,40.0,0,,0,211.0,229.0,207.0,1562.0,9.0,0.0,18.0,0.0,13.0,1,3,NAS,15,20,Afternoon,1
2024,1,1,2024-01-01,AA,1049.0,ATL,"Atlanta, GA",Georgia,MIA,"Miami, FL",Florida,800,754.0,-6.0,13.0,807.0,934.0,6.0,959,940.0,-19.0,0,,0,119.0,106.0,87.0,594.0,0.0,0.0,0.0,0.0,0.0,0,0,OnTime_or_MinorDelay,8,9,Morning,1
2024,1,1,2024-01-01,AA,1050.0,DFW,"Dallas/Fort Worth, TX",Texas,BHM,"Birmingham, AL",Alabama,2107,2218.0,71.0,13.0,2231.0,2348.0,4.0,2248,2352.0,64.0,0,,0,101.0,94.0,77.0,597.0,7.0,0.0,0.0,0.0,57.0,1,5,LateAircraft,21,22,Evening,1
2024,1,1,2024-01-01,AA,1052.0,CLT,"Charlotte, NC",North Carolina,ORD,"Chicago, IL",Illinois,1312,1308.0,-4.0,15.0,1323.0,1352.0,9.0,1424,1401.0,-23.0,0,,0,132.0,113.0,89.0,599.0,0.0,0.0,0.0,0.0,0.0,0,0,OnTime_or_MinorDelay,13,14,Afternoon,1
2024,1,1,2024-01-01,AA,1054.0,MIA,"Miami, FL",Florida,BOS,"Boston, MA",Massachusetts,2107,2111.0,4.0,17.0,2128.0,12.0,6.0,27,18.0,-9.0,0,,0,200.0,187.0,164.0,1258.0,0.0,0.0,0.0,0.0,0.0,0,0,OnTime_or_MinorDelay,21,0,Evening,1
2024,1,1,2024-01-01,AA,1055.0,DFW,"Dallas/Fort Worth, TX",Texas,GSO,"Greensboro/High Point, NC",North Carolina,1256,1253.0,-3.0,15.0,1308.0,1606.0,4.0,1624,1610.0,-14.0,0,,0,148.0,137.0,118.0,999.0,0.0,0.0,0.0,0.0,0.0,0,0,OnTime_or_MinorDelay,12,16,Afternoon,1
2024,1,1,2024-01-01,AA,1055.0,GSO,"Greensboro/High Point, NC",North Carolina,DFW,"Dallas/Fort Worth, TX",Texas,1722,1738.0,16.0,10.0,1748.0,1914.0,13.0,1940,1927.0,-13.0,0,,0,198.0,169.0,146.0,999.0,0.0,0.0,0.0,0.0,0.0,0,0,OnTime_or_MinorDelay,17,19,Evening,1
2024,1,1,2024-01-01,AA,1056.0,DFW,"Dallas/Fort Worth, TX",Texas,LGA,"New York, NY",New York,920,914.0,-6.0,15.0,929.0,1312.0,5.0,1338,1317.0,-21.0,0,,0,198.0,183.0,163.0,1389.0,0.0,0.0,0.0,0.0,0.0,0,0,OnTime_or_MinorDelay,9,13,Morning,1
2024,1,1,2024-01-01,AA,1056.0,LGA,"New York, NY",New York,DFW,"Dallas/Fort Worth, TX",Texas,1434,1428.0,-6.0,16.0,1444.0,1655.0,20.0,1751,1715.0,-36.0,0,,0,257.0,227.0,191.0,1389.0,0.0,0.0,0.0,0.0,0.0,0,0,OnTime_or_MinorDelay,14,17,Afternoon,1
2024,1,1,2024-01-01,AA,1057.0,BOS,"Boston, MA",Massachusetts,PHX,"Phoenix, AZ",Arizona,1237,1247.0,10.0,23.0,1310.0,1608.0,5.0,1644,1613.0,-31.0,0,,0,367.0,326.0,298.0,2300.0,0.0,0.0,0.0,0.0,0.0,0,0,OnTime_or_MinorDelay,12,16,Afternoon,1
2024,1,1,2024-01-01,AA,1058.0,ROC,"Rochester, NY",New York,CLT,"Charlotte, NC",North Carolina,600,935.0,215.0,25.0,1000.0,1125.0,12.0,809,1137.0,208.0,0,,0,129.0,122.0,85.0,573.0,208.0,0.0,0.0,0.0,0.0,1,1,Carrier,6,8,Morning,1
2024,1,1,2024-01-01,AA,1059.0,CHS,"Charleston, SC",South Carolina,PHL,"Philadelphia, PA",Pennsylvania,1814,1836.0,22.0,17.0,1853.0,2011.0,6.0,1959,2017.0,18.0,0,,0,105.0,101.0,78.0,550.0,2.0,0.0,0.0,0.0,16.0,1,5,LateAircraft,18,19,Evening,1
2024,1,1,2024-01-01,AA,1059.0,PHL,"Philadelphia, PA",Pennsylvania,CHS,"Charleston, SC",South Carolina,1535,1612.0,37.0,13.0,1625.0,1748.0,5.0,1732,1753.0,21.0,0,,0,117.0,101.0,83.0,550.0,9.0,0.0,0.0,0.0,12.0,1,5,LateAircraft,15,17,Afternoon,1
2024,1,1,2024-01-01,AA,1060.0,AUS,"Austin, TX",Texas,DFW,"Dallas/Fort Worth, TX",Texas,1831,1931.0,60.0,24.0,1955.0,2032.0,8.0,1941,2040.0,59.0,0,,0,70.0,69.0,37.0,190.0,4.0,0.0,0.0,0.0,55.0,1,5,LateAircraft,18,19,Evening,1
2024,1,1,2024-01-01,AA,1061.0,JAX,"Jacksonville, FL",Florida,DFW,"Dallas/Fort Worth, TX",Texas,1127,1123.0,-4.0,21.0,1144.0,1318.0,19.0,1324,1337.0,13.0,0,,0,177.0,194.0,154.0,918.0,0.0,0.0,0.0,0.0,0.0,0,0,OnTime_or_MinorDelay,11,13,Morning,1
2024,1,1,2024-01-01,AA,1062.0,PHL,"Philadelphia, PA",Pennsylvania,ORD,"Chicago, IL",Illinois,1216,1209.0,-7.0,13.0,1222.0,1306.0,9.0,1348,1315.0,-33.0,0,,0,152.0,126.0,104.0,678.0,0.0,0.0,0.0,0.0,0.0,0,0,OnTime_or_MinorDelay,12,13,Afternoon,1
2024,1,1,2024-01-01,AA,1063.0,RIC,"Richmond, VA",Virginia,CLT,"Charlotte, NC",North Carolina,620,611.0,-9.0,11.0,622.0,711.0,5.0,757,716.0,-41.0,0,,0,97.0,65.0,49.0,257.0,0.0,0.0,0.0,0.0,0.0,0,0,OnTime_or_MinorDelay,6,7,Morning,1
2024,1,1,2024-01-01,AA,1064.0,DCA,"Washington, DC",Virginia,ORD,"Chicago, IL",Illinois,1804,1801.0,-3.0,15.0,1816.0,1847.0,19.0,1923,1906.0,-17.0,0,,0,139.0,125.0,91.0,612.0,0.0,0.0,0.0,0.0,0.0,0,0,OnTime_or_MinorDelay,18,19,Evening,1
2024,1,1,2024-01-01,AA,1065.0,BNA,"Nashville, TN",Tennessee,CLT,"Charlotte, NC",North Carolina,537,534.0,-3.0,15.0,549.0,737.0,8.0,800,745.0,-15.0,0,,0,83.0,71.0,48.0,328.0,0.0,0.0,0.0,0.0,0.0,0,0,OnTime_or_MinorDelay,5,8,Morning,1
2024,1,1,2024-01-01,AA,1067.0,ORD,"Chicago, IL",Illinois,AUS,"Austin, TX",Texas,1723,1721.0,-2.0,10.0,1731.0,1942.0,10.0,2012,1952.0,-20.0,0,,0,169.0,151.0,131.0,977.0,0.0,0.0,0.0,0.0,0.0,0,0,OnTime_or_MinorDelay,17,20,Evening,1
2024,1,1,2024-01-01,AA,1069.0,MIA,"Miami, FL",Florida,CLT,"Charlotte, NC",North Carolina,2141,2159.0,18.0,28.0,2227.0,7.0,6.0,2359,13.0,14.0,0,,0,138.0,134.0,100.0,650.0,0.0,0.0,0.0,0.0,0.0,0,0,OnTime_or_MinorDelay,21,23,Evening,1
2024,1,1,2024-01-01,AA,1070.0,LAX,"Los Angeles, CA",California,DFW,"Dallas/Fort Worth, TX",Texas,906,903.0,-3.0,18.0,921.0,1342.0,8.0,1405,1350.0,-15.0,0,,0,179.0,167.0,141.0,1235.0,0.0,0.0,0.0,0.0,0.0,0,0,OnTime_or_MinorDelay,9,14,Morning,1
2024,1,1,2024-01-01,AA,1071.0,CLT,"Charlotte, NC",North Carolina,EWR,"Newark, NJ",New Jersey,1837,1835.0,-2.0,16.0,1851.0,2006.0,10.0,2029,2016.0,-13.0,0,,0,112.0,101.0,75.0,529.0,0.0,0.0,0.0,0.0,0.0,0,0,OnTime_or_MinorDelay,18,20,Evening,1
2024,1,1,2024-01-01,AA,1072.0,CLT,"Charlotte, NC",North Carolina,MKE,"Milwaukee, WI",Wisconsin,2259,2255.0,-4.0,16.0,2311.0,2345.0,4.0,4,2349.0,-15.0,0,,0,125.0,114.0,94.0,651.0,0.0,0.0,0.0,0.0,0.0,0,0,OnTime_or_MinorDelay,22,0,Night,1
2024,1,1,2024-01-01,AA,1073.0,ORD,"Chicago, IL",Illinois,STL,"St. Louis, MO",Missouri,2045,2042.0,-3.0,11.0,2053.0,2133.0,8.0,2202,2141.0,-21.0,0,,0,77.0,59.0,40.0,258.0,0.0,0.0,0.0,0.0,0.0,0,0,OnTime_or_MinorDelay,20,22,Evening,1
2024,1,1,2024-01-01,AA,1074.0,MIA,"Miami, FL",Florida,BOS,"Boston, MA",Massachusetts,1700,1652.0,-8.0,15.0,1707.0,1947.0,9.0,2013,1956.0,-17.0,0,,0,193.0,184.0,160.0,1258.0,0.0,0.0,0.0,0.0,0.0,0,0,OnTime_or_MinorDelay,17,20,Evening,1
2024,1,1,2024-01-01,AA,1076.0,DFW,"Dallas/Fort Worth, TX",Texas,BNA,"Nashville, TN",Tennessee,1830,1825.0,-5.0,16.0,1841.0,2003.0,7.0,2016,2010.0,-6.0,0,,0,106.0,105.0,82.0,631.0,0.0,0.0,0.0,0.0,0.0,0,0,OnTime_or_MinorDelay,18,20,Evening,1
2024,1,1,2024-01-01,AA,1077.0,CLT,"Charlotte, NC",North Carolina,CID,"Cedar Rapids/Iowa City, IA",Iowa,2038,2034.0,-4.0,16.0,2050.0,2133.0,6.0,2155,2139.0,-16.0,0,,0,137.0,125.0,103.0,742.0,0.0,0.0,0.0,0.0,0.0,0,0,OnTime_or_MinorDelay,20,21,Evening,1
2024,1,1,2024-01-01,AA,1079.0,MIA,"Miami, FL",Florida,DFW,"Dallas/Fort Worth, TX",Texas,1621,1619.0,-2.0,16.0,1635.0,1822.0,17.0,1845,1839.0,-6.0,0,,0,204.0,200.0,167.0,1121.0,0.0,0.0,0.0,0.0,0.0,0,0,OnTime_or_MinorDelay,16,18,Afternoon,1
2024,1,1,2024-01-01,AA,1081.0,DFW,"Dallas/Fort Worth, TX",Texas,TYS,"Knoxville, TN",Tennessee,2056,2049.0,-7.0,13.0,2102.0,2334.0,3.0,2354,2337.0,-17.0,0,,0,118.0,108.0,92.0,772.0,0.0,0.0,0.0,0.0,0.0,0,0,OnTime_or_MinorDelay,20,23,Evening,1
2024,1,1,2024-01-01,AA,1083.0,PHX,"Phoenix, AZ",Arizona,AUS,"Austin, TX",Texas,932,930.0,-2.0,14.0,944.0,1229.0,5.0,1244,1234.0,-10.0,0,,0,132.0,124.0,105.0,872.0,0.0,0.0,0.0,0.0,0.0,0,0,OnTime_or_MinorDelay,9,12,Morning,1
2024,1,1,2024-01-01,AA,1084.0,DFW,"Dallas/Fort Worth, TX",Texas,MFE,"Mission/McAllen/Edinburg, TX",Texas,2059,2052.0,-7.0,21.0,2113.0,2229.0,3.0,2236,2232.0,-4.0,0,,0,97.0,100.0,76.0,469.0,0.0,0.0,0.0,0.0,0.0,0,0,OnTime_or_MinorDelay,20,22,Evening,1
2024,1,1,2024-01-01,AA,1085.0,MFE,"Mission/McAllen/Edinburg, TX",Texas,DFW,"Dallas/Fort Worth, TX",Texas,718,715.0,-3.0,12.0,727.0,841.0,15.0,859,856.0,-3.0,0,,0,101.0,101.0,74.0,469.0,0.0,0.0,0.0,0.0,0.0,0,0,OnTime_or_MinorDelay,7,8,Morning,1
2024,1,1,2024-01-01,AA,1086.0,DFW,"Dallas/Fort Worth, TX",Texas,PHX,"Phoenix, AZ",Arizona,1743,1827.0,44.0,18.0,1845.0,2002.0,13.0,1924,2015.0,51.0,0,,0,161.0,168.0,137.0,868.0,0.0,0.0,7.0,0.0,44.0,1,5,LateAircraft,17,19,Evening,1
2024,1,1,2024-01-01,AA,1087.0,BFL,"Bakersfield, CA",California,DFW,"Dallas/Fort Worth, TX",Texas,512,508.0,-4.0,31.0,539.0,1011.0,7.0,1023,1018.0,-5.0,0,,0,191.0,190.0,152.0,1271.0,0.0,0.0,0.0,0.0,0.0,0,0,OnTime_or_MinorDelay,5,10,Morning,1
2024,1,1,2024-01-01,AA,1088.0,RDU,"Raleigh/Durham, NC",North Carolina,MIA,"Miami, FL",Florida,700,652.0,-8.0,12.0,704.0,842.0,7.0,914,849.0,-25.0,0,,0,134.0,117.0,98.0,700.0,0.0,0.0,0.0,0.0,0.0,0,0,OnTime_or_MinorDelay,7,9,Morning,1
2024,1,1,2024-01-01,AA,1090.0,DFW,"Dallas/Fort Worth, TX",Texas,SLC,"Salt Lake City, UT",Utah,1326,1350.0,24.0,11.0,1401.0,1515.0,4.0,1517,1519.0,2.0,0,,0,171.0,149.0,134.0,989.0,0.0,0.0,0.0,0.0,0.0,0,0,OnTime_or_MinorDelay,13,15,Afternoon,1
2024,1,1,2024-01-01,AA,1090.0,SLC,"Salt Lake City, UT",Utah,DFW,"Dallas/Fort Worth, TX",Texas,1608,1608.0,0.0,11.0,1619.0,1927.0,10.0,1944,1937.0,-7.0,0,,0,156.0,149.0,128.0,989.0,0.0,0.0,0.0,0.0,0.0,0,0,OnTime_or_MinorDelay,16,19,Afternoon,1
2024,1,1,2024-01-01,AA,1091.0,ELP,"El Paso, TX",Texas,DFW,"Dallas/Fort Worth, TX",Texas,501,641.0,100.0,21.0,702.0,914.0,12.0,747,926.0,99.0,0,,0,106.0,105.0,72.0,551.0,99.0,0.0,0.0,0.0,0.0,1,1,Carrier,5,7,Morning,1
2024,1,1,2024-01-01,AA,1092.0,DFW,"Dallas/Fort Worth, TX",Texas,ELP,"El Paso, TX",Texas,2104,2109.0,5.0,25.0,2134.0,2158.0,4.0,2155,2202.0,7.0,0,,0,111.0,113.0,84.0,551.0,0.0,0.0,0.0,0.0,0.0,0,0,OnTime_or_MinorDelay,21,21,Evening,1
2024,1,1,2024-01-01,AA,1093.0,DFW,"Dallas/Fort Worth, TX",Texas,DEN,"Denver, CO",Colorado,1335,1330.0,-5.0,14.0,1344.0,1419.0,19.0,1440,1438.0,-2.0,0,,0,125.0,128.0,95.0,641.0,0.0,0.0,0.0,0.0,0.0,0,0,OnTime_or_MinorDelay,13,14,Afternoon,1
2024,1,1,2024-01-01,AA,1094.0,CLT,"Charlotte, NC",North Carolina,RSW,"Fort Myers, FL",Florida,1100,1056.0,-4.0,12.0,1108.0,1236.0,3.0,1257,1239.0,-18.0,0,,0,117.0,103.0,88.0,600.0,0.0,0.0,0.0,0.0,0.0,0,0,OnTime_or_MinorDelay,11,12,Morning,1
2024,1,1,2024-01-01,AA,1094.0,RSW,"Fort Myers, FL",Florida,CLT,"Charlotte, NC",North Carolina,1347,1342.0,-5.0,14.0,1356.0,1526.0,5.0,1545,1531.0,-14.0,0,,0,118.0,109.0,90.0,600.0,0.0,0.0,0.0,0.0,0.0,0,0,OnTime_or_MinorDelay,13,15,Afternoon,1
2024,1,1,2024-01-01,AA,1095.0,MFE,"Mission/McAllen/Edinburg, TX",Texas,DFW,"Dallas/Fort Worth, TX",Texas,534,533.0,-1.0,12.0,545.0,713.0,11.0,715,724.0,9.0,0,,0,101.0,111.0,88.0,469.0,0.0,0.0,0.0,0.0,0.0,0,0,OnTime_or_MinorDelay,5,7,Morning,1
2024,1,1,2024-01-01,AA,1100.0,BNA,"Nashville, TN",Tennessee,DFW,"Dallas/Fort Worth, TX",Texas,1541,1540.0,-1.0,13.0,1553.0,1736.0,13.0,1755,1749.0,-6.0,0,,0,134.0,129.0,103.0,631.0,0.0,0.0,0.0,0.0,0.0,0,0,OnTime_or_MinorDelay,15,17,Afternoon,1
2024,1,1,2024-01-01,AA,1100.0,DFW,"Dallas/Fort Worth, TX",Texas,BNA,"Nashville, TN",Tennessee,1255,1252.0,-3.0,13.0,1305.0,1426.0,9.0,1445,1435.0,-10.0,0,,0,110.0,103.0,81.0,631.0,0.0,0.0,0.0,0.0,0.0,0,0,OnTime_or_MinorDelay,12,14,Afternoon,1
2024,1,1,2024-01-01,AA,1101.0,ORD,"Chicago, IL",Illinois,TPA,"Tampa, FL",Florida,1324,1314.0,-10.0,12.0,1326.0,1631.0,4.0,1700,1635.0,-25.0,0,,0,156.0,141.0,125.0,1012.0,0.0,0.0,0.0,0.0,0.0,0,0,OnTime_or_MinorDelay,13,17,Afternoon,1
2024,1,1,2024-01-01,AA,1103.0,BNA,"Nashville, TN",Tennessee,DFW,"Dallas/Fort Worth, TX",Texas,1018,1012.0,-6.0,15.0,1027.0,1206.0,25.0,1233,1231.0,-2.0,0,,0,135.0,139.0,99.0,631.0,0.0,0.0,0.0,0.0,0.0,0,0,OnTime_or_MinorDelay,10,12,Morning,1
2024,1,1,2024-01-01,AA,1104.0,DFW,"Dallas/Fort Worth, TX",Texas,BOI,"Boise, ID",Idaho,1925,1925.0,0.0,27.0,1952.0,2154.0,7.0,2154,2201.0,7.0,0,,0,209.0,216.0,182.0,1272.0,0.0,0.0,0.0,0.0,0.0,0,0,OnTime_or_MinorDelay,19,21,Evening,1
2024,1,1,2024-01-01,AA,1105.0,GSP,"Greer, SC",South Carolina,DFW,"Dallas/Fort Worth, TX",Texas,518,513.0,-5.0,35.0,548.0,710.0,12.0,714,722.0,8.0,0,,0,176.0,189.0,142.0,862.0,0.0,0.0,0.0,0.0,0.0,0,0,OnTime_or_MinorDelay,5,7,Morning,1
2024,1,1,2024-01-01,AA,1106.0,DFW,"Dallas/Fort Worth, TX",Texas,ORD,"Chicago, IL",Illinois,703,657.0,-6.0,18.0,715.0,908.0,11.0,927,919.0,-8.0,0,,0,144.0,142.0,113.0,802.0,0.0,0.0,0.0,0.0,0.0,0,0,OnTime_or_MinorDelay,7,9,Morning,1
2024,1,1,2024-01-01,AA,1107.0,BOI,"Boise, ID",Idaho,DFW,"Dallas/Fort Worth, TX",Texas,611,606.0,-5.0,29.0,635.0,1013.0,6.0,1030,1019.0,-11.0,0,,0,199.0,193.0,158.0,1272.0,0.0,0.0,0.0,0.0,0.0,0,0,OnTime_or_MinorDelay,6,10,Morning,1
2024,1,1,2024-01-01,AA,1108.0,DTW,"Detroit, MI",Michigan,DFW,"Dallas/Fort Worth, TX",Texas,514,510.0,-4.0,14.0,524.0,641.0,15.0,718,656.0,-22.0,0,,0,184.0,166.0,137.0,986.0,0.0,0.0,0.0,0.0,0.0,0,0,OnTime_or_MinorDelay,5,7,Morning,1
2024,1,1,2024-01-01,AA,1109.0,ORD,"Chicago, IL",Illinois,DFW,"Dallas/Fort Worth, TX",Texas,1201,1156.0,-5.0,11.0,1207.0,1349.0,11.0,1430,1400.0,-30.0,0,,0,149.0,124.0,102.0,802.0,0.0,0.0,0.0,0.0,0.0,0,0,OnTime_or_MinorDelay,12,14,Afternoon,1
2024,1,1,2024-01-01,AA,111.0,BDL,"Hartford, CT",Connecticut,CLT,"Charlotte, NC",North Carolina,753,746.0,-7.0,10.0,756.0,943.0,13.0,1009,956.0,-13.0,0,,0,136.0,130.0,107.0,644.0,0.0,0.0,0.0,0.0,0.0,0,0,OnTime_or_MinorDelay,7,10,Morning,1
2024,1,1,2024-01-01,AA,1110.0,DFW,"Dallas/Fort Worth, TX",Texas,BFL,"Bakersfield, CA",California,1920,1945.0,25.0,19.0,2004.0,2104.0,6.0,2056,2110.0,14.0,0,,0,216.0,205.0,180.0,1271.0,0.0,0.0,0.0,0.0,0.0,0,0,OnTime_or_MinorDelay,19,20,Evening,1
2024,1,1,2024-01-01,AA,1112.0,CLT,"Charlotte, NC",North Carolina,SAT,"San Antonio, TX",Texas,1845,1841.0,-4.0,21.0,1902.0,2046.0,8.0,2058,2054.0,-4.0,0,,0,193.0,193.0,164.0,1095.0,0.0,0.0,0.0,0.0,0.0,0,0,OnTime_or_MinorDelay,18,20,Evening,1
2024,1,1,2024-01-01,AA,1114.0,BOS,"Boston, MA",Massachusetts,PHL,"Philadelphia, PA",Pennsylvania,553,547.0,-6.0,10.0,557.0,700.0,6.0,726,706.0,-20.0,0,,0,93.0,79.0,63.0,280.0,0.0,0.0,0.0,0.0,0.0,0,0,OnTime_or_MinorDelay,5,7,Morning,1
2024,1,1,2024-01-01,AA,1115.0,PHL,"Philadelphia, PA",Pennsylvania,DFW,"Dallas/Fort Worth, TX",Texas,2051,2115.0,24.0,15.0,2130.0,2316.0,12.0,2349,2328.0,-21.0,0,,0,238.0,193.0,166.0,1303.0,0.0,0.0,0.0,0.0,0.0,0,0,OnTime_or_MinorDelay,20,23,Evening,1
2024,1,1,2024-01-01,AA,1117.0,LGA,"New York, NY",New York,MIA,"Miami, FL",Florida,1824,1849.0,25.0,13.0,1902.0,2139.0,8.0,2146,2147.0,1.0,0,,0,202.0,178.0,157.0,1096.0,0.0,0.0,0.0,0.0,0.0,0,0,OnTime_or_MinorDelay,18,21,Evening,1
2024,1,1,2024-01-01,AA,1117.0,MIA,"Miami, FL",Florida,LGA,"New York, NY",New York,1431,1511.0,40.0,16.0,1527.0,1751.0,5.0,1729,1756.0,27.0,0,,0,178.0,165.0,144.0,1096.0,5.0,0.0,0.0,0.0,22.0,1,5,LateAircraft,14,17,Afternoon,1
2024,1,1,2024-01-01,AA,1118.0,CLT,"Charlotte, NC",North Carolina,RSW,"Fort Myers, FL",Florida,2043,2039.0,-4.0,17.0,2056.0,2223.0,4.0,2243,2227.0,-16.0,0,,0,120.0,108.0,87.0,600.0,0.0,0.0,0.0,0.0,0.0,0,0,OnTime_or_MinorDelay,20,22,Evening,1
2024,1,1,2024-01-01,AA,1119.0,MIA,"Miami, FL",Florida,TPA,"Tampa, FL",Florida,2055,140.0,285.0,40.0,220.0,258.0,4.0,2200,302.0,302.0,0,,0,65.0,82.0,38.0,204.0,285.0,0.0,17.0,0.0,0.0,1,1,Carrier,20,22,Evening,1
2024,1,1,2024-01-01,AA,1120.0,ORD,"Chicago, IL",Illinois,MSP,"Minneapolis, MN",Minnesota,2100,2058.0,-2.0,16.0,2114.0,2215.0,4.0,2226,2219.0,-7.0,0,,0,86.0,81.0,61.0,334.0,0.0,0.0,0.0,0.0,0.0,0,0,OnTime_or_MinorDelay,21,22,Evening,1
2024,1,1,2024-01-01,AA,1121.0,MCO,"Orlando, FL",Florida,ORD,"Chicago, IL",Illinois,1406,1401.0,-5.0,10.0,1411.0,1540.0,8.0,1610,1548.0,-22.0,0,,0,184.0,167.0,149.0,1005.0,0.0,0.0,0.0,0.0,0.0,0,0,OnTime_or_MinorDelay,14,16,Afternoon,1
2024,1,1,2024-01-01,AA,1121.0,ORD,"Chicago, IL",Illinois,MCO,"Orlando, FL",Florida,931,929.0,-2.0,12.0,941.0,1241.0,21.0,1310,1302.0,-8.0,0,,0,159.0,153.0,120.0,1005.0,0.0,0.0,0.0,0.0,0.0,0,0,OnTime_or_MinorDelay,9,13,Morning,1
2024,1,1,2024-01-01,AA,1133.0,DFW,"Dallas/Fort Worth, TX",Texas,RIC,"Richmond, VA",Virginia,1919,1943.0,24.0,10.0,1953.0,2313.0,5.0,2302,2318.0,16.0,0,,0,163.0,155.0,140.0,1158.0,16.0,0.0,0.0,0.0,0.0,1,1,Carrier,19,23,Evening,1
2024,1,1,2024-01-01,AA,1146.0,DFW,"Dallas/Fort Worth, TX",Texas,CLT,"Charlotte, NC",North Carolina,1611,1617.0,6.0,13.0,1630.0,1923.0,7.0,1939,1930.0,-9.0,0,,0,148.0,133.0,113.0,936.0,0.0,0.0,0.0,0.0,0.0,0,0,OnTime_or_MinorDelay,16,19,Afternoon,1
2024,1,1,2024-01-01,AA,1147.0,PHX,"Phoenix, AZ",Arizona,MIA,"Miami, FL",Florida,1345,1400.0,15.0,17.0,1417.0,1942.0,13.0,1957,1955.0,-2.0,0,,0,252.0,235.0,205.0,1972.0,0.0,0.0,0.0,0.0,0.0,0,0,OnTime_or_MinorDelay,13,19,Afternoon,1
2024,1,1,2024-01-01,AA,1148.0,CMH,"Columbus, OH",Ohio,CLT,"Charlotte, NC",North Carolina,845,840.0,-5.0,25.0,905.0,1002.0,8.0,1025,1010.0,-15.0,0,,0,100.0,90.0,57.0,347.0,0.0,0.0,0.0,0.0,0.0,0,0,OnTime_or_MinorDelay,8,10,Morning,1
2024,1,1,2024-01-01,AA,115.0,DFW,"Dallas/Fort Worth, TX",Texas,HNL,"Honolulu, HI",Hawaii,1120,1239.0,79.0,22.0,1301.0,1658.0,4.0,1540,1702.0,82.0,0,,0,500.0,503.0,477.0,3784.0,79.0,0.0,3.0,0.0,0.0,1,1,Carrier,11,15,Morning,1
2024,1,1,2024-01-01,AA,115.0,HNL,"Honolulu, HI",Hawaii,DFW,"Dallas/Fort Worth, TX",Texas,1821,1819.0,-2.0,18.0,1837.0,442.0,5.0,535,447.0,-48.0,0,,0,434.0,388.0,365.0,3784.0,0.0,0.0,0.0,0.0,0.0,0,0,OnTime_or_MinorDelay,18,5,Evening,1
2024,1,1,2024-01-01,AA,1150.0,EYW,"Key West, FL",Florida,CLT,"Charlotte, NC",North Carolina,1507,1508.0,1.0,16.0,1524.0,1715.0,7.0,1725,1722.0,-3.0,0,,0,138.0,134.0,111.0,736.0,0.0,0.0,0.0,0.0,0.0,0,0,OnTime_or_MinorDelay,15,17,Afternoon,1
2024,1,1,2024-01-01,AA,1151.0,ATL,"Atlanta, GA",Georgia,MIA,"Miami, FL",Florida,536,527.0,-9.0,12.0,539.0,706.0,7.0,733,713.0,-20.0,0,,0,117.0,106.0,87.0,594.0,0.0,0.0,0.0,0.0,0.0,0,0,OnTime_or_MinorDelay,5,7,Morning,1
2024,1,1,2024-01-01,AA,1152.0,CLT,"Charlotte, NC",North Carolina,EYW,"Key West, FL",Florida,1247,1240.0,-7.0,11.0,1251.0,1436.0,41.0,1458,1517.0,19.0,0,,0,131.0,157.0,105.0,736.0,0.0,0.0,19.0,0.0,0.0,1,3,NAS,12,14,Afternoon,1
2024,1,1,2024-01-01,AA,1153.0,DCA,"Washington, DC",Virginia,MCO,"Orlando, FL",Florida,1027,1026.0,-1.0,16.0,1042.0,1238.0,8.0,1303,1246.0,-17.0,0,,0,156.0,140.0,116.0,759.0,0.0,0.0,0.0,0.0,0.0,0,0,OnTime_or_MinorDelay,10,13,Morning,1
2024,1,1,2024-01-01,AA,1153.0,MCO,"Orlando, FL",Florida,DCA,"Washington, DC",Virginia,1355,1348.0,-7.0,17.0,1405.0,1544.0,8.0,1607,1552.0,-15.0,0,,0,132.0,124.0,99.0,759.0,0.0,0.0,0.0,0.0,0.0,0,0,OnTime_or_MinorDelay,13,16,Afternoon,1
2024,1,1,2024-01-01,AA,1155.0,DFW,"Dallas/Fort Worth, TX",Texas,PHX,"Phoenix, AZ",Arizona,1638,1639.0,1.0,19.0,1658.0,1810.0,6.0,1822,1816.0,-6.0,0,,0,164.0,157.0,132.0,868.0,0.0,0.0,0.0,0.0,0.0,0,0,OnTime_or_MinorDelay,16,18,Afternoon,1
2024,1,1,2024-01-01,AA,1156.0,AMA,"Amarillo, TX",Texas,DFW,"Dallas/Fort Worth, TX",Texas,616,916.0,180.0,29.0,945.0,1030.0,19.0,731,1049.0,198.0,0,,0,75.0,93.0,45.0,312.0,180.0,0.0,18.0,0.0,0.0,1,1,Carrier,6,7,Morning,1
2024,1,1,2024-01-01,AA,1158.0,DCA,"Washington, DC",Virginia,DFW,"Dallas/Fort Worth, TX",Texas,1856,1853.0,-3.0,12.0,1905.0,2043.0,17.0,2138,2100.0,-38.0,0,,0,222.0,187.0,158.0,1192.0,0.0,0.0,0.0,0.0,0.0,0,0,OnTime_or_MinorDelay,18,21,Evening,1
2024,1,1,2024-01-01,AA,1159.0,ORD,"Chicago, IL",Illinois,OMA,"Omaha, NE",Nebraska,2050,2043.0,-7.0,11.0,2054.0,2156.0,4.0,2226,2200.0,-26.0,0,,0,96.0,77.0,62.0,416.0,0.0,0.0,0.0,0.0,0.0,0,0,OnTime_or_MinorDelay,20,22,Evening,1
2024,1,1,2024-01-01,AA,116.0,OGG,"Kahului, HI",Hawaii,DFW,"Dallas/Fort Worth, TX",Texas,1916,1909.0,-7.0,12.0,1921.0,528.0,13.0,615,541.0,-34.0,0,,0,419.0,392.0,367.0,3711.0,0.0,0.0,0.0,0.0,0.0,0,0,OnTime_or_MinorDelay,19,6,Evening,1
2024,1,1,2024-01-01,AA,1160.0,JAX,"Jacksonville, FL",Florida,MIA,"Miami, FL",Florida,800,749.0,-11.0,12.0,801.0,854.0,13.0,920,907.0,-13.0,0,,0,80.0,78.0,53.0,335.0,0.0,0.0,0.0,0.0,0.0,0,0,OnTime_or_MinorDelay,8,9,Morning,1
2024,1,1,2024-01-01,AA,1162.0,DCA,"Washington, DC",Virginia,LAX,"Los Angeles, CA",California,1733,1749.0,16.0,16.0,1805.0,1958.0,4.0,2029,2002.0,-27.0,0,,0,356.0,313.0,293.0,2311.0,0.0,0.0,0.0,0.0,0.0,0,0,OnTime_or_MinorDelay,17,20,Evening,1
2024,1,1,2024-01-01,AA,1164.0,MIA,"Miami, FL",Florida,PHL,"Philadelphia, PA",Pennsylvania,1618,1613.0,-5.0,19.0,1632.0,1843.0,7.0,1906,1850.0,-16.0,0,,0,168.0,157.0,131.0,1013.0,0.0,0.0,0.0,0.0,0.0,0,0,OnTime_or_MinorDelay,16,19,Afternoon,1
2024,1,1,2024-01-01,AA,1164.0,PHL,"Philadelphia, PA",Pennsylvania,MIA,"Miami, FL",Florida,1219,1214.0,-5.0,14.0,1228.0,1447.0,6.0,1518,1453.0,-25.0,0,,0,179.0,159.0,139.0,1013.0,0.0,0.0,0.0,0.0,0.0,0,0,OnTime_or_MinorDelay,12,15,Afternoon,1
2024,1,1,2024-01-01,AA,1166.0,CLT,"Charlotte, NC",North Carolina,AUS,"Austin, TX",Texas,1459,1612.0,73.0,28.0,1640.0,1830.0,7.0,1715,1837.0,82.0,0,,0,196.0,205.0,170.0,1032.0,73.0,0.0,9.0,0.0,0.0,1,1,Carrier,14,17,Afternoon,1
2024,1,1,2024-01-01,AA,1167.0,DFW,"Dallas/Fort Worth, TX",Texas,AMA,"Amarillo, TX",Texas,2240,2321.0,41.0,9.0,2330.0,18.0,3.0,2359,21.0,22.0,0,,0,79.0,60.0,48.0,312.0,0.0,0.0,0.0,0.0,22.0,1,5,LateAircraft,22,23,Night,1
2024,1,1,2024-01-01,AA,1168.0,CLT,"Charlotte, NC",North Carolina,MSN,"Madison, WI",Wisconsin,1430,1427.0,-3.0,15.0,1442.0,1528.0,4.0,1542,1532.0,-10.0,0,,0,132.0,125.0,106.0,708.0,0.0,0.0,0.0,0.0,0.0,0,0,OnTime_or_MinorDelay,14,15,Afternoon,1
2024,1,1,2024-01-01,AA,1168.0,MSN,"Madison, WI",Wisconsin,CLT,"Charlotte, NC",North Carolina,1622,1617.0,-5.0,15.0,1632.0,1909.0,12.0,1940,1921.0,-19.0,0,,0,138.0,124.0,97.0,708.0,0.0,0.0,0.0,0.0,0.0,0,0,OnTime_or_MinorDelay,16,19,Afternoon,1
2024,1,1,2024-01-01,AA,117.0,JFK,"New York, NY",New York,LAX,"Los Angeles, CA",California,2005,2008.0,3.0,28.0,2036.0,2240.0,6.0,2346,2246.0,-60.0,0,,0,401.0,338.0,304.0,2475.0,0.0,0.0,0.0,0.0,0.0,0,0,OnTime_or_MinorDelay,20,23,Evening,1
2024,1,1,2024-01-01,AA,1170.0,SJU,"San Juan, PR",Puerto Rico,MIA,"Miami, FL",Florida,1539,1529.0,-10.0,23.0,1552.0,1718.0,6.0,1732,1724.0,-8.0,0,,0,173.0,175.0,146.0,1045.0,0.0,0.0,0.0,0.0,0.0,0,0,OnTime_or_MinorDelay,15,17,Afternoon,1
2024,1,1,2024-01-01,AA,1171.0,DFW,"Dallas/Fort Worth, TX",Texas,MSY,"New Orleans, LA",Louisiana,1708,1700.0,-8.0,17.0,1717.0,1815.0,5.0,1835,1820.0,-15.0,0,,0,87.0,80.0,58.0,447.0,0.0,0.0,0.0,0.0,0.0,0,0,OnTime_or_MinorDelay,17,18,Evening,1
2024,1,1,2024-01-01,AA,1171.0,MSY,"New Orleans, LA",Louisiana,DFW,"Dallas/Fort Worth, TX",Texas,1945,1935.0,-10.0,9.0,1944.0,2052.0,11.0,2133,2103.0,-30.0,0,,0,108.0,88.0,68.0,447.0,0.0,0.0,0.0,0.0,0.0,0,0,OnTime_or_MinorDelay,19,21,Evening,1
2024,1,1,2024-01-01,AA,1172.0,AVP,"Scranton/Wilkes-Barre, PA",Pennsylvania,CLT,"Charlotte, NC",North Carolina,603,556.0,-7.0,22.0,618.0,735.0,5.0,759,740.0,-19.0,0,,0,116.0,104.0,77.0,509.0,0.0,0.0,0.0,0.0,0.0,0,0,OnTime_or_MinorDelay,6,7,Morning,1
2024,1,1,2024-01-01,AA,1173.0,ORD,"Chicago, IL",Illinois,PIT,"Pittsburgh, PA",Pennsylvania,1843,1836.0,-7.0,29.0,1905.0,2109.0,4.0,2113,2113.0,0.0,0,,0,90.0,97.0,64.0,413.0,0.0,0.0,0.0,0.0,0.0,0,0,OnTime_or_MinorDelay,18,21,Evening,1
2024,1,1,2024-01-01,AA,1174.0,JFK,"New York, NY",New York,MIA,"Miami, FL",Florida,1830,1824.0,-6.0,31.0,1855.0,2130.0,8.0,2144,2138.0,-6.0,0,,0,194.0,194.0,155.0,1089.0,0.0,0.0,0.0,0.0,0.0,0,0,OnTime_or_MinorDelay,18,21,Evening,1
2024,1,1,2024-01-01,AA,1176.0,CLT,"Charlotte, NC",North Carolina,RSW,"Fort Myers, FL",Florida,1836,1828.0,-8.0,15.0,1843.0,2012.0,3.0,2034,2015.0,-19.0,0,,0,118.0,107.0,89.0,600.0,0.0,0.0,0.0,0.0,0.0,0,0,OnTime_or_MinorDelay,18,20,Evening,1
2024,1,1,2024-01-01,AA,1177.0,DCA,"Washington, DC",Virginia,DFW,"Dallas/Fort Worth, TX",Texas,1312,1304.0,-8.0,13.0,1317.0,1507.0,16.0,1555,1523.0,-32.0,0,,0,223.0,199.0,170.0,1192.0,0.0,0.0,0.0,0.0,0.0,0,0,OnTime_or_MinorDelay,13,15,Afternoon,1
2024,1,1,2024-01-01,AA,1177.0,DFW,"Dallas/Fort Worth, TX",Texas,DCA,"Washington, DC",Virginia,815,812.0,-3.0,21.0,833.0,1151.0,3.0,1200,1154.0,-6.0,0,,0,165.0,162.0,138.0,1192.0,0.0,0.0,0.0,0.0,0.0,0,0,OnTime_or_MinorDelay,8,12,Morning,1
2024,1,1,2024-01-01,AA,1178.0,DCA,"Washington, DC",Virginia,MIA,"Miami, FL",Florida,612,602.0,-10.0,14.0,616.0,833.0,7.0,903,840.0,-23.0,0,,0,171.0,158.0,137.0,919.0,0.0,0.0,0.0,0.0,0.0,0,0,OnTime_or_MinorDelay,6,9,Morning,1
2024,1,1,2024-01-01,AA,1179.0,ORD,"Chicago, IL",Illinois,SNA,"Santa Ana, CA",California,1923,1918.0,-5.0,17.0,1935.0,2108.0,11.0,2151,2119.0,-32.0,0,,0,268.0,241.0,213.0,1726.0,0.0,0.0,0.0,0.0,0.0,0,0,OnTime_or_MinorDelay,19,21,Evening,1
2024,1,1,2024-01-01,AA,118.0,LAX,"Los Angeles, CA",California,JFK,"New York, NY",New York,705,700.0,-5.0,17.0,717.0,1519.0,15.0,1529,1534.0,5.0,0,,0,324.0,334.0,302.0,2475.0,0.0,0.0,0.0,0.0,0.0,0,0,OnTime_or_MinorDelay,7,15,Morning,1
2024,1,1,2024-01-01,AA,1180.0,CLT,"Charlotte, NC",North Carolina,SAV,"Savannah, GA",Georgia,2246,2245.0,-1.0,13.0,2258.0,2336.0,7.0,2355,2343.0,-12.0,0,,0,69.0,58.0,38.0,213.0,0.0,0.0,0.0,0.0,0.0,0,0,OnTime_or_MinorDelay,22,23,Night,1
2024,1,1,2024-01-01,AA,1181.0,PHL,"Philadelphia, PA",Pennsylvania,MIA,"Miami, FL",Florida,1859,1907.0,8.0,19.0,1926.0,2145.0,11.0,2209,2156.0,-13.0,0,,0,190.0,169.0,139.0,1013.0,0.0,0.0,0.0,0.0,0.0,0,0,OnTime_or_MinorDelay,18,22,Evening,1
2024,1,1,2024-01-01,AA,1183.0,BWI,"Baltimore, MD",Maryland,MIA,"Miami, FL",Florida,600,555.0,-5.0,28.0,623.0,839.0,15.0,850,854.0,4.0,0,,0,170.0,179.0,136.0,946.0,0.0,0.0,0.0,0.0,0.0,0,0,OnTime_or_MinorDelay,6,8,Morning,1
2024,1,1,2024-01-01,AA,1184.0,SJU,"San Juan, PR",Puerto Rico,ORD,"Chicago, IL",Illinois,1628,1646.0,18.0,26.0,1712.0,1946.0,10.0,1951,1956.0,5.0,0,,0,323.0,310.0,274.0,2072.0,0.0,0.0,0.0,0.0,0.0,0,0,OnTime_or_MinorDelay,16,19,Afternoon,1
2024,1,1,2024-01-01,AA,1186.0,CLT,"Charlotte, NC",North Carolina,MIA,"Miami, FL",Florida,530,521.0,-9.0,8.0,529.0,700.0,8.0,737,708.0,-29.0,0,,0,127.0,107.0,91.0,650.0,0.0,0.0,0.0,0.0,0.0,0,0,OnTime_or_MinorDelay,5,7,Morning,1
2024,1,1,2024-01-01,AA,1187.0,PHX,"Phoenix, AZ",Arizona,MCO,"Orlando, FL",Florida,2303,2256.0,-7.0,13.0,2309.0,434.0,34.0,501,508.0,7.0,0,,0,238.0,252.0,205.0,1849.0,0.0,0.0,0.0,0.0,0.0,0,0,OnTime_or_MinorDelay,23,5,Night,1
2024,1,1,2024-01-01,AA,1189.0,TPA,"Tampa, FL",Florida,DFW,"Dallas/Fort Worth, TX",Texas,909,859.0,-10.0,12.0,911.0,1036.0,16.0,1107,1052.0,-15.0,0,,0,178.0,173.0,145.0,929.0,0.0,0.0,0.0,0.0,0.0,0,0,OnTime_or_MinorDelay,9,11,Morning,1
2024,1,1,2024-01-01,AA,119.0,DFW,"Dallas/Fort Worth, TX",Texas,OGG,"Kahului, HI",Hawaii,1120,1141.0,21.0,16.0,1157.0,1549.0,6.0,1540,1555.0,15.0,0,,0,500.0,494.0,472.0,3711.0,15.0,0.0,0.0,0.0,0.0,1,1,Carrier,11,15,Morning,1
2024,1,1,2024-01-01,AA,1194.0,AUS,"Austin, TX",Texas,BOS,"Boston, MA",Massachusetts,605,601.0,-4.0,16.0,617.0,1031.0,8.0,1052,1039.0,-13.0,0,,0,227.0,218.0,194.0,1698.0,0.0,0.0,0.0,0.0,0.0,0,0,OnTime_or_MinorDelay,6,10,Morning,1
2024,1,1,2024-01-01,AA,1195.0,CLT,"Charlotte, NC",North Carolina,STT,"Charlotte Amalie, VI",U.S. Virgin Islands,1136,1221.0,45.0,9.0,1230.0,1628.0,4.0,1608,1632.0,24.0,0,,0,212.0,191.0,178.0,1520.0,24.0,0.0,0.0,0.0,0.0,1,1,Carrier,11,16,Morning,1
2024,1,1,2024-01-01,AA,1195.0,STT,"Charlotte Amalie, VI",U.S. Virgin Islands,CLT,"Charlotte, NC",North Carolina,1648,1725.0,37.0,20.0,1745.0,2023.0,22.0,1950,2045.0,55.0,0,,0,242.0,260.0,218.0,1520.0,13.0,0.0,18.0,0.0,24.0,1,5,LateAircraft,16,19,Afternoon,1
2024,1,1,2024-01-01,AA,1196.0,EWR,"Newark, NJ",New Jersey,MIA,"Miami, FL",Florida,508,507.0,-1.0,21.0,528.0,801.0,7.0,823,808.0,-15.0,0,,0,195.0,181.0,153.0,1085.0,0.0,0.0,0.0,0.0,0.0,0,0,OnTime_or_MinorDelay,5,8,Morning,1
2024,1,1,2024-01-01,AA,1197.0,SMF,"Sacramento, CA",California,DFW,"Dallas/Fort Worth, TX",Texas,2359,2352.0,-7.0,11.0,3.0,454.0,4.0,513,458.0,-15.0,0,,0,194.0,186.0,171.0,1431.0,0.0,0.0,0.0,0.0,0.0,0,0,OnTime_or_MinorDelay,23,5,Night,1
2024,1,1,2024-01-01,AA,1198.0,SFO,"San Francisco, CA",California,DFW,"Dallas/Fort Worth, TX",Texas,545,546.0,1.0,17.0,603.0,1106.0,13.0,1117,1119.0,2.0,0,,0,212.0,213.0,183.0,1464.0,0.0,0.0,0.0,0.0,0.0,0,0,OnTime_or_MinorDelay,5,11,Morning,1
2024,1,1,2024-01-01,AA,1199.0,MIA,"Miami, FL",Florida,CLT,"Charlotte, NC",North Carolina,905,958.0,53.0,13.0,1011.0,1146.0,5.0,1115,1151.0,36.0,0,,0,130.0,113.0,95.0,650.0,36.0,0.0,0.0,0.0,0.0,1,1,Carrier,9,11,Morning,1
2024,1,1,2024-01-01,AA,1200.0,DCA,"Washington, DC",Virginia,ORD,"Chicago, IL",Illinois,929,1742.0,493.0,17.0,1759.0,1831.0,14.0,1042,1845.0,483.0,0,,0,133.0,123.0,92.0,612.0,483.0,0.0,0.0,0.0,0.0,1,1,Carrier,9,10,Morning,1
2024,1,1,2024-01-01,AA,1201.0,DFW,"Dallas/Fort Worth, TX",Texas,VPS,"Valparaiso, FL",Florida,2105,2323.0,138.0,11.0,2334.0,52.0,4.0,2300,56.0,116.0,0,,0,115.0,93.0,78.0,641.0,5.0,0.0,0.0,0.0,111.0,1,5,LateAircraft,21,23,Evening,1
2024,1,1,2024-01-01,AA,1203.0,ORD,"Chicago, IL",Illinois,CLT,"Charlotte, NC",North Carolina,1825,1819.0,-6.0,20.0,1839.0,2105.0,20.0,2125,2125.0,0.0,0,,0,120.0,126.0,86.0,599.0,0.0,0.0,0.0,0.0,0.0,0,0,OnTime_or_MinorDelay,18,21,Evening,1
2024,1,1,2024-01-01,AA,1204.0,BUF,"Buffalo, NY",New York,CLT,"Charlotte, NC",North Carolina,600,602.0,2.0,19.0,621.0,746.0,5.0,804,751.0,-13.0,0,,0,124.0,109.0,85.0,546.0,0.0,0.0,0.0,0.0,0.0,0,0,OnTime_or_MinorDelay,6,8,Morning,1
2024,1,1,2024-01-01,AA,1205.0,DFW,"Dallas/Fort Worth, TX",Texas,AUS,"Austin, TX",Texas,2245,2240.0,-5.0,18.0,2258.0,2340.0,17.0,2352,2357.0,5.0,0,,0,67.0,77.0,42.0,190.0,0.0,0.0,0.0,0.0,0.0,0,0,OnTime_or_MinorDelay,22,23,Night,1
2024,1,1,2024-01-01,AA,1206.0,CLT,"Charlotte, NC",North Carolina,AVP,"Scranton/Wilkes-Barre, PA",Pennsylvania,2051,2129.0,38.0,12.0,2141.0,2300.0,4.0,2229,2304.0,35.0,0,,0,98.0,95.0,79.0,509.0,0.0,0.0,0.0,0.0,35.0,1,5,LateAircraft,20,22,Evening,1
2024,1,1,2024-01-01,AA,1207.0,DFW,"Dallas/Fort Worth, TX",Texas,TUS,"Tucson, AZ",Arizona,2007,2041.0,34.0,16.0,2057.0,2201.0,4.0,2137,2205.0,28.0,0,,0,150.0,144.0,124.0,813.0,28.0,0.0,0.0,0.0,0.0,1,1,Carrier,20,21,Evening,1
2024,1,1,2024-01-01,AA,1208.0,BUR,"Burbank, CA",California,DFW,"Dallas/Fort Worth, TX",Texas,1223,1220.0,-3.0,17.0,1237.0,1705.0,19.0,1730,1724.0,-6.0,0,,0,187.0,184.0,148.0,1231.0,0.0,0.0,0.0,0.0,0.0,0,0,OnTime_or_MinorDelay,12,17,Afternoon,1
2024,1,1,2024-01-01,AA,1208.0,DFW,"Dallas/Fort Worth, TX",Texas,BUR,"Burbank, CA",California,1005,1000.0,-5.0,11.0,1011.0,1116.0,1.0,1133,1117.0,-16.0,0,,0,208.0,197.0,185.0,1231.0,0.0,0.0,0.0,0.0,0.0,0,0,OnTime_or_MinorDelay,10,11,Morning,1
2024,1,1,2024-01-01,AA,1209.0,ABQ,"Albuquerque, NM",New Mexico,DFW,"Dallas/Fort Worth, TX",Texas,1054,1047.0,-7.0,11.0,1058.0,1320.0,14.0,1342,1334.0,-8.0,0,,0,108.0,107.0,82.0,569.0,0.0,0.0,0.0,0.0,0.0,0,0,OnTime_or_MinorDelay,10,13,Morning,1
2024,1,1,2024-01-01,AA,1209.0,DFW,"Dallas/Fort Worth, TX",Texas,ABQ,"Albuquerque, NM",New Mexico,859,849.0,-10.0,18.0,907.0,937.0,4.0,1001,941.0,-20.0,0,,0,122.0,112.0,90.0,569.0,0.0,0.0,0.0,0.0,0.0,0,0,OnTime_or_MinorDelay,8,10,Morning,1
2024,1,1,2024-01-01,AA,1211.0,ABQ,"Albuquerque, NM",New Mexico,DFW,"Dallas/Fort Worth, TX",Texas,821,809.0,-12.0,24.0,833.0,1054.0,4.0,1110,1058.0,-12.0,0,,0,109.0,109.0,81.0,569.0,0.0,0.0,0.0,0.0,0.0,0,0,OnTime_or_MinorDelay,8,11,Morning,1
2024,1,1,2024-01-01,AA,1212.0,DFW,"Dallas/Fort Worth, TX",Texas,CLT,"Charlotte, NC",North Carolina,1729,1727.0,-2.0,14.0,1741.0,2033.0,9.0,2057,2042.0,-15.0,0,,0,148.0,135.0,112.0,936.0,0.0,0.0,0.0,0.0,0.0,0,0,OnTime_or_MinorDelay,17,20,Evening,1
2024,1,1,2024-01-01,AA,1213.0,BWI,"Baltimore, MD",Maryland,DFW,"Dallas/Fort Worth, TX",Texas,1905,1925.0,20.0,11.0,1936.0,2121.0,19.0,2150,2140.0,-10.0,0,,0,225.0,195.0,165.0,1217.0,0.0,0.0,0.0,0.0,0.0,0,0,OnTime_or_MinorDelay,19,21,Evening,1
2024,1,1,2024-01-01,AA,1213.0,DFW,"Dallas/Fort Worth, TX",Texas,BWI,"Baltimore, MD",Maryland,1425,1452.0,27.0,12.0,1504.0,1833.0,8.0,1813,1841.0,28.0,0,,0,168.0,169.0,149.0,1217.0,27.0,0.0,1.0,0.0,0.0,1,1,Carrier,14,18,Afternoon,1
2024,1,1,2024-01-01,AA,1214.0,SLC,"Salt Lake City, UT",Utah,DFW,"Dallas/Fort Worth, TX",Texas,519,514.0,-5.0,42.0,556.0,909.0,13.0,909,922.0,13.0,0,,0,170.0,188.0,133.0,989.0,0.0,0.0,0.0,0.0,0.0,0,0,OnTime_or_MinorDelay,5,9,Morning,1
2024,1,1,2024-01-01,AA,1216.0,CLT,"Charlotte, NC",North Carolina,CMH,"Columbus, OH",Ohio,2132,2208.0,36.0,13.0,2221.0,2315.0,7.0,2258,2322.0,24.0,0,,0,86.0,74.0,54.0,347.0,24.0,0.0,0.0,0.0,0.0,1,1,Carrier,21,22,Evening,1
2024,1,1,2024-01-01,AA,1217.0,DFW,"Dallas/Fort Worth, TX",Texas,SAT,"San Antonio, TX",Texas,2245,2242.0,-3.0,14.0,2256.0,2348.0,7.0,2357,2355.0,-2.0,0,,0,72.0,73.0,52.0,247.0,0.0,0.0,0.0,0.0,0.0,0,0,OnTime_or_MinorDelay,22,23,Night,1
2024,1,1,2024-01-01,AA,1218.0,DCA,"Washington, DC",Virginia,PHX,"Phoenix, AZ",Arizona,1015,1011.0,-4.0,21.0,1032.0,1303.0,4.0,1340,1307.0,-33.0,0,,0,325.0,296.0,271.0,1979.0,0.0,0.0,0.0,0.0,0.0,0,0,OnTime_or_MinorDelay,10,13,Morning,1
2024,1,1,2024-01-01,AA,1219.0,ABQ,"Albuquerque, NM",New Mexico,ORD,"Chicago, IL",Illinois,1358,1349.0,-9.0,10.0,1359.0,1726.0,10.0,1745,1736.0,-9.0,0,,0,167.0,167.0,147.0,1118.0,0.0,0.0,0.0,0.0,0.0,0,0,OnTime_or_MinorDelay,13,17,Afternoon,1
2024,1,1,2024-01-01,AA,1219.0,ORD,"Chicago, IL",Illinois,ABQ,"Albuquerque, NM",New Mexico,1047,1039.0,-8.0,14.0,1053.0,1224.0,6.0,1307,1230.0,-37.0,0,,0,200.0,171.0,151.0,1118.0,0.0,0.0,0.0,0.0,0.0,0,0,OnTime_or_MinorDelay,10,13,Morning,1
2024,1,1,2024-01-01,AA,122.0,CLT,"Charlotte, NC",North Carolina,BOS,"Boston, MA",Massachusetts,1454,1455.0,1.0,19.0,1514.0,1650.0,10.0,1707,1700.0,-7.0,0,,0,133.0,125.0,96.0,728.0,0.0,0.0,0.0,0.0,0.0,0,0,OnTime_or_MinorDelay,14,17,Afternoon,1
2024,1,1,2024-01-01,AA,1220.0,PBI,"West Palm Beach/Palm Beach, FL",Florida,DFW,"Dallas/Fort Worth, TX",Texas,650,651.0,1.0,15.0,706.0,852.0,16.0,909,908.0,-1.0,0,,0,199.0,197.0,166.0,1102.0,0.0,0.0,0.0,0.0,0.0,0,0,OnTime_or_MinorDelay,6,9,Morning,1
2024,1,1,2024-01-01,AA,1222.0,DFW,"Dallas/Fort Worth, TX",Texas,PHX,"Phoenix, AZ",Arizona,1856,1900.0,4.0,20.0,1920.0,2030.0,9.0,2038,2039.0,1.0,0,,0,162.0,159.0,130.0,868.0,0.0,0.0,0.0,0.0,0.0,0,0,OnTime_or_MinorDelay,18,20,Evening,1
2024,1,1,2024-01-01,AA,1224.0,CLT,"Charlotte, NC",North Carolina,MCO,"Orlando, FL",Florida,1215,1206.0,-9.0,14.0,1220.0,1335.0,12.0,1359,1347.0,-12.0,0,,0,104.0,101.0,75.0,468.0,0.0,0.0,0.0,0.0,0.0,0,0,OnTime_or_MinorDelay,12,13,Afternoon,1
2024,1,1,2024-01-01,AA,1224.0,MCO,"Orlando, FL",Florida,CLT,"Charlotte, NC",North Carolina,1449,1444.0,-5.0,21.0,1505.0,1623.0,4.0,1636,1627.0,-9.0,0,,0,107.0,103.0,78.0,468.0,0.0,0.0,0.0,0.0,0.0,0,0,OnTime_or_MinorDelay,14,16,Afternoon,1
2024,1,1,2024-01-01,AA,1225.0,PDX,"Portland, OR",Oregon,PHX,"Phoenix, AZ",Arizona,1815,1815.0,0.0,10.0,1825.0,2131.0,8.0,2147,2139.0,-8.0,0,,0,152.0,144.0,126.0,1009.0,0.0,0.0,0.0,0.0,0.0,0,0,OnTime_or_MinorDelay,18,21,Evening,1
2024,1,1,2024-01-01,AA,1225.0,PHX,"Phoenix, AZ",Arizona,PDX,"Portland, OR",Oregon,1502,1458.0,-4.0,22.0,1520.0,1649.0,5.0,1654,1654.0,0.0,0,,0,172.0,176.0,149.0,1009.0,0.0,0.0,0.0,0.0,0.0,0,0,OnTime_or_MinorDelay,15,16,Afternoon,1
2024,1,1,2024-01-01,AA,1226.0,MIA,"Miami, FL",Florida,DFW,"Dallas/Fort Worth, TX",Texas,518,516.0,-2.0,16.0,532.0,720.0,20.0,734,740.0,6.0,0,,0,196.0,204.0,168.0,1121.0,0.0,0.0,0.0,0.0,0.0,0,0,OnTime_or_MinorDelay,5,7,Morning,1
2024,1,1,2024-01-01,AA,1227.0,BWI,"Baltimore, MD",Maryland,CLT,"Charlotte, NC",North Carolina,936,930.0,-6.0,15.0,945.0,1052.0,10.0,1115,1102.0,-13.0,0,,0,99.0,92.0,67.0,361.0,0.0,0.0,0.0,0.0,0.0,0,0,OnTime_or_MinorDelay,9,11,Morning,1
2024,1,1,2024-01-01,AA,1228.0,JAX,"Jacksonville, FL",Florida,DCA,"Washington, DC",Virginia,1928,1918.0,-10.0,14.0,1932.0,2106.0,3.0,2116,2109.0,-7.0,0,,0,108.0,111.0,94.0,634.0,0.0,0.0,0.0,0.0,0.0,0,0,OnTime_or_MinorDelay,19,21,Evening,1
2024,1,1,2024-01-01,AA,123.0,DFW,"Dallas/Fort Worth, TX",Texas,HNL,"Honolulu, HI",Hawaii,930,933.0,3.0,19.0,952.0,1350.0,4.0,1350,1354.0,4.0,0,,0,500.0,501.0,478.0,3784.0,0.0,0.0,0.0,0.0,0.0,0,0,OnTime_or_MinorDelay,9,13,Morning,1
2024,1,1,2024-01-01,AA,1230.0,ABQ,"Albuquerque, NM",New Mexico,DFW,"Dallas/Fort Worth, TX",Texas,1501,1459.0,-2.0,9.0,1508.0,1726.0,13.0,1743,1739.0,-4.0,0,,0,102.0,100.0,78.0,569.0,0.0,0.0,0.0,0.0,0.0,0,0,OnTime_or_MinorDelay,15,17,Afternoon,1
2024,1,1,2024-01-01,AA,1230.0,DFW,"Dallas/Fort Worth, TX",Texas,ABQ,"Albuquerque, NM",New Mexico,1315,1313.0,-2.0,18.0,1331.0,1400.0,5.0,1410,1405.0,-5.0,0,,0,115.0,112.0,89.0,569.0,0.0,0.0,0.0,0.0,0.0,0,0,OnTime_or_MinorDelay,13,14,Afternoon,1
2024,1,1,2024-01-01,AA,1231.0,ABQ,"Albuquerque, NM",New Mexico,DFW,"Dallas/Fort Worth, TX",Texas,1206,1200.0,-6.0,9.0,1209.0,1426.0,9.0,1454,1435.0,-19.0,0,,0,108.0,95.0,77.0,569.0,0.0,0.0,0.0,0.0,0.0,0,0,OnTime_or_MinorDelay,12,14,Afternoon,1
2024,1,1,2024-01-01,AA,1231.0,DFW,"Dallas/Fort Worth, TX",Texas,ABQ,"Albuquerque, NM",New Mexico,1016,1008.0,-8.0,18.0,1026.0,1057.0,4.0,1113,1101.0,-12.0,0,,0,117.0,113.0,91.0,569.0,0.0,0.0,0.0,0.0,0.0,0,0,OnTime_or_MinorDelay,10,11,Morning,1
2024,1,1,2024-01-01,AA,1232.0,DFW,"Dallas/Fort Worth, TX",Texas,AUS,"Austin, TX",Texas,1800,1814.0,14.0,9.0,1823.0,1904.0,5.0,1908,1909.0,1.0,0,,0,68.0,55.0,41.0,190.0,0.0,0.0,0.0,0.0,0.0,0,0,OnTime_or_MinorDelay,18,19,Evening,1
2024,1,1,2024-01-01,AA,1233.0,ANC,"Anchorage, AK",Alaska,DFW,"Dallas/Fort Worth, TX",Texas,2054,2051.0,-3.0,11.0,2102.0,549.0,10.0,623,559.0,-24.0,0,,0,389.0,368.0,347.0,3043.0,0.0,0.0,0.0,0.0,0.0,0,0,OnTime_or_MinorDelay,20,6,Evening,1
2024,1,1,2024-01-01,AA,1233.0,DFW,"Dallas/Fort Worth, TX",Texas,ANC,"Anchorage, AK",Alaska,1534,1544.0,10.0,13.0,1557.0,1933.0,3.0,1945,1936.0,-9.0,0,,0,431.0,412.0,396.0,3043.0,0.0,0.0,0.0,0.0,0.0,0,0,OnTime_or_MinorDelay,15,19,Afternoon,1
2024,1,1,2024-01-01,AA,1235.0,MIA,"Miami, FL",Florida,BOS,"Boston, MA",Massachusetts,827,819.0,-8.0,14.0,833.0,1113.0,9.0,1144,1122.0,-22.0,0,,0,197.0,183.0,160.0,1258.0,0.0,0.0,0.0,0.0,0.0,0,0,OnTime_or_MinorDelay,8,11,Morning,1
2024,1,1,2024-01-01,AA,1236.0,ATL,"Atlanta, GA",Georgia,DFW,"Dallas/Fort Worth, TX",Texas,1624,1743.0,79.0,15.0,1758.0,1848.0,4.0,1759,1852.0,53.0,0,,0,155.0,129.0,110.0,731.0,53.0,0.0,0.0,0.0,0.0,1,1,Carrier,16,17,Afternoon,1
2024,1,1,2024-01-01,AA,1236.0,DFW,"Dallas/Fort Worth, TX",Texas,ATL,"Atlanta, GA",Georgia,1225,1215.0,-10.0,15.0,1230.0,1459.0,6.0,1530,1505.0,-25.0,0,,0,125.0,110.0,89.0,731.0,0.0,0.0,0.0,0.0,0.0,0,0,OnTime_or_MinorDelay,12,15,Afternoon,1
2024,1,1,2024-01-01,AA,1237.0,ATL,"Atlanta, GA",Georgia,MIA,"Miami, FL",Florida,1932,1927.0,-5.0,17.0,1944.0,2109.0,6.0,2131,2115.0,-16.0,0,,0,119.0,108.0,85.0,594.0,0.0,0.0,0.0,0.0,0.0,0,0,OnTime_or_MinorDelay,19,21,Evening,1
2024,1,1,2024-01-01,AA,1237.0,MIA,"Miami, FL",Florida,ATL,"Atlanta, GA",Georgia,1455,1452.0,-3.0,23.0,1515.0,1643.0,7.0,1652,1650.0,-2.0,0,,0,117.0,118.0,88.0,594.0,0.0,0.0,0.0,0.0,0.0,0,0,OnTime_or_MinorDelay,14,16,Afternoon,1
2024,1,1,2024-01-01,AA,1238.0,PHX,"Phoenix, AZ",Arizona,ONT,"Ontario, CA",California,2200,2204.0,4.0,12.0,2216.0,2203.0,5.0,2216,2208.0,-8.0,0,,0,76.0,64.0,47.0,325.0,0.0,0.0,0.0,0.0,0.0,0,0,OnTime_or_MinorDelay,22,22,Night,1
2024,1,1,2024-01-01,AA,1239.0,BOS,"Boston, MA",Massachusetts,ORD,"Chicago, IL",Illinois,800,750.0,-10.0,23.0,813.0,910.0,27.0,1006,937.0,-29.0,0,,0,186.0,167.0,117.0,867.0,0.0,0.0,0.0,0.0,0.0,0,0,OnTime_or_MinorDelay,8,10,Morning,1
2024,1,1,2024-01-01,AA,1241.0,PHL,"Philadelphia, PA",Pennsylvania,ATL,"Atlanta, GA",Georgia,840,839.0,-1.0,13.0,852.0,1031.0,7.0,1106,1038.0,-28.0,0,,0,146.0,119.0,99.0,666.0,0.0,0.0,0.0,0.0,0.0,0,0,OnTime_or_MinorDelay,8,11,Morning,1
2024,1,1,2024-01-01,AA,1242.0,STL,"St. Louis, MO",Missouri,LGA,"New York, NY",New York,610,602.0,-8.0,12.0,614.0,917.0,5.0,929,922.0,-7.0,0,,0,139.0,140.0,123.0,888.0,0.0,0.0,0.0,0.0,0.0,0,0,OnTime_or_MinorDelay,6,9,Morning,1
2024,1,1,2024-01-01,AA,1243.0,DFW,"Dallas/Fort Worth, TX",Texas,SAN,"San Diego, CA",California,1943,1936.0,-7.0,17.0,1953.0,2033.0,5.0,2056,2038.0,-18.0,0,,0,193.0,182.0,160.0,1171.0,0.0,0.0,0.0,0.0,0.0,0,0,OnTime_or_MinorDelay,19,20,Evening,1
2024,1,1,2024-01-01,AA,1244.0,DEN,"Denver, CO",Colorado,DFW,"Dallas/Fort Worth, TX",Texas,915,908.0,-7.0,15.0,923.0,1148.0,11.0,1224,1159.0,-25.0,0,,0,129.0,111.0,85.0,641.0,0.0,0.0,0.0,0.0,0.0,0,0,OnTime_or_MinorDelay,9,12,Morning,1
2024,1,1,2024-01-01,AA,1245.0,ATL,"Atlanta, GA",Georgia,MIA,"Miami, FL",Florida,1455,1453.0,-2.0,21.0,1514.0,1650.0,4.0,1650,1654.0,4.0,0,,0,115.0,121.0,96.0,594.0,0.0,0.0,0.0,0.0,0.0,0,0,OnTime_or_MinorDelay,14,16,Afternoon,1
2024,1,1,2024-01-01,AA,1245.0,MIA,"Miami, FL",Florida,ATL,"Atlanta, GA",Georgia,1159,1158.0,-1.0,17.0,1215.0,1344.0,7.0,1359,1351.0,-8.0,0,,0,120.0,113.0,89.0,594.0,0.0,0.0,0.0,0.0,0.0,0,0,OnTime_or_MinorDelay,11,13,Morning,1
2024,1,1,2024-01-01,AA,1247.0,MCO,"Orlando, FL",Florida,ORD,"Chicago, IL",Illinois,1738,1734.0,-4.0,11.0,1745.0,1919.0,10.0,1940,1929.0,-11.0,0,,0,182.0,175.0,154.0,1005.0,0.0,0.0,0.0,0.0,0.0,0,0,OnTime_or_MinorDelay,17,19,Evening,1
2024,1,1,2024-01-01,AA,1247.0,ORD,"Chicago, IL",Illinois,MCO,"Orlando, FL",Florida,1309,1304.0,-5.0,13.0,1317.0,1620.0,18.0,1647,1638.0,-9.0,0,,0,158.0,154.0,123.0,1005.0,0.0,0.0,0.0,0.0,0.0,0,0,OnTime_or_MinorDelay,13,16,Afternoon,1
2024,1,1,2024-01-01,AA,1248.0,ATL,"Atlanta, GA",Georgia,DFW,"Dallas/Fort Worth, TX",Texas,1819,1810.0,-9.0,16.0,1826.0,1922.0,13.0,1952,1935.0,-17.0,0,,0,153.0,145.0,116.0,731.0,0.0,0.0,0.0,0.0,0.0,0,0,OnTime_or_MinorDelay,18,19,Evening,1
2024,1,1,2024-01-01,AA,1248.0,DFW,"Dallas/Fort Worth, TX",Texas,ATL,"Atlanta, GA",Georgia,1425,1420.0,-5.0,13.0,1433.0,1703.0,12.0,1728,1715.0,-13.0,0,,0,123.0,115.0,90.0,731.0,0.0,0.0,0.0,0.0,0.0,0,0,OnTime_or_MinorDelay,14,17,Afternoon,1
2024,1,1,2024-01-01,AA,1249.0,LGA,"New York, NY",New York,MIA,"Miami, FL",Florida,600,706.0,66.0,13.0,719.0,955.0,38.0,916,1033.0,77.0,0,,0,196.0,207.0,156.0,1096.0,66.0,0.0,11.0,0.0,0.0,1,1,Carrier,6,9,Morning,1
2024,1,1,2024-01-01,AA,125.0,CLE,"Cleveland, OH",Ohio,CLT,"Charlotte, NC",North Carolina,815,1112.0,177.0,33.0,1145.0,1254.0,6.0,1006,1300.0,174.0,0,,0,111.0,108.0,69.0,430.0,174.0,0.0,0.0,0.0,0.0,1,1,Carrier,8,10,Morning,1
2024,1,1,2024-01-01,AA,1250.0,JFK,"New York, NY",New York,AUS,"Austin, TX",Texas,1130,1126.0,-4.0,21.0,1147.0,1418.0,7.0,1448,1425.0,-23.0,0,,0,258.0,239.0,211.0,1521.0,0.0,0.0,0.0,0.0,0.0,0,0,OnTime_or_MinorDelay,11,14,Morning,1
2024,1,1,2024-01-01,AA,1251.0,ATL,"Atlanta, GA",Georgia,PHL,"Philadelphia, PA",Pennsylvania,1332,1325.0,-7.0,27.0,1352.0,1526.0,3.0,1526,1529.0,3.0,0,,0,114.0,124.0,94.0,666.0,0.0,0.0,0.0,0.0,0.0,0,0,OnTime_or_MinorDelay,13,15,Afternoon,1
2024,1,1,2024-01-01,AA,1252.0,DFW,"Dallas/Fort Worth, TX",Texas,SMF,"Sacramento, CA",California,1754,1936.0,102.0,18.0,1954.0,2110.0,5.0,1943,2115.0,92.0,0,,0,229.0,219.0,196.0,1431.0,0.0,0.0,0.0,0.0,92.0,1,5,LateAircraft,17,19,Evening,1
2024,1,1,2024-01-01,AA,1253.0,ORD,"Chicago, IL",Illinois,SFO,"San Francisco, CA",California,1415,1454.0,39.0,9.0,1503.0,1657.0,10.0,1711,1707.0,-4.0,0,,0,296.0,253.0,234.0,1846.0,0.0,0.0,0.0,0.0,0.0,0,0,OnTime_or_MinorDelay,14,17,Afternoon,1
2024,1,1,2024-01-01,AA,1255.0,PHX,"Phoenix, AZ",Arizona,IND,"Indianapolis, IN",Indiana,1700,1745.0,45.0,12.0,1757.0,2259.0,13.0,2220,2312.0,52.0,0,,0,200.0,207.0,182.0,1488.0,0.0,0.0,7.0,0.0,45.0,1,5,LateAircraft,17,22,Evening,1
2024,1,1,2024-01-01,AA,1258.0,DFW,"Dallas/Fort Worth, TX",Texas,AUS,"Austin, TX",Texas,1600,1612.0,12.0,16.0,1628.0,1709.0,6.0,1705,1715.0,10.0,0,,0,65.0,63.0,41.0,190.0,0.0,0.0,0.0,0.0,0.0,0,0,OnTime_or_MinorDelay,16,17,Afternoon,1
2024,1,1,2024-01-01,AA,1259.0,BOS,"Boston, MA",Massachusetts,MIA,"Miami, FL",Florida,720,711.0,-9.0,22.0,733.0,1037.0,8.0,1104,1045.0,-19.0,0,,0,224.0,214.0,184.0,1258.0,0.0,0.0,0.0,0.0,0.0,0,0,OnTime_or_MinorDelay,7,11,Morning,1
2024,1,1,2024-01-01,AA,126.0,CLE,"Cleveland, OH",Ohio,CLT,"Charlotte, NC",North Carolina,907,900.0,-7.0,15.0,915.0,1025.0,10.0,1058,1035.0,-23.0,0,,0,111.0,95.0,70.0,430.0,0.0,0.0,0.0,0.0,0.0,0,0,OnTime_or_MinorDelay,9,10,Morning,1
2024,1,1,2024-01-01,AA,1260.0,CLE,"Cleveland, OH",Ohio,DFW,"Dallas/Fort Worth, TX",Texas,1726,1728.0,2.0,22.0,1750.0,1908.0,17.0,1939,1925.0,-14.0,0,,0,193.0,177.0,138.0,1021.0,0.0,0.0,0.0,0.0,0.0,0,0,OnTime_or_MinorDelay,17,19,Evening,1
2024,1,1,2024-01-01,AA,1261.0,MCI,"Kansas City, MO",Missouri,DFW,"Dallas/Fort Worth, TX",Texas,708,710.0,2.0,20.0,730.0,902.0,6.0,904,908.0,4.0,0,,0,116.0,118.0,92.0,460.0,0.0,0.0,0.0,0.0,0.0,0,0,OnTime_or_MinorDelay,7,9,Morning,1
2024,1,1,2024-01-01,AA,1263.0,LGA,"New York, NY",New York,DFW,"Dallas/Fort Worth, TX",Texas,1230,1224.0,-6.0,16.0,1240.0,1449.0,17.0,1550,1506.0,-44.0,0,,0,260.0,222.0,189.0,1389.0,0.0,0.0,0.0,0.0,0.0,0,0,OnTime_or_MinorDelay,12,15,Afternoon,1
2024,1,1,2024-01-01,AA,1264.0,SFO,"San Francisco, CA",California,DFW,"Dallas/Fort Worth, TX",Texas,1806,1800.0,-6.0,10.0,1810.0,2310.0,12.0,2333,2322.0,-11.0,0,,0,207.0,202.0,180.0,1464.0,0.0,0.0,0.0,0.0,0.0,0,0,OnTime_or_MinorDelay,18,23,Evening,1
2024,1,1,2024-01-01,AA,1266.0,MSY,"New Orleans, LA",Louisiana,CLT,"Charlotte, NC",North Carolina,700,653.0,-7.0,13.0,706.0,923.0,12.0,957,935.0,-22.0,0,,0,117.0,102.0,77.0,651.0,0.0,0.0,0.0,0.0,0.0,0,0,OnTime_or_MinorDelay,7,9,Morning,1
2024,1,1,2024-01-01,AA,1267.0,DFW,"Dallas/Fort Worth, TX",Texas,RSW,"Fort Myers, FL",Florida,1918,1913.0,-5.0,22.0,1935.0,2229.0,4.0,2248,2233.0,-15.0,0,,0,150.0,140.0,114.0,1017.0,0.0,0.0,0.0,0.0,0.0,0,0,OnTime_or_MinorDelay,19,22,Evening,1
2024,1,1,2024-01-01,AA,1268.0,CLT,"Charlotte, NC",North Carolina,AUS,"Austin, TX",Texas,1134,1128.0,-6.0,12.0,1140.0,1322.0,5.0,1345,1327.0,-18.0,0,,0,191.0,179.0,162.0,1032.0,0.0,0.0,0.0,0.0,0.0,0,0,OnTime_or_MinorDelay,11,13,Morning,1
2024,1,1,2024-01-01,AA,1269.0,CLT,"Charlotte, NC",North Carolina,DCA,"Washington, DC",Virginia,2240,2325.0,45.0,21.0,2346.0,44.0,3.0,1,47.0,46.0,0,,0,81.0,82.0,58.0,331.0,45.0,0.0,1.0,0.0,0.0,1,1,Carrier,22,0,Night,1
2024,1,1,2024-01-01,AA,1270.0,DFW,"Dallas/Fort Worth, TX",Texas,JAX,"Jacksonville, FL",Florida,1516,1514.0,-2.0,30.0,1544.0,1825.0,6.0,1829,1831.0,2.0,0,,0,133.0,137.0,101.0,918.0,0.0,0.0,0.0,0.0,0.0,0,0,OnTime_or_MinorDelay,15,18,Afternoon,1
2024,1,1,2024-01-01,AA,1270.0,JAX,"Jacksonville, FL",Florida,DFW,"Dallas/Fort Worth, TX",Texas,1943,1932.0,-11.0,14.0,1946.0,2119.0,14.0,2140,2133.0,-7.0,0,,0,177.0,181.0,153.0,918.0,0.0,0.0,0.0,0.0,0.0,0,0,OnTime_or_MinorDelay,19,21,Evening,1
2024,1,1,2024-01-01,AA,1271.0,STT,"Charlotte Amalie, VI",U.S. Virgin Islands,JFK,"New York, NY",New York,1407,1401.0,-6.0,15.0,1416.0,1654.0,6.0,1729,1700.0,-29.0,0,,0,262.0,239.0,218.0,1623.0,0.0,0.0,0.0,0.0,0.0,0,0,OnTime_or_MinorDelay,14,17,Afternoon,1
2024,1,1,2024-01-01,AA,1272.0,MIA,"Miami, FL",Florida,BDL,"Hartford, CT",Connecticut,1949,1948.0,-1.0,26.0,2014.0,2245.0,5.0,2259,2250.0,-9.0,0,,0,190.0,182.0,151.0,1194.0,0.0,0.0,0.0,0.0,0.0,0,0,OnTime_or_MinorDelay,19,22,Evening,1
2024,1,1,2024-01-01,AA,1273.0,DFW,"Dallas/Fort Worth, TX",Texas,RNO,"Reno, NV",Nevada,1945,1948.0,3.0,19.0,2007.0,2114.0,5.0,2123,2119.0,-4.0,0,,0,218.0,211.0,187.0,1345.0,0.0,0.0,0.0,0.0,0.0,0,0,OnTime_or_MinorDelay,19,21,Evening,1
2024,1,1,2024-01-01,AA,1274.0,JFK,"New York, NY",New York,DFW,"Dallas/Fort Worth, TX",Texas,1621,1626.0,5.0,20.0,1646.0,1851.0,18.0,1935,1909.0,-26.0,0,,0,254.0,223.0,185.0,1391.0,0.0,0.0,0.0,0.0,0.0,0,0,OnTime_or_MinorDelay,16,19,Afternoon,1
2024,1,1,2024-01-01,AA,1275.0,PIT,"Pittsburgh, PA",Pennsylvania,ORD,"Chicago, IL",Illinois,1812,1809.0,-3.0,32.0,1841.0,1845.0,14.0,1853,1859.0,6.0,0,,0,101.0,110.0,64.0,413.0,0.0,0.0,0.0,0.0,0.0,0,0,OnTime_or_MinorDelay,18,18,Evening,1
2024,1,1,2024-01-01,AA,1276.0,ATL,"Atlanta, GA",Georgia,DFW,"Dallas/Fort Worth, TX",Texas,1216,1203.0,-13.0,13.0,1216.0,1308.0,12.0,1352,1320.0,-32.0,0,,0,156.0,137.0,112.0,731.0,0.0,0.0,0.0,0.0,0.0,0,0,OnTime_or_MinorDelay,12,13,Afternoon,1
2024,1,1,2024-01-01,AA,1276.0,DFW,"Dallas/Fort Worth, TX",Texas,ATL,"Atlanta, GA",Georgia,818,812.0,-6.0,13.0,825.0,1054.0,6.0,1123,1100.0,-23.0,0,,0,125.0,108.0,89.0,731.0,0.0,0.0,0.0,0.0,0.0,0,0,OnTime_or_MinorDelay,8,11,Morning,1
2024,1,1,2024-01-01,AA,1277.0,ORD,"Chicago, IL",Illinois,MIA,"Miami, FL",Florida,1854,1847.0,-7.0,44.0,1931.0,2257.0,6.0,2303,2303.0,0.0,0,,0,189.0,196.0,146.0,1197.0,0.0,0.0,0.0,0.0,0.0,0,0,OnTime_or_MinorDelay,18,23,Evening,1
2024,1,1,2024-01-01,AA,1278.0,PHL,"Philadelphia, PA",Pennsylvania,SAN,"San Diego, CA",California,1546,1553.0,7.0,12.0,1605.0,1808.0,4.0,1846,1812.0,-34.0,0,,0,360.0,319.0,303.0,2370.0,0.0,0.0,0.0,0.0,0.0,0,0,OnTime_or_MinorDelay,15,18,Afternoon,1
2024,1,1,2024-01-01,AA,1279.0,DFW,"Dallas/Fort Worth, TX",Texas,SAT,"San Antonio, TX",Texas,1314,1310.0,-4.0,17.0,1327.0,1412.0,6.0,1426,1418.0,-8.0,0,,0,72.0,68.0,45.0,247.0,0.0,0.0,0.0,0.0,0.0,0,0,OnTime_or_MinorDelay,13,14,Afternoon,1
2024,1,1,2024-01-01,AA,1279.0,SAT,"San Antonio, TX",Texas,DFW,"Dallas/Fort Worth, TX",Texas,1520,1515.0,-5.0,11.0,1526.0,1607.0,9.0,1631,1616.0,-15.0,0,,0,71.0,61.0,41.0,247.0,0.0,0.0,0.0,0.0,0.0,0,0,OnTime_or_MinorDelay,15,16,Afternoon,1
2024,1,1,2024-01-01,AA,1280.0,ALB,"Albany, NY",New York,CLT,"Charlotte, NC",North Carolina,1146,1231.0,45.0,13.0,1244.0,1426.0,7.0,1407,1433.0,26.0,0,,0,141.0,122.0,102.0,646.0,26.0,0.0,0.0,0.0,0.0,1,1,Carrier,11,14,Morning,1
2024,1,1,2024-01-01,AA,1280.0,CLT,"Charlotte, NC",North Carolina,ALB,"Albany, NY",New York,904,859.0,-5.0,12.0,911.0,1032.0,4.0,1101,1036.0,-25.0,0,,0,117.0,97.0,81.0,646.0,0.0,0.0,0.0,0.0,0.0,0,0,OnTime_or_MinorDelay,9,11,Morning,1
2024,1,1,2024-01-01,AA,1281.0,RSW,"Fort Myers, FL",Florida,DFW,"Dallas/Fort Worth, TX",Texas,701,657.0,-4.0,13.0,710.0,843.0,13.0,905,856.0,-9.0,0,,0,184.0,179.0,153.0,1017.0,0.0,0.0,0.0,0.0,0.0,0,0,OnTime_or_MinorDelay,7,9,Morning,1
2024,1,1,2024-01-01,AA,1282.0,EWR,"Newark, NJ",New Jersey,PHX,"Phoenix, AZ",Arizona,631,623.0,-8.0,20.0,643.0,925.0,5.0,1018,930.0,-48.0,0,,0,347.0,307.0,282.0,2133.0,0.0,0.0,0.0,0.0,0.0,0,0,OnTime_or_MinorDelay,6,10,Morning,1
2024,1,1,2024-01-01,AA,1283.0,CLT,"Charlotte, NC",North Carolina,DEN,"Denver, CO",Colorado,1332,1329.0,-3.0,13.0,1342.0,1444.0,7.0,1517,1451.0,-26.0,0,,0,225.0,202.0,182.0,1337.0,0.0,0.0,0.0,0.0,0.0,0,0,OnTime_or_MinorDelay,13,15,Afternoon,1
2024,1,1,2024-01-01,AA,1283.0,DEN,"Denver, CO",Colorado,CLT,"Charlotte, NC",North Carolina,1610,1617.0,7.0,12.0,1629.0,2106.0,16.0,2120,2122.0,2.0,0,,0,190.0,185.0,157.0,1337.0,0.0,0.0,0.0,0.0,0.0,0,0,OnTime_or_MinorDelay,16,21,Afternoon,1
2024,1,1,2024-01-01,AA,1284.0,AUS,"Austin, TX",Texas,MIA,"Miami, FL",Florida,1643,1649.0,6.0,11.0,1700.0,2003.0,13.0,2019,2016.0,-3.0,0,,0,156.0,147.0,123.0,1103.0,0.0,0.0,0.0,0.0,0.0,0,0,OnTime_or_MinorDelay,16,20,Afternoon,1
2024,1,1,2024-01-01,AA,1284.0,MIA,"Miami, FL",Florida,AUS,"Austin, TX",Texas,1348,1406.0,18.0,14.0,1420.0,1558.0,4.0,1601,1602.0,1.0,0,,0,193.0,176.0,158.0,1103.0,0.0,0.0,0.0,0.0,0.0,0,0,OnTime_or_MinorDelay,13,16,Afternoon,1
2024,1,1,2024-01-01,AA,1285.0,CLT,"Charlotte, NC",North Carolina,AUS,"Austin, TX",Texas,928,1001.0,33.0,16.0,1017.0,1204.0,9.0,1139,1213.0,34.0,0,,0,191.0,192.0,167.0,1032.0,3.0,0.0,1.0,0.0,30.0,1,5,LateAircraft,9,11,Morning,1
2024,1,1,2024-01-01,AA,1286.0,DFW,"Dallas/Fort Worth, TX",Texas,DSM,"Des Moines, IA",Iowa,910,907.0,-3.0,15.0,922.0,1049.0,6.0,1105,1055.0,-10.0,0,,0,115.0,108.0,87.0,624.0,0.0,0.0,0.0,0.0,0.0,0,0,OnTime_or_MinorDelay,9,11,Morning,1
2024,1,1,2024-01-01,AA,1286.0,DSM,"Des Moines, IA",Iowa,DFW,"Dallas/Fort Worth, TX",Texas,1146,1142.0,-4.0,9.0,1151.0,1321.0,14.0,1353,1335.0,-18.0,0,,0,127.0,113.0,90.0,624.0,0.0,0.0,0.0,0.0,0.0,0,0,OnTime_or_MinorDelay,11,13,Morning,1
2024,1,1,2024-01-01,AA,1287.0,CHS,"Charleston, SC",South Carolina,MIA,"Miami, FL",Florida,605,608.0,3.0,13.0,621.0,733.0,5.0,749,738.0,-11.0,0,,0,104.0,90.0,72.0,489.0,0.0,0.0,0.0,0.0,0.0,0,0,OnTime_or_MinorDelay,6,7,Morning,1
2024,1,1,2024-01-01,AA,1289.0,RDU,"Raleigh/Durham, NC",North Carolina,MIA,"Miami, FL",Florida,830,828.0,-2.0,19.0,847.0,1030.0,17.0,1040,1047.0,7.0,0,,0,130.0,139.0,103.0,700.0,0.0,0.0,0.0,0.0,0.0,0,0,OnTime_or_MinorDelay,8,10,Morning,1
2024,1,1,2024-01-01,AA,129.0,CLT,"Charlotte, NC",North Carolina,CLE,"Cleveland, OH",Ohio,2224,2231.0,7.0,15.0,2246.0,2351.0,9.0,2359,2400.0,1.0,0,,0,95.0,89.0,65.0,430.0,0.0,0.0,0.0,0.0,0.0,0,0,OnTime_or_MinorDelay,22,23,Night,1
2024,1,1,2024-01-01,AA,1290.0,MIA,"Miami, FL",Florida,AUS,"Austin, TX",Texas,829,822.0,-7.0,20.0,842.0,1028.0,5.0,1044,1033.0,-11.0,0,,0,195.0,191.0,166.0,1103.0,0.0,0.0,0.0,0.0,0.0,0,0,OnTime_or_MinorDelay,8,10,Morning,1
2024,1,1,2024-01-01,AA,1291.0,AUS,"Austin, TX",Texas,LAX,"Los Angeles, CA",California,2035,2123.0,48.0,13.0,2136.0,2232.0,35.0,2200,2307.0,67.0,0,,0,205.0,224.0,176.0,1242.0,3.0,0.0,19.0,0.0,45.0,1,5,LateAircraft,20,22,Evening,1
2024,1,1,2024-01-01,AA,1292.0,LAX,"Los Angeles, CA",California,BNA,"Nashville, TN",Tennessee,1012,1117.0,65.0,14.0,1131.0,1655.0,7.0,1605,1702.0,57.0,0,,0,233.0,225.0,204.0,1797.0,0.0,0.0,0.0,0.0,57.0,1,5,LateAircraft,10,16,Morning,1
2024,1,1,2024-01-01,AA,1293.0,STX,"Christiansted, VI",U.S. Virgin Islands,MIA,"Miami, FL",Florida,1731,1712.0,-19.0,17.0,1729.0,1912.0,8.0,1938,1920.0,-18.0,0,,0,187.0,188.0,163.0,1139.0,0.0,0.0,0.0,0.0,0.0,0,0,OnTime_or_MinorDelay,17,19,Evening,1
2024,1,1,2024-01-01,AA,1295.0,DFW,"Dallas/Fort Worth, TX",Texas,FSD,"Sioux Falls, SD",South Dakota,1013,1008.0,-5.0,13.0,1021.0,1203.0,3.0,1221,1206.0,-15.0,0,,0,128.0,118.0,102.0,737.0,0.0,0.0,0.0,0.0,0.0,0,0,OnTime_or_MinorDelay,10,12,Morning,1
2024,1,1,2024-01-01,AA,1295.0,FSD,"Sioux Falls, SD",South Dakota,DFW,"Dallas/Fort Worth, TX",Texas,1306,1310.0,4.0,10.0,1320.0,1502.0,37.0,1539,1539.0,0.0,0,,0,153.0,149.0,102.0,737.0,0.0,0.0,0.0,0.0,0.0,0,0,OnTime_or_MinorDelay,13,15,Afternoon,1
2024,1,1,2024-01-01,AA,1296.0,IND,"Indianapolis, IN",Indiana,DFW,"Dallas/Fort Worth, TX",Texas,545,541.0,-4.0,64.0,645.0,735.0,8.0,729,743.0,14.0,0,,0,164.0,182.0,110.0,761.0,0.0,0.0,0.0,0.0,0.0,0,0,OnTime_or_MinorDelay,5,7,Morning,1
2024,1,1,2024-01-01,AA,1297.0,TUL,"Tulsa, OK",Oklahoma,DFW,"Dallas/Fort Worth, TX",Texas,601,558.0,-3.0,33.0,631.0,722.0,9.0,732,731.0,-1.0,0,,0,91.0,93.0,51.0,237.0,0.0,0.0,0.0,0.0,0.0,0,0,OnTime_or_MinorDelay,6,7,Morning,1
2024,1,1,2024-01-01,AA,1299.0,AUS,"Austin, TX",Texas,DFW,"Dallas/Fort Worth, TX",Texas,1931,1933.0,2.0,16.0,1949.0,2025.0,12.0,2041,2037.0,-4.0,0,,0,70.0,64.0,36.0,190.0,0.0,0.0,0.0,0.0,0.0,0,0,OnTime_or_MinorDelay,19,20,Evening,1
2024,1,1,2024-01-01,AA,130.0,CLT,"Charlotte, NC",North Carolina,DAB,"Daytona Beach, FL",Florida,1846,13.0,327.0,13.0,26.0,125.0,4.0,2016,129.0,313.0,0,,0,90.0,76.0,59.0,416.0,0.0,0.0,0.0,0.0,313.0,1,5,LateAircraft,18,20,Evening,1
2024,1,1,2024-01-01,AA,1304.0,DFW,"Dallas/Fort Worth, TX",Texas,AUS,"Austin, TX",Texas,750,740.0,-10.0,18.0,758.0,837.0,39.0,857,916.0,19.0,0,,0,67.0,96.0,39.0,190.0,0.0,0.0,19.0,0.0,0.0,1,3,NAS,7,8,Morning,1
2024,1,1,2024-01-01,AA,1305.0,PHX,"Phoenix, AZ",Arizona,ABQ,"Albuquerque, NM",New Mexico,2248,2241.0,-7.0,9.0,2250.0,2338.0,5.0,2357,2343.0,-14.0,0,,0,69.0,62.0,48.0,328.0,0.0,0.0,0.0,0.0,0.0,0,0,OnTime_or_MinorDelay,22,23,Night,1
2024,1,1,2024-01-01,AA,1306.0,TPA,"Tampa, FL",Florida,MIA,"Miami, FL",Florida,600,552.0,-8.0,11.0,603.0,644.0,13.0,709,657.0,-12.0,0,,0,69.0,65.0,41.0,204.0,0.0,0.0,0.0,0.0,0.0,0,0,OnTime_or_MinorDelay,6,7,Morning,1
2024,1,1,2024-01-01,AA,1308.0,ALB,"Albany, NY",New York,CLT,"Charlotte, NC",North Carolina,1720,1720.0,0.0,11.0,1731.0,1912.0,17.0,1934,1929.0,-5.0,0,,0,134.0,129.0,101.0,646.0,0.0,0.0,0.0,0.0,0.0,0,0,OnTime_or_MinorDelay,17,19,Evening,1
2024,1,1,2024-01-01,AA,1308.0,CLT,"Charlotte, NC",North Carolina,ALB,"Albany, NY",New York,1441,1441.0,0.0,16.0,1457.0,1625.0,4.0,1635,1629.0,-6.0,0,,0,114.0,108.0,88.0,646.0,0.0,0.0,0.0,0.0,0.0,0,0,OnTime_or_MinorDelay,14,16,Afternoon,1
2024,1,1,2024-01-01,AA,1309.0,DEN,"Denver, CO",Colorado,PHX,"Phoenix, AZ",Arizona,1856,1851.0,-5.0,15.0,1906.0,2036.0,7.0,2100,2043.0,-17.0,0,,0,124.0,112.0,90.0,602.0,0.0,0.0,0.0,0.0,0.0,0,0,OnTime_or_MinorDelay,18,21,Evening,1
2024,1,1,2024-01-01,AA,1309.0,PHX,"Phoenix, AZ",Arizona,DEN,"Denver, CO",Colorado,1619,1616.0,-3.0,21.0,1637.0,1800.0,10.0,1808,1810.0,2.0,0,,0,109.0,114.0,83.0,602.0,0.0,0.0,0.0,0.0,0.0,0,0,OnTime_or_MinorDelay,16,18,Afternoon,1
2024,1,1,2024-01-01,AA,131.0,CLT,"Charlotte, NC",North Carolina,DFW,"Dallas/Fort Worth, TX",Texas,713,706.0,-7.0,23.0,729.0,902.0,17.0,923,919.0,-4.0,0,,0,190.0,193.0,153.0,936.0,0.0,0.0,0.0,0.0,0.0,0,0,OnTime_or_MinorDelay,7,9,Morning,1
2024,1,1,2024-01-01,AA,1310.0,PHX,"Phoenix, AZ",Arizona,CLE,"Cleveland, OH",Ohio,1635,1648.0,13.0,18.0,1706.0,2239.0,6.0,2225,2245.0,20.0,0,,0,230.0,237.0,213.0,1737.0,0.0,0.0,7.0,0.0,13.0,1,5,LateAircraft,16,22,Afternoon,1
2024,1,1,2024-01-01,AA,1311.0,MCO,"Orlando, FL",Florida,PHL,"Philadelphia, PA",Pennsylvania,1429,1427.0,-2.0,17.0,1444.0,1640.0,4.0,1655,1644.0,-11.0,0,,0,146.0,137.0,116.0,861.0,0.0,0.0,0.0,0.0,0.0,0,0,OnTime_or_MinorDelay,14,16,Afternoon,1
2024,1,1,2024-01-01,AA,1311.0,PHL,"Philadelphia, PA",Pennsylvania,MCO,"Orlando, FL",Florida,1050,1041.0,-9.0,14.0,1055.0,1300.0,9.0,1338,1309.0,-29.0,0,,0,168.0,148.0,125.0,861.0,0.0,0.0,0.0,0.0,0.0,0,0,OnTime_or_MinorDelay,10,13,Morning,1
2024,1,1,2024-01-01,AA,1312.0,PHL,"Philadelphia, PA",Pennsylvania,MCO,"Orlando, FL",Florida,1357,1349.0,-8.0,14.0,1403.0,1613.0,11.0,1641,1624.0,-17.0,0,,0,164.0,155.0,130.0,861.0,0.0,0.0,0.0,0.0,0.0,0,0,OnTime_or_MinorDelay,13,16,Afternoon,1
2024,1,1,2024-01-01,AA,1313.0,DEN,"Denver, CO",Colorado,PHL,"Philadelphia, PA",Pennsylvania,1214,1209.0,-5.0,13.0,1222.0,1748.0,6.0,1744,1754.0,10.0,0,,0,210.0,225.0,206.0,1558.0,0.0,0.0,0.0,0.0,0.0,0,0,OnTime_or_MinorDelay,12,17,Afternoon,1
2024,1,1,2024-01-01,AA,1313.0,PHL,"Philadelphia, PA",Pennsylvania,DEN,"Denver, CO",Colorado,910,902.0,-8.0,13.0,915.0,1040.0,6.0,1131,1046.0,-45.0,0,,0,261.0,224.0,205.0,1558.0,0.0,0.0,0.0,0.0,0.0,0,0,OnTime_or_MinorDelay,9,11,Morning,1
2024,1,1,2024-01-01,AA,1314.0,PHL,"Philadelphia, PA",Pennsylvania,AUS,"Austin, TX",Texas,1839,1833.0,-6.0,12.0,1845.0,2105.0,26.0,2200,2131.0,-29.0,0,,0,261.0,238.0,200.0,1430.0,0.0,0.0,0.0,0.0,0.0,0,0,OnTime_or_MinorDelay,18,22,Evening,1
2024,1,1,2024-01-01,AA,1315.0,IAH,"Houston, TX",Texas,ORD,"Chicago, IL",Illinois,1655,1656.0,1.0,17.0,1713.0,1926.0,14.0,1933,1940.0,7.0,0,,0,158.0,164.0,133.0,925.0,0.0,0.0,0.0,0.0,0.0,0,0,OnTime_or_MinorDelay,16,19,Afternoon,1
2024,1,1,2024-01-01,AA,1315.0,ORD,"Chicago, IL",Illinois,IAH,"Houston, TX",Texas,1320,1338.0,18.0,14.0,1352.0,1600.0,8.0,1605,1608.0,3.0,0,,0,165.0,150.0,128.0,925.0,0.0,0.0,0.0,0.0,0.0,0,0,OnTime_or_MinorDelay,13,16,Afternoon,1
2024,1,1,2024-01-01,AA,1316.0,PHL,"Philadelphia, PA",Pennsylvania,AUS,"Austin, TX",Texas,1045,1036.0,-9.0,20.0,1056.0,1326.0,8.0,1407,1334.0,-33.0,0,,0,262.0,238.0,210.0,1430.0,0.0,0.0,0.0,0.0,0.0,0,0,OnTime_or_MinorDelay,10,14,Morning,1
2024,1,1,2024-01-01,AA,1317.0,AUS,"Austin, TX",Texas,CLT,"Charlotte, NC",North Carolina,1757,1812.0,15.0,16.0,1828.0,2129.0,10.0,2135,2139.0,4.0,0,,0,158.0,147.0,121.0,1032.0,0.0,0.0,0.0,0.0,0.0,0,0,OnTime_or_MinorDelay,17,21,Evening,1
2024,1,1,2024-01-01,AA,1318.0,CLT,"Charlotte, NC",North Carolina,BWI,"Baltimore, MD",Maryland,2054,2322.0,148.0,22.0,2344.0,39.0,3.0,2219,42.0,143.0,0,,0,85.0,80.0,55.0,361.0,18.0,0.0,0.0,0.0,125.0,1,5,LateAircraft,20,22,Evening,1
2024,1,1,2024-01-01,AA,1320.0,AUS,"Austin, TX",Texas,CLT,"Charlotte, NC",North Carolina,1539,1531.0,-8.0,23.0,1554.0,1854.0,10.0,1917,1904.0,-13.0,0,,0,158.0,153.0,120.0,1032.0,0.0,0.0,0.0,0.0,0.0,0,0,OnTime_or_MinorDelay,15,19,Afternoon,1
2024,1,1,2024-01-01,AA,1321.0,DEN,"Denver, CO",Colorado,DFW,"Dallas/Fort Worth, TX",Texas,1447,1441.0,-6.0,18.0,1459.0,1729.0,17.0,1747,1746.0,-1.0,0,,0,120.0,125.0,90.0,641.0,0.0,0.0,0.0,0.0,0.0,0,0,OnTime_or_MinorDelay,14,17,Afternoon,1
2024,1,1,2024-01-01,AA,1322.0,DEN,"Denver, CO",Colorado,DFW,"Dallas/Fort Worth, TX",Texas,1840,1838.0,-2.0,15.0,1853.0,2118.0,18.0,2139,2136.0,-3.0,0,,0,119.0,118.0,85.0,641.0,0.0,0.0,0.0,0.0,0.0,0,0,OnTime_or_MinorDelay,18,21,Evening,1
2024,1,1,2024-01-01,AA,1322.0,DFW,"Dallas/Fort Worth, TX",Texas,DEN,"Denver, CO",Colorado,1636,1635.0,-1.0,18.0,1653.0,1731.0,9.0,1746,1740.0,-6.0,0,,0,130.0,125.0,98.0,641.0,0.0,0.0,0.0,0.0,0.0,0,0,OnTime_or_MinorDelay,16,17,Afternoon,1
2024,1,1,2024-01-01,AA,1323.0,ORF,"Norfolk, VA",Virginia,CLT,"Charlotte, NC",North Carolina,904,1045.0,101.0,11.0,1056.0,1157.0,5.0,1037,1202.0,85.0,0,,0,93.0,77.0,61.0,290.0,85.0,0.0,0.0,0.0,0.0,1,1,Carrier,9,10,Morning,1
2024,1,1,2024-01-01,AA,1326.0,BOS,"Boston, MA",Massachusetts,LGA,"New York, NY",New York,600,550.0,-10.0,10.0,600.0,641.0,6.0,728,647.0,-41.0,0,,0,88.0,57.0,41.0,184.0,0.0,0.0,0.0,0.0,0.0,0,0,OnTime_or_MinorDelay,6,7,Morning,1
2024,1,1,2024-01-01,AA,1328.0,DEN,"Denver, CO",Colorado,CLT,"Charlotte, NC",North Carolina,1024,1016.0,-8.0,23.0,1039.0,1519.0,7.0,1544,1526.0,-18.0,0,,0,200.0,190.0,160.0,1337.0,0.0,0.0,0.0,0.0,0.0,0,0,OnTime_or_MinorDelay,10,15,Morning,1
2024,1,1,2024-01-01,AA,1329.0,MIA,"Miami, FL",Florida,SJU,"San Juan, PR",Puerto Rico,1200,1159.0,-1.0,28.0,1227.0,1531.0,20.0,1538,1551.0,13.0,0,,0,158.0,172.0,124.0,1045.0,0.0,0.0,0.0,0.0,0.0,0,0,OnTime_or_MinorDelay,12,15,Afternoon,1
2024,1,1,2024-01-01,AA,1332.0,DEN,"Denver, CO",Colorado,PHX,"Phoenix, AZ",Arizona,1206,1204.0,-2.0,13.0,1217.0,1351.0,4.0,1411,1355.0,-16.0,0,,0,125.0,111.0,94.0,602.0,0.0,0.0,0.0,0.0,0.0,0,0,OnTime_or_MinorDelay,12,14,Afternoon,1
2024,1,1,2024-01-01,AA,1332.0,PHX,"Phoenix, AZ",Arizona,DEN,"Denver, CO",Colorado,930,926.0,-4.0,16.0,942.0,1104.0,6.0,1121,1110.0,-11.0,0,,0,111.0,104.0,82.0,602.0,0.0,0.0,0.0,0.0,0.0,0,0,OnTime_or_MinorDelay,9,11,Morning,1
2024,1,1,2024-01-01,AA,1333.0,FLL,"Fort Lauderdale, FL",Florida,PHL,"Philadelphia, PA",Pennsylvania,1205,1152.0,-13.0,87.0,1319.0,1531.0,5.0,1450,1536.0,46.0,0,,0,165.0,224.0,132.0,992.0,0.0,0.0,46.0,0.0,0.0,1,3,NAS,12,14,Afternoon,1
2024,1,1,2024-01-01,AA,1333.0,PHL,"Philadelphia, PA",Pennsylvania,FLL,"Fort Lauderdale, FL",Florida,821,815.0,-6.0,13.0,828.0,1046.0,7.0,1113,1053.0,-20.0,0,,0,172.0,158.0,138.0,992.0,0.0,0.0,0.0,0.0,0.0,0,0,OnTime_or_MinorDelay,8,11,Morning,1
2024,1,1,2024-01-01,AA,1336.0,DFW,"Dallas/Fort Worth, TX",Texas,MCO,"Orlando, FL",Florida,2040,2038.0,-2.0,17.0,2055.0,2351.0,4.0,10,2355.0,-15.0,0,,0,150.0,137.0,116.0,985.0,0.0,0.0,0.0,0.0,0.0,0,0,OnTime_or_MinorDelay,20,0,Evening,1
2024,1,1,2024-01-01,AA,1339.0,DFW,"Dallas/Fort Worth, TX",Texas,DTW,"Detroit, MI",Michigan,1520,1517.0,-3.0,14.0,1531.0,1845.0,10.0,1853,1855.0,2.0,0,,0,153.0,158.0,134.0,986.0,0.0,0.0,0.0,0.0,0.0,0,0,OnTime_or_MinorDelay,15,18,Afternoon,1
2024,1,1,2024-01-01,AA,1339.0,DTW,"Detroit, MI",Michigan,DFW,"Dallas/Fort Worth, TX",Texas,1948,1943.0,-5.0,14.0,1957.0,2110.0,14.0,2150,2124.0,-26.0,0,,0,182.0,161.0,133.0,986.0,0.0,0.0,0.0,0.0,0.0,0,0,OnTime_or_MinorDelay,19,21,Evening,1
2024,1,1,2024-01-01,AA,1340.0,MEM,"Memphis, TN",Tennessee,MIA,"Miami, FL",Florida,543,530.0,-13.0,13.0,543.0,830.0,9.0,904,839.0,-25.0,0,,0,141.0,129.0,107.0,859.0,0.0,0.0,0.0,0.0,0.0,0,0,OnTime_or_MinorDelay,5,9,Morning,1
2024,1,1,2024-01-01,AA,1341.0,MIA,"Miami, FL",Florida,SJU,"San Juan, PR",Puerto Rico,837,838.0,1.0,26.0,904.0,1203.0,6.0,1214,1209.0,-5.0,0,,0,157.0,151.0,119.0,1045.0,0.0,0.0,0.0,0.0,0.0,0,0,OnTime_or_MinorDelay,8,12,Morning,1
2024,1,1,2024-01-01,AA,1341.0,SJU,"San Juan, PR",Puerto Rico,MIA,"Miami, FL",Florida,1314,1312.0,-2.0,15.0,1327.0,1447.0,6.0,1501,1453.0,-8.0,0,,0,167.0,161.0,140.0,1045.0,0.0,0.0,0.0,0.0,0.0,0,0,OnTime_or_MinorDelay,13,15,Afternoon,1
2024,1,1,2024-01-01,AA,1342.0,BNA,"Nashville, TN",Tennessee,MIA,"Miami, FL",Florida,525,521.0,-4.0,14.0,535.0,824.0,13.0,842,837.0,-5.0,0,,0,137.0,136.0,109.0,806.0,0.0,0.0,0.0,0.0,0.0,0,0,OnTime_or_MinorDelay,5,8,Morning,1
2024,1,1,2024-01-01,AA,1347.0,IAH,"Houston, TX",Texas,MIA,"Miami, FL",Florida,740,737.0,-3.0,16.0,753.0,1043.0,10.0,1106,1053.0,-13.0,0,,0,146.0,136.0,110.0,964.0,0.0,0.0,0.0,0.0,0.0,0,0,OnTime_or_MinorDelay,7,11,Morning,1
2024,1,1,2024-01-01,AA,1349.0,BHM,"Birmingham, AL",Alabama,DFW,"Dallas/Fort Worth, TX",Texas,1238,1233.0,-5.0,11.0,1244.0,1427.0,15.0,1451,1442.0,-9.0,0,,0,133.0,129.0,103.0,597.0,0.0,0.0,0.0,0.0,0.0,0,0,OnTime_or_MinorDelay,12,14,Afternoon,1
2024,1,1,2024-01-01,AA,1349.0,DFW,"Dallas/Fort Worth, TX",Texas,BHM,"Birmingham, AL",Alabama,1018,1014.0,-4.0,15.0,1029.0,1139.0,2.0,1158,1141.0,-17.0,0,,0,100.0,87.0,70.0,597.0,0.0,0.0,0.0,0.0,0.0,0,0,OnTime_or_MinorDelay,10,11,Morning,1
2024,1,1,2024-01-01,AA,1352.0,AUS,"Austin, TX",Texas,MIA,"Miami, FL",Florida,1248,1253.0,5.0,14.0,1307.0,1615.0,9.0,1627,1624.0,-3.0,0,,0,159.0,151.0,128.0,1103.0,0.0,0.0,0.0,0.0,0.0,0,0,OnTime_or_MinorDelay,12,16,Afternoon,1
2024,1,1,2024-01-01,AA,1354.0,CLT,"Charlotte, NC",North Carolina,MEM,"Memphis, TN",Tennessee,910,904.0,-6.0,15.0,919.0,946.0,4.0,1003,950.0,-13.0,0,,0,113.0,106.0,87.0,511.0,0.0,0.0,0.0,0.0,0.0,0,0,OnTime_or_MinorDelay,9,10,Morning,1
2024,1,1,2024-01-01,AA,1354.0,MEM,"Memphis, TN",Tennessee,CLT,"Charlotte, NC",North Carolina,1056,1120.0,24.0,13.0,1133.0,1343.0,12.0,1338,1355.0,17.0,0,,0,102.0,95.0,70.0,511.0,17.0,0.0,0.0,0.0,0.0,1,1,Carrier,10,13,Morning,1
2024,1,1,2024-01-01,AA,1355.0,CLT,"Charlotte, NC",North Carolina,JFK,"New York, NY",New York,1615,1955.0,220.0,13.0,2008.0,2129.0,4.0,1808,2133.0,205.0,0,,0,113.0,98.0,81.0,541.0,2.0,0.0,0.0,0.0,203.0,1,5,LateAircraft,16,18,Afternoon,1
2024,1,1,2024-01-01,AA,1355.0,JFK,"New York, NY",New York,CLT,"Charlotte, NC",North Carolina,1929,1936.0,7.0,20.0,1956.0,2119.0,7.0,2137,2126.0,-11.0,0,,0,128.0,110.0,83.0,541.0,0.0,0.0,0.0,0.0,0.0,0,0,OnTime_or_MinorDelay,19,21,Evening,1
2024,1,1,2024-01-01,AA,1356.0,BNA,"Nashville, TN",Tennessee,DFW,"Dallas/Fort Worth, TX",Texas,1126,1121.0,-5.0,14.0,1135.0,1316.0,14.0,1340,1330.0,-10.0,0,,0,134.0,129.0,101.0,631.0,0.0,0.0,0.0,0.0,0.0,0,0,OnTime_or_MinorDelay,11,13,Morning,1
2024,1,1,2024-01-01,AA,1356.0,DFW,"Dallas/Fort Worth, TX",Texas,BNA,"Nashville, TN",Tennessee,835,829.0,-6.0,15.0,844.0,1006.0,8.0,1028,1014.0,-14.0,0,,0,113.0,105.0,82.0,631.0,0.0,0.0,0.0,0.0,0.0,0,0,OnTime_or_MinorDelay,8,10,Morning,1
2024,1,1,2024-01-01,AA,1357.0,BNA,"Nashville, TN",Tennessee,MIA,"Miami, FL",Florida,1652,1647.0,-5.0,13.0,1700.0,1945.0,12.0,2007,1957.0,-10.0,0,,0,135.0,130.0,105.0,806.0,0.0,0.0,0.0,0.0,0.0,0,0,OnTime_or_MinorDelay,16,20,Afternoon,1
2024,1,1,2024-01-01,AA,1357.0,MIA,"Miami, FL",Florida,BNA,"Nashville, TN",Tennessee,1401,1357.0,-4.0,19.0,1416.0,1513.0,7.0,1525,1520.0,-5.0,0,,0,144.0,143.0,117.0,806.0,0.0,0.0,0.0,0.0,0.0,0,0,OnTime_or_MinorDelay,14,15,Afternoon,1
2024,1,1,2024-01-01,AA,1358.0,CLT,"Charlotte, NC",North Carolina,DTW,"Detroit, MI",Michigan,1656,1651.0,-5.0,18.0,1709.0,1825.0,11.0,1849,1836.0,-13.0,0,,0,113.0,105.0,76.0,500.0,0.0,0.0,0.0,0.0,0.0,0,0,OnTime_or_MinorDelay,16,18,Afternoon,1
2024,1,1,2024-01-01,AA,1358.0,DTW,"Detroit, MI",Michigan,CLT,"Charlotte, NC",North Carolina,1944,1938.0,-6.0,11.0,1949.0,2107.0,14.0,2133,2121.0,-12.0,0,,0,109.0,103.0,78.0,500.0,0.0,0.0,0.0,0.0,0.0,0,0,OnTime_or_MinorDelay,19,21,Evening,1
2024,1,1,2024-01-01,AA,1359.0,ORD,"Chicago, IL",Illinois,PHL,"Philadelphia, PA",Pennsylvania,1825,1815.0,-10.0,12.0,1827.0,2105.0,5.0,2125,2110.0,-15.0,0,,0,120.0,115.0,98.0,678.0,0.0,0.0,0.0,0.0,0.0,0,0,OnTime_or_MinorDelay,18,21,Evening,1
2024,1,1,2024-01-01,AA,1360.0,DFW,"Dallas/Fort Worth, TX",Texas,DCA,"Washington, DC",Virginia,2044,2054.0,10.0,30.0,2124.0,49.0,5.0,34,54.0,20.0,0,,0,170.0,180.0,145.0,1192.0,0.0,0.0,10.0,10.0,0.0,1,3,NAS,20,0,Evening,1
2024,1,1,2024-01-01,AA,1361.0,RNO,"Reno, NV",Nevada,DFW,"Dallas/Fort Worth, TX",Texas,549,539.0,-10.0,27.0,606.0,1051.0,10.0,1114,1101.0,-13.0,0,,0,205.0,202.0,165.0,1345.0,0.0,0.0,0.0,0.0,0.0,0,0,OnTime_or_MinorDelay,5,11,Morning,1
2024,1,1,2024-01-01,AA,1362.0,BNA,"Nashville, TN",Tennessee,CLT,"Charlotte, NC",North Carolina,1927,1927.0,0.0,13.0,1940.0,2143.0,14.0,2148,2157.0,9.0,0,,0,81.0,90.0,63.0,328.0,0.0,0.0,0.0,0.0,0.0,0,0,OnTime_or_MinorDelay,19,21,Evening,1
2024,1,1,2024-01-01,AA,1362.0,CLT,"Charlotte, NC",North Carolina,BNA,"Nashville, TN",Tennessee,1811,1807.0,-4.0,14.0,1821.0,1818.0,6.0,1842,1824.0,-18.0,0,,0,91.0,77.0,57.0,328.0,0.0,0.0,0.0,0.0,0.0,0,0,OnTime_or_MinorDelay,18,18,Evening,1
2024,1,1,2024-01-01,AA,1364.0,MIA,"Miami, FL",Florida,SJU,"San Juan, PR",Puerto Rico,1828,1854.0,26.0,23.0,1917.0,2219.0,6.0,2205,2225.0,20.0,0,,0,157.0,151.0,122.0,1045.0,4.0,0.0,0.0,0.0,16.0,1,5,LateAircraft,18,22,Evening,1
2024,1,1,2024-01-01,AA,1365.0,BNA,"Nashville, TN",Tennessee,DFW,"Dallas/Fort Worth, TX",Texas,1329,1326.0,-3.0,17.0,1343.0,1522.0,18.0,1544,1540.0,-4.0,0,,0,135.0,134.0,99.0,631.0,0.0,0.0,0.0,0.0,0.0,0,0,OnTime_or_MinorDelay,13,15,Afternoon,1
2024,1,1,2024-01-01,AA,1365.0,DFW,"Dallas/Fort Worth, TX",Texas,BNA,"Nashville, TN",Tennessee,1042,1043.0,1.0,16.0,1059.0,1222.0,8.0,1238,1230.0,-8.0,0,,0,116.0,107.0,83.0,631.0,0.0,0.0,0.0,0.0,0.0,0,0,OnTime_or_MinorDelay,10,12,Morning,1
2024,1,1,2024-01-01,AA,1366.0,DFW,"Dallas/Fort Worth, TX",Texas,BOS,"Boston, MA",Massachusetts,1849,1903.0,14.0,30.0,1933.0,2355.0,5.0,2321,2400.0,39.0,0,,0,212.0,237.0,202.0,1562.0,10.0,0.0,25.0,0.0,4.0,1,3,NAS,18,23,Evening,1
2024,1,1,2024-01-01,AA,1369.0,TPA,"Tampa, FL",Florida,DFW,"Dallas/Fort Worth, TX",Texas,715,710.0,-5.0,13.0,723.0,900.0,13.0,914,913.0,-1.0,0,,0,179.0,183.0,157.0,929.0,0.0,0.0,0.0,0.0,0.0,0,0,OnTime_or_MinorDelay,7,9,Morning,1
2024,1,1,2024-01-01,AA,1370.0,PHX,"Phoenix, AZ",Arizona,BNA,"Nashville, TN",Tennessee,1707,2137.0,270.0,26.0,2203.0,151.0,10.0,2119,201.0,282.0,0,,0,192.0,204.0,168.0,1449.0,135.0,0.0,12.0,0.0,135.0,1,1,Carrier,17,21,Evening,1
2024,1,1,2024-01-01,AA,1371.0,DFW,"Dallas/Fort Worth, TX",Texas,DSM,"Des Moines, IA",Iowa,2050,2042.0,-8.0,16.0,2058.0,2224.0,8.0,2246,2232.0,-14.0,0,,0,116.0,110.0,86.0,624.0,0.0,0.0,0.0,0.0,0.0,0,0,OnTime_or_MinorDelay,20,22,Evening,1
2024,1,1,2024-01-01,AA,1372.0,BNA,"Nashville, TN",Tennessee,PHL,"Philadelphia, PA",Pennsylvania,1640,1630.0,-10.0,15.0,1645.0,1923.0,4.0,1936,1927.0,-9.0,0,,0,116.0,117.0,98.0,675.0,0.0,0.0,0.0,0.0,0.0,0,0,OnTime_or_MinorDelay,16,19,Afternoon,1
2024,1,1,2024-01-01,AA,1372.0,PHL,"Philadelphia, PA",Pennsylvania,BNA,"Nashville, TN",Tennessee,1437,1426.0,-11.0,20.0,1446.0,1523.0,7.0,1555,1530.0,-25.0,0,,0,138.0,124.0,97.0,675.0,0.0,0.0,0.0,0.0,0.0,0,0,OnTime_or_MinorDelay,14,15,Afternoon,1
2024,1,1,2024-01-01,AA,1373.0,CLT,"Charlotte, NC",North Carolina,BNA,"Nashville, TN",Tennessee,900,854.0,-6.0,13.0,907.0,910.0,9.0,927,919.0,-8.0,0,,0,87.0,85.0,63.0,328.0,0.0,0.0,0.0,0.0,0.0,0,0,OnTime_or_MinorDelay,9,9,Morning,1
2024,1,1,2024-01-01,AA,1375.0,BOS,"Boston, MA",Massachusetts,LGA,"New York, NY",New York,1009,1003.0,-6.0,10.0,1013.0,1102.0,5.0,1126,1107.0,-19.0,0,,0,77.0,64.0,49.0,184.0,0.0,0.0,0.0,0.0,0.0,0,0,OnTime_or_MinorDelay,10,11,Morning,1
2024,1,1,2024-01-01,AA,1376.0,BOI,"Boise, ID",Idaho,DFW,"Dallas/Fort Worth, TX",Texas,1143,1137.0,-6.0,14.0,1151.0,1527.0,12.0,1555,1539.0,-16.0,0,,0,192.0,182.0,156.0,1272.0,0.0,0.0,0.0,0.0,0.0,0,0,OnTime_or_MinorDelay,11,15,Morning,1
2024,1,1,2024-01-01,AA,1376.0,DFW,"Dallas/Fort Worth, TX",Texas,BOI,"Boise, ID",Idaho,825,816.0,-9.0,16.0,832.0,1022.0,4.0,1056,1026.0,-30.0,0,,0,211.0,190.0,170.0,1272.0,0.0,0.0,0.0,0.0,0.0,0,0,OnTime_or_MinorDelay,8,10,Morning,1
2024,1,1,2024-01-01,AA,1378.0,BOI,"Boise, ID",Idaho,DFW,"Dallas/Fort Worth, TX",Texas,1541,1534.0,-7.0,12.0,1546.0,1921.0,12.0,1947,1933.0,-14.0,0,,0,186.0,179.0,155.0,1272.0,0.0,0.0,0.0,0.0,0.0,0,0,OnTime_or_MinorDelay,15,19,Afternoon,1
2024,1,1,2024-01-01,AA,1378.0,DFW,"Dallas/Fort Worth, TX",Texas,BOI,"Boise, ID",Idaho,1219,1212.0,-7.0,14.0,1226.0,1425.0,5.0,1449,1430.0,-19.0,0,,0,210.0,198.0,179.0,1272.0,0.0,0.0,0.0,0.0,0.0,0,0,OnTime_or_MinorDelay,12,14,Afternoon,1
2024,1,1,2024-01-01,AA,1379.0,BOS,"Boston, MA",Massachusetts,LGA,"New York, NY",New York,1808,1815.0,7.0,14.0,1829.0,1915.0,4.0,1927,1919.0,-8.0,0,,0,79.0,64.0,46.0,184.0,0.0,0.0,0.0,0.0,0.0,0,0,OnTime_or_MinorDelay,18,19,Evening,1
2024,1,1,2024-01-01,AA,1379.0,LGA,"New York, NY",New York,BOS,"Boston, MA",Massachusetts,1611,1620.0,9.0,25.0,1645.0,1719.0,16.0,1727,1735.0,8.0,0,,0,76.0,75.0,34.0,184.0,0.0,0.0,0.0,0.0,0.0,0,0,OnTime_or_MinorDelay,16,17,Afternoon,1
2024,1,1,2024-01-01,AA,1380.0,BUR,"Burbank, CA",California,PHX,"Phoenix, AZ",Arizona,951,941.0,-10.0,16.0,957.0,1206.0,4.0,1230,1210.0,-20.0,0,,0,99.0,89.0,69.0,369.0,0.0,0.0,0.0,0.0,0.0,0,0,OnTime_or_MinorDelay,9,12,Morning,1
2024,1,1,2024-01-01,AA,1380.0,PHX,"Phoenix, AZ",Arizona,BUR,"Burbank, CA",California,825,820.0,-5.0,16.0,836.0,844.0,2.0,901,846.0,-15.0,0,,0,96.0,86.0,68.0,369.0,0.0,0.0,0.0,0.0,0.0,0,0,OnTime_or_MinorDelay,8,9,Morning,1
2024,1,1,2024-01-01,AA,1381.0,DFW,"Dallas/Fort Worth, TX",Texas,FAT,"Fresno, CA",California,1754,1754.0,0.0,11.0,1805.0,1902.0,7.0,1930,1909.0,-21.0,0,,0,216.0,195.0,177.0,1313.0,0.0,0.0,0.0,0.0,0.0,0,0,OnTime_or_MinorDelay,17,19,Evening,1
2024,1,1,2024-01-01,AA,1382.0,SNA,"Santa Ana, CA",California,DFW,"Dallas/Fort Worth, TX",Texas,646,641.0,-5.0,30.0,711.0,1131.0,10.0,1200,1141.0,-19.0,0,,0,194.0,180.0,140.0,1205.0,0.0,0.0,0.0,0.0,0.0,0,0,OnTime_or_MinorDelay,6,12,Morning,1
2024,1,1,2024-01-01,AA,1384.0,BUR,"Burbank, CA",California,PHX,"Phoenix, AZ",Arizona,1318,1311.0,-7.0,27.0,1338.0,1548.0,6.0,1550,1554.0,4.0,0,,0,92.0,103.0,70.0,369.0,0.0,0.0,0.0,0.0,0.0,0,0,OnTime_or_MinorDelay,13,15,Afternoon,1
2024,1,1,2024-01-01,AA,1384.0,PHX,"Phoenix, AZ",Arizona,BUR,"Burbank, CA",California,1154,1150.0,-4.0,23.0,1213.0,1226.0,4.0,1233,1230.0,-3.0,0,,0,99.0,100.0,73.0,369.0,0.0,0.0,0.0,0.0,0.0,0,0,OnTime_or_MinorDelay,11,12,Morning,1
2024,1,1,2024-01-01,AA,1387.0,ORD,"Chicago, IL",Illinois,DEN,"Denver, CO",Colorado,2036,2037.0,1.0,11.0,2048.0,2148.0,41.0,2222,2229.0,7.0,0,,0,166.0,172.0,120.0,888.0,0.0,0.0,0.0,0.0,0.0,0,0,OnTime_or_MinorDelay,20,22,Evening,1
2024,1,1,2024-01-01,AA,1388.0,PHX,"Phoenix, AZ",Arizona,JFK,"New York, NY",New York,1422,1415.0,-7.0,18.0,1433.0,2039.0,6.0,2058,2045.0,-13.0,0,,0,276.0,270.0,246.0,2153.0,0.0,0.0,0.0,0.0,0.0,0,0,OnTime_or_MinorDelay,14,20,Afternoon,1
2024,1,1,2024-01-01,AA,1390.0,DFW,"Dallas/Fort Worth, TX",Texas,FLL,"Fort Lauderdale, FL",Florida,945,950.0,5.0,15.0,1005.0,1312.0,4.0,1325,1316.0,-9.0,0,,0,160.0,146.0,127.0,1119.0,0.0,0.0,0.0,0.0,0.0,0,0,OnTime_or_MinorDelay,9,13,Morning,1
2024,1,1,2024-01-01,AA,1390.0,FLL,"Fort Lauderdale, FL",Florida,DFW,"Dallas/Fort Worth, TX",Texas,1425,1508.0,43.0,26.0,1534.0,1718.0,16.0,1646,1734.0,48.0,0,,0,201.0,206.0,164.0,1119.0,43.0,0.0,5.0,0.0,0.0,1,1,Carrier,14,16,Afternoon,1
2024,1,1,2024-01-01,AA,1391.0,MIA,"Miami, FL",Florida,STT,"Charlotte Amalie, VI",U.S. Virgin Islands,1254,1310.0,16.0,13.0,1323.0,1632.0,2.0,1641,1634.0,-7.0,0,,0,167.0,144.0,129.0,1107.0,0.0,0.0,0.0,0.0,0.0,0,0,OnTime_or_MinorDelay,12,16,Afternoon,1
2024,1,1,2024-01-01,AA,1391.0,STT,"Charlotte Amalie, VI",U.S. Virgin Islands,MIA,"Miami, FL",Florida,1750,1741.0,-9.0,14.0,1755.0,1931.0,8.0,1954,1939.0,-15.0,0,,0,184.0,178.0,156.0,1107.0,0.0,0.0,0.0,0.0,0.0,0,0,OnTime_or_MinorDelay,17,19,Evening,1
2024,1,1,2024-01-01,AA,1392.0,FLL,"Fort Lauderdale, FL",Florida,PHL,"Philadelphia, PA",Pennsylvania,1441,1439.0,-2.0,29.0,1508.0,1726.0,5.0,1725,1731.0,6.0,0,,0,164.0,172.0,138.0,992.0,0.0,0.0,0.0,0.0,0.0,0,0,OnTime_or_MinorDelay,14,17,Afternoon,1
2024,1,1,2024-01-01,AA,1392.0,PHL,"Philadelphia, PA",Pennsylvania,FLL,"Fort Lauderdale, FL",Florida,1055,1054.0,-1.0,13.0,1107.0,1323.0,4.0,1349,1327.0,-22.0,0,,0,174.0,153.0,136.0,992.0,0.0,0.0,0.0,0.0,0.0,0,0,OnTime_or_MinorDelay,10,13,Morning,1
2024,1,1,2024-01-01,AA,1393.0,BNA,"Nashville, TN",Tennessee,LAX,"Los Angeles, CA",California,800,758.0,-2.0,14.0,812.0,1014.0,13.0,1042,1027.0,-15.0,0,,0,282.0,269.0,242.0,1797.0,0.0,0.0,0.0,0.0,0.0,0,0,OnTime_or_MinorDelay,8,10,Morning,1
2024,1,1,2024-01-01,AA,1394.0,DCA,"Washington, DC",Virginia,PBI,"West Palm Beach/Palm Beach, FL",Florida,812,808.0,-4.0,16.0,824.0,1026.0,4.0,1050,1030.0,-20.0,0,,0,158.0,142.0,122.0,857.0,0.0,0.0,0.0,0.0,0.0,0,0,OnTime_or_MinorDelay,8,10,Morning,1
2024,1,1,2024-01-01,AA,1394.0,PBI,"West Palm Beach/Palm Beach, FL",Florida,DCA,"Washington, DC",Virginia,1133,1124.0,-9.0,21.0,1145.0,1338.0,3.0,1354,1341.0,-13.0,0,,0,141.0,137.0,113.0,857.0,0.0,0.0,0.0,0.0,0.0,0,0,OnTime_or_MinorDelay,11,13,Morning,1
2024,1,1,2024-01-01,AA,1395.0,MSP,"Minneapolis, MN",Minnesota,DFW,"Dallas/Fort Worth, TX",Texas,501,517.0,16.0,14.0,531.0,727.0,12.0,758,739.0,-19.0,0,,0,177.0,142.0,116.0,852.0,0.0,0.0,0.0,0.0,0.0,0,0,OnTime_or_MinorDelay,5,7,Morning,1
2024,1,1,2024-01-01,AA,1396.0,MIA,"Miami, FL",Florida,AUS,"Austin, TX",Texas,1835,1847.0,12.0,14.0,1901.0,2047.0,6.0,2050,2053.0,3.0,0,,0,195.0,186.0,166.0,1103.0,0.0,0.0,0.0,0.0,0.0,0,0,OnTime_or_MinorDelay,18,20,Evening,1
2024,1,1,2024-01-01,AA,1397.0,BOS,"Boston, MA",Massachusetts,MIA,"Miami, FL",Florida,1746,1749.0,3.0,28.0,1817.0,2120.0,18.0,2126,2138.0,12.0,0,,0,220.0,229.0,183.0,1258.0,0.0,0.0,0.0,0.0,0.0,0,0,OnTime_or_MinorDelay,17,21,Evening,1
2024,1,1,2024-01-01,AA,1398.0,ORD,"Chicago, IL",Illinois,PBI,"West Palm Beach/Palm Beach, FL",Florida,1226,1222.0,-4.0,16.0,1238.0,1611.0,4.0,1621,1615.0,-6.0,0,,0,175.0,173.0,153.0,1144.0,0.0,0.0,0.0,0.0,0.0,0,0,OnTime_or_MinorDelay,12,16,Afternoon,1
2024,1,1,2024-01-01,AA,1398.0,PBI,"West Palm Beach/Palm Beach, FL",Florida,ORD,"Chicago, IL",Illinois,1713,1715.0,2.0,12.0,1727.0,1913.0,23.0,1934,1936.0,2.0,0,,0,201.0,201.0,166.0,1144.0,0.0,0.0,0.0,0.0,0.0,0,0,OnTime_or_MinorDelay,17,19,Evening,1
2024,1,1,2024-01-01,AA,1399.0,DCA,"Washington, DC",Virginia,BOS,"Boston, MA",Massachusetts,1715,1728.0,13.0,13.0,1741.0,1842.0,7.0,1848,1849.0,1.0,0,,0,93.0,81.0,61.0,399.0,0.0,0.0,0.0,0.0,0.0,0,0,OnTime_or_MinorDelay,17,18,Evening,1
2024,1,1,2024-01-01,AA,140.0,CLT,"Charlotte, NC",North Carolina,OMA,"Omaha, NE",Nebraska,2025,2020.0,-5.0,23.0,2043.0,2150.0,5.0,2211,2155.0,-16.0,0,,0,166.0,155.0,127.0,913.0,0.0,0.0,0.0,0.0,0.0,0,0,OnTime_or_MinorDelay,20,22,Evening,1
2024,1,1,2024-01-01,AA,1401.0,BOS,"Boston, MA",Massachusetts,DFW,"Dallas/Fort Worth, TX",Texas,1807,1810.0,3.0,18.0,1828.0,2047.0,16.0,2141,2103.0,-38.0,0,,0,274.0,233.0,199.0,1562.0,0.0,0.0,0.0,0.0,0.0,0,0,OnTime_or_MinorDelay,18,21,Evening,1
2024,1,1,2024-01-01,AA,1401.0,DFW,"Dallas/Fort Worth, TX",Texas,BOS,"Boston, MA",Massachusetts,1235,1230.0,-5.0,19.0,1249.0,1709.0,8.0,1715,1717.0,2.0,0,,0,220.0,227.0,200.0,1562.0,0.0,0.0,0.0,0.0,0.0,0,0,OnTime_or_MinorDelay,12,17,Afternoon,1
2024,1,1,2024-01-01,AA,1402.0,PHX,"Phoenix, AZ",Arizona,TPA,"Tampa, FL",Florida,1003,1000.0,-3.0,25.0,1025.0,1545.0,4.0,1601,1549.0,-12.0,0,,0,238.0,229.0,200.0,1788.0,0.0,0.0,0.0,0.0,0.0,0,0,OnTime_or_MinorDelay,10,16,Morning,1
2024,1,1,2024-01-01,AA,1402.0,TPA,"Tampa, FL",Florida,PHX,"Phoenix, AZ",Arizona,1719,1718.0,-1.0,15.0,1733.0,1937.0,5.0,2000,1942.0,-18.0,0,,0,281.0,264.0,244.0,1788.0,0.0,0.0,0.0,0.0,0.0,0,0,OnTime_or_MinorDelay,17,20,Evening,1
2024,1,1,2024-01-01,AA,1403.0,BWI,"Baltimore, MD",Maryland,DFW,"Dallas/Fort Worth, TX",Texas,621,610.0,-11.0,23.0,633.0,831.0,17.0,919,848.0,-31.0,0,,0,238.0,218.0,178.0,1217.0,0.0,0.0,0.0,0.0,0.0,0,0,OnTime_or_MinorDelay,6,9,Morning,1
2024,1,1,2024-01-01,AA,1404.0,DEN,"Denver, CO",Colorado,PHX,"Phoenix, AZ",Arizona,800,750.0,-10.0,49.0,839.0,1015.0,4.0,1013,1019.0,6.0,0,,0,133.0,149.0,96.0,602.0,0.0,0.0,0.0,0.0,0.0,0,0,OnTime_or_MinorDelay,8,10,Morning,1
2024,1,1,2024-01-01,AA,1405.0,AUS,"Austin, TX",Texas,JFK,"New York, NY",New York,1654,1725.0,31.0,17.0,1742.0,2212.0,6.0,2135,2218.0,43.0,0,,0,221.0,233.0,210.0,1521.0,31.0,0.0,12.0,0.0,0.0,1,1,Carrier,16,21,Afternoon,1
2024,1,1,2024-01-01,AA,1406.0,DFW,"Dallas/Fort Worth, TX",Texas,SAT,"San Antonio, TX",Texas,2040,2034.0,-6.0,18.0,2052.0,2139.0,4.0,2152,2143.0,-9.0,0,,0,72.0,69.0,47.0,247.0,0.0,0.0,0.0,0.0,0.0,0,0,OnTime_or_MinorDelay,20,21,Evening,1
2024,1,1,2024-01-01,AA,1409.0,CLT,"Charlotte, NC",North Carolina,FLL,"Fort Lauderdale, FL",Florida,900,853.0,-7.0,13.0,906.0,1037.0,4.0,1059,1041.0,-18.0,0,,0,119.0,108.0,91.0,632.0,0.0,0.0,0.0,0.0,0.0,0,0,OnTime_or_MinorDelay,9,10,Morning,1
2024,1,1,2024-01-01,AA,1409.0,FLL,"Fort Lauderdale, FL",Florida,CLT,"Charlotte, NC",North Carolina,1149,1146.0,-3.0,28.0,1214.0,1347.0,12.0,1355,1359.0,4.0,0,,0,126.0,133.0,93.0,632.0,0.0,0.0,0.0,0.0,0.0,0,0,OnTime_or_MinorDelay,11,13,Morning,1
2024,1,1,2024-01-01,AA,1410.0,MIA,"Miami, FL",Florida,BOS,"Boston, MA",Massachusetts,1223,1219.0,-4.0,40.0,1259.0,1541.0,9.0,1557,1550.0,-7.0,0,,0,214.0,211.0,162.0,1258.0,0.0,0.0,0.0,0.0,0.0,0,0,OnTime_or_MinorDelay,12,15,Afternoon,1
2024,1,1,2024-01-01,AA,1411.0,ORD,"Chicago, IL",Illinois,MIA,"Miami, FL",Florida,650,644.0,-6.0,8.0,652.0,1026.0,29.0,1056,1055.0,-1.0,0,,0,186.0,191.0,154.0,1197.0,0.0,0.0,0.0,0.0,0.0,0,0,OnTime_or_MinorDelay,6,10,Morning,1
2024,1,1,2024-01-01,AA,1412.0,ONT,"Ontario, CA",California,DFW,"Dallas/Fort Worth, TX",Texas,601,556.0,-5.0,11.0,607.0,1025.0,15.0,1102,1040.0,-22.0,0,,0,181.0,164.0,138.0,1188.0,0.0,0.0,0.0,0.0,0.0,0,0,OnTime_or_MinorDelay,6,11,Morning,1
2024,1,1,2024-01-01,AA,1413.0,BOS,"Boston, MA",Massachusetts,CLT,"Charlotte, NC",North Carolina,1033,1027.0,-6.0,12.0,1039.0,1231.0,6.0,1311,1237.0,-34.0,0,,0,158.0,130.0,112.0,728.0,0.0,0.0,0.0,0.0,0.0,0,0,OnTime_or_MinorDelay,10,13,Morning,1
2024,1,1,2024-01-01,AA,1414.0,BOS,"Boston, MA",Massachusetts,PHL,"Philadelphia, PA",Pennsylvania,733,729.0,-4.0,11.0,740.0,844.0,6.0,914,850.0,-24.0,0,,0,101.0,81.0,64.0,280.0,0.0,0.0,0.0,0.0,0.0,0,0,OnTime_or_MinorDelay,7,9,Morning,1
2024,1,1,2024-01-01,AA,1416.0,PHL,"Philadelphia, PA",Pennsylvania,BOS,"Boston, MA",Massachusetts,1030,1027.0,-3.0,14.0,1041.0,1129.0,7.0,1154,1136.0,-18.0,0,,0,84.0,69.0,48.0,280.0,0.0,0.0,0.0,0.0,0.0,0,0,OnTime_or_MinorDelay,10,11,Morning,1
2024,1,1,2024-01-01,AA,1418.0,BOS,"Boston, MA",Massachusetts,MIA,"Miami, FL",Florida,523,529.0,6.0,17.0,546.0,846.0,11.0,902,857.0,-5.0,0,,0,219.0,208.0,180.0,1258.0,0.0,0.0,0.0,0.0,0.0,0,0,OnTime_or_MinorDelay,5,9,Morning,1
2024,1,1,2024-01-01,AA,1419.0,FLL,"Fort Lauderdale, FL",Florida,CLT,"Charlotte, NC",North Carolina,1018,1010.0,-8.0,17.0,1027.0,1201.0,10.0,1225,1211.0,-14.0,0,,0,127.0,121.0,94.0,632.0,0.0,0.0,0.0,0.0,0.0,0,0,OnTime_or_MinorDelay,10,12,Morning,1
2024,1,1,2024-01-01,AA,1421.0,CHS,"Charleston, SC",South Carolina,MIA,"Miami, FL",Florida,1849,1919.0,30.0,13.0,1932.0,2044.0,7.0,2033,2051.0,18.0,0,,0,104.0,92.0,72.0,489.0,5.0,0.0,0.0,0.0,13.0,1,5,LateAircraft,18,20,Evening,1
2024,1,1,2024-01-01,AA,1421.0,MIA,"Miami, FL",Florida,CHS,"Charleston, SC",South Carolina,1622,1649.0,27.0,20.0,1709.0,1827.0,4.0,1808,1831.0,23.0,0,,0,106.0,102.0,78.0,489.0,9.0,0.0,0.0,0.0,14.0,1,5,LateAircraft,16,18,Afternoon,1
2024,1,1,2024-01-01,AA,1422.0,DFW,"Dallas/Fort Worth, TX",Texas,CHS,"Charleston, SC",South Carolina,1917,1918.0,1.0,20.0,1938.0,2233.0,8.0,2242,2241.0,-1.0,0,,0,145.0,143.0,115.0,987.0,0.0,0.0,0.0,0.0,0.0,0,0,OnTime_or_MinorDelay,19,22,Evening,1
2024,1,1,2024-01-01,AA,1423.0,BOS,"Boston, MA",Massachusetts,DCA,"Washington, DC",Virginia,1550,1546.0,-4.0,10.0,1556.0,1659.0,4.0,1735,1703.0,-32.0,0,,0,105.0,77.0,63.0,399.0,0.0,0.0,0.0,0.0,0.0,0,0,OnTime_or_MinorDelay,15,17,Afternoon,1
2024,1,1,2024-01-01,AA,1424.0,FLL,"Fort Lauderdale, FL",Florida,ORD,"Chicago, IL",Illinois,1326,1321.0,-5.0,15.0,1336.0,1524.0,23.0,1548,1547.0,-1.0,0,,0,202.0,206.0,168.0,1182.0,0.0,0.0,0.0,0.0,0.0,0,0,OnTime_or_MinorDelay,13,15,Afternoon,1
2024,1,1,2024-01-01,AA,1424.0,ORD,"Chicago, IL",Illinois,FLL,"Fort Lauderdale, FL",Florida,826,823.0,-3.0,15.0,838.0,1212.0,5.0,1228,1217.0,-11.0,0,,0,182.0,174.0,154.0,1182.0,0.0,0.0,0.0,0.0,0.0,0,0,OnTime_or_MinorDelay,8,12,Morning,1
2024,1,1,2024-01-01,AA,1425.0,DFW,"Dallas/Fort Worth, TX",Texas,BDL,"Hartford, CT",Connecticut,1925,1924.0,-1.0,23.0,1947.0,2352.0,4.0,2346,2356.0,10.0,0,,0,201.0,212.0,185.0,1471.0,0.0,0.0,0.0,0.0,0.0,0,0,OnTime_or_MinorDelay,19,23,Evening,1
2024,1,1,2024-01-01,AA,1426.0,CHS,"Charleston, SC",South Carolina,CLT,"Charlotte, NC",North Carolina,1120,1116.0,-4.0,11.0,1127.0,1203.0,8.0,1227,1211.0,-16.0,0,,0,67.0,55.0,36.0,168.0,0.0,0.0,0.0,0.0,0.0,0,0,OnTime_or_MinorDelay,11,12,Morning,1
2024,1,1,2024-01-01,AA,1426.0,CLT,"Charlotte, NC",North Carolina,CHS,"Charleston, SC",South Carolina,927,922.0,-5.0,13.0,935.0,1015.0,8.0,1035,1023.0,-12.0,0,,0,68.0,61.0,40.0,168.0,0.0,0.0,0.0,0.0,0.0,0,0,OnTime_or_MinorDelay,9,10,Morning,1
2024,1,1,2024-01-01,AA,1427.0,CID,"Cedar Rapids/Iowa City, IA",Iowa,PHX,"Phoenix, AZ",Arizona,1439,1456.0,17.0,9.0,1505.0,1657.0,4.0,1706,1701.0,-5.0,0,,0,207.0,185.0,172.0,1252.0,0.0,0.0,0.0,0.0,0.0,0,0,OnTime_or_MinorDelay,14,17,Afternoon,1
2024,1,1,2024-01-01,AA,1427.0,PHX,"Phoenix, AZ",Arizona,CID,"Cedar Rapids/Iowa City, IA",Iowa,942,938.0,-4.0,20.0,958.0,1334.0,8.0,1342,1342.0,0.0,0,,0,180.0,184.0,156.0,1252.0,0.0,0.0,0.0,0.0,0.0,0,0,OnTime_or_MinorDelay,9,13,Morning,1
2024,1,1,2024-01-01,AA,1428.0,DCA,"Washington, DC",Virginia,DFW,"Dallas/Fort Worth, TX",Texas,844,844.0,0.0,20.0,904.0,1111.0,16.0,1132,1127.0,-5.0,0,,0,228.0,223.0,187.0,1192.0,0.0,0.0,0.0,0.0,0.0,0,0,OnTime_or_MinorDelay,8,11,Morning,1
2024,1,1,2024-01-01,AA,1429.0,FLL,"Fort Lauderdale, FL",Florida,DFW,"Dallas/Fort Worth, TX",Texas,1138,1154.0,16.0,23.0,1217.0,1358.0,14.0,1400,1412.0,12.0,0,,0,202.0,198.0,161.0,1119.0,0.0,0.0,0.0,0.0,0.0,0,0,OnTime_or_MinorDelay,11,14,Morning,1
2024,1,1,2024-01-01,AA,143.0,LAX,"Los Angeles, CA",California,HNL,"Honolulu, HI",Hawaii,1253,1252.0,-1.0,21.0,1313.0,1644.0,4.0,1653,1648.0,-5.0,0,,0,360.0,356.0,331.0,2556.0,0.0,0.0,0.0,0.0,0.0,0,0,OnTime_or_MinorDelay,12,16,Afternoon,1
2024,1,1,2024-01-01,AA,1430.0,DFW,"Dallas/Fort Worth, TX",Texas,SFO,"San Francisco, CA",California,1855,1854.0,-1.0,17.0,1911.0,2025.0,12.0,2052,2037.0,-15.0,0,,0,237.0,223.0,194.0,1464.0,0.0,0.0,0.0,0.0,0.0,0,0,OnTime_or_MinorDelay,18,20,Evening,1
2024,1,1,2024-01-01,AA,1431.0,MIA,"Miami, FL",Florida,ORD,"Chicago, IL",Illinois,830,829.0,-1.0,22.0,851.0,1039.0,13.0,1056,1052.0,-4.0,0,,0,206.0,203.0,168.0,1197.0,0.0,0.0,0.0,0.0,0.0,0,0,OnTime_or_MinorDelay,8,10,Morning,1
2024,1,1,2024-01-01,AA,1432.0,LGA,"New York, NY",New York,BOS,"Boston, MA",Massachusetts,815,810.0,-5.0,13.0,823.0,858.0,8.0,927,906.0,-21.0,0,,0,72.0,56.0,35.0,184.0,0.0,0.0,0.0,0.0,0.0,0,0,OnTime_or_MinorDelay,8,9,Morning,1
2024,1,1,2024-01-01,AA,1433.0,CLE,"Cleveland, OH",Ohio,CLT,"Charlotte, NC",North Carolina,1755,1746.0,-9.0,15.0,1801.0,1904.0,8.0,1938,1912.0,-26.0,0,,0,103.0,86.0,63.0,430.0,0.0,0.0,0.0,0.0,0.0,0,0,OnTime_or_MinorDelay,17,19,Evening,1
2024,1,1,2024-01-01,AA,1433.0,CLT,"Charlotte, NC",North Carolina,CLE,"Cleveland, OH",Ohio,1530,1523.0,-7.0,18.0,1541.0,1652.0,4.0,1705,1656.0,-9.0,0,,0,95.0,93.0,71.0,430.0,0.0,0.0,0.0,0.0,0.0,0,0,OnTime_or_MinorDelay,15,17,Afternoon,1
2024,1,1,2024-01-01,AA,1435.0,CLT,"Charlotte, NC",North Carolina,RIC,"Richmond, VA",Virginia,1015,1010.0,-5.0,11.0,1021.0,1057.0,3.0,1123,1100.0,-23.0,0,,0,68.0,50.0,36.0,257.0,0.0,0.0,0.0,0.0,0.0,0,0,OnTime_or_MinorDelay,10,11,Morning,1
2024,1,1,2024-01-01,AA,1435.0,RIC,"Richmond, VA",Virginia,CLT,"Charlotte, NC",North Carolina,1210,1205.0,-5.0,12.0,1217.0,1310.0,3.0,1333,1313.0,-20.0,0,,0,83.0,68.0,53.0,257.0,0.0,0.0,0.0,0.0,0.0,0,0,OnTime_or_MinorDelay,12,13,Afternoon,1
2024,1,1,2024-01-01,AA,1436.0,DTW,"Detroit, MI",Michigan,PHL,"Philadelphia, PA",Pennsylvania,1611,1610.0,-1.0,44.0,1654.0,1803.0,4.0,1744,1807.0,23.0,0,,0,93.0,117.0,69.0,453.0,0.0,0.0,23.0,0.0,0.0,1,3,NAS,16,17,Afternoon,1
2024,1,1,2024-01-01,AA,1436.0,PHL,"Philadelphia, PA",Pennsylvania,DTW,"Detroit, MI",Michigan,1337,1331.0,-6.0,14.0,1345.0,1455.0,4.0,1531,1459.0,-32.0,0,,0,114.0,88.0,70.0,453.0,0.0,0.0,0.0,0.0,0.0,0,0,OnTime_or_MinorDelay,13,15,Afternoon,1
2024,1,1,2024-01-01,AA,1437.0,PHX,"Phoenix, AZ",Arizona,RNO,"Reno, NV",Nevada,1110,1107.0,-3.0,18.0,1125.0,1150.0,5.0,1213,1155.0,-18.0,0,,0,123.0,108.0,85.0,601.0,0.0,0.0,0.0,0.0,0.0,0,0,OnTime_or_MinorDelay,11,12,Morning,1
2024,1,1,2024-01-01,AA,1437.0,RNO,"Reno, NV",Nevada,PHX,"Phoenix, AZ",Arizona,1253,1245.0,-8.0,10.0,1255.0,1519.0,4.0,1546,1523.0,-23.0,0,,0,113.0,98.0,84.0,601.0,0.0,0.0,0.0,0.0,0.0,0,0,OnTime_or_MinorDelay,12,15,Afternoon,1
2024,1,1,2024-01-01,AA,1438.0,BOS,"Boston, MA",Massachusetts,DFW,"Dallas/Fort Worth, TX",Texas,1220,1216.0,-4.0,12.0,1228.0,1453.0,14.0,1555,1507.0,-48.0,0,,0,275.0,231.0,205.0,1562.0,0.0,0.0,0.0,0.0,0.0,0,0,OnTime_or_MinorDelay,12,15,Afternoon,1
2024,1,1,2024-01-01,AA,1439.0,COS,"Colorado Springs, CO",Colorado,DFW,"Dallas/Fort Worth, TX",Texas,1709,1705.0,-4.0,20.0,1725.0,1950.0,17.0,1959,2007.0,8.0,0,,0,110.0,122.0,85.0,592.0,0.0,0.0,0.0,0.0,0.0,0,0,OnTime_or_MinorDelay,17,19,Evening,1
2024,1,1,2024-01-01,AA,1439.0,DFW,"Dallas/Fort Worth, TX",Texas,COS,"Colorado Springs, CO",Colorado,1520,1512.0,-8.0,16.0,1528.0,1604.0,10.0,1618,1614.0,-4.0,0,,0,118.0,122.0,96.0,592.0,0.0,0.0,0.0,0.0,0.0,0,0,OnTime_or_MinorDelay,15,16,Afternoon,1
2024,1,1,2024-01-01,AA,144.0,HNL,"Honolulu, HI",Hawaii,LAX,"Los Angeles, CA",California,2330,51.0,81.0,17.0,108.0,756.0,12.0,701,808.0,67.0,0,,0,331.0,317.0,288.0,2556.0,67.0,0.0,0.0,0.0,0.0,1,1,Carrier,23,7,Night,1
2024,1,1,2024-01-01,AA,1442.0,BOS,"Boston, MA",Massachusetts,DFW,"Dallas/Fort Worth, TX",Texas,1429,1647.0,138.0,17.0,1704.0,1926.0,17.0,1805,1943.0,98.0,0,,0,276.0,236.0,202.0,1562.0,3.0,0.0,0.0,0.0,95.0,1,5,LateAircraft,14,18,Afternoon,1
2024,1,1,2024-01-01,AA,1442.0,DFW,"Dallas/Fort Worth, TX",Texas,BOS,"Boston, MA",Massachusetts,843,1116.0,153.0,14.0,1130.0,1544.0,9.0,1321,1553.0,152.0,0,,0,218.0,217.0,194.0,1562.0,152.0,0.0,0.0,0.0,0.0,1,1,Carrier,8,13,Morning,1
2024,1,1,2024-01-01,AA,1443.0,CLT,"Charlotte, NC",North Carolina,SRQ,"Sarasota/Bradenton, FL",Florida,1616,1611.0,-5.0,11.0,1622.0,1749.0,5.0,1809,1754.0,-15.0,0,,0,113.0,103.0,87.0,547.0,0.0,0.0,0.0,0.0,0.0,0,0,OnTime_or_MinorDelay,16,18,Afternoon,1
2024,1,1,2024-01-01,AA,1443.0,SRQ,"Sarasota/Bradenton, FL",Florida,CLT,"Charlotte, NC",North Carolina,1854,1847.0,-7.0,10.0,1857.0,2015.0,15.0,2047,2030.0,-17.0,0,,0,113.0,103.0,78.0,547.0,0.0,0.0,0.0,0.0,0.0,0,0,OnTime_or_MinorDelay,18,20,Evening,1
2024,1,1,2024-01-01,AA,1444.0,JFK,"New York, NY",New York,CLT,"Charlotte, NC",North Carolina,800,758.0,-2.0,17.0,815.0,944.0,17.0,1018,1001.0,-17.0,0,,0,138.0,123.0,89.0,541.0,0.0,0.0,0.0,0.0,0.0,0,0,OnTime_or_MinorDelay,8,10,Morning,1
2024,1,1,2024-01-01,AA,1445.0,CLT,"Charlotte, NC",North Carolina,BNA,"Nashville, TN",Tennessee,2259,2256.0,-3.0,11.0,2307.0,2305.0,5.0,2327,2310.0,-17.0,0,,0,88.0,74.0,58.0,328.0,0.0,0.0,0.0,0.0,0.0,0,0,OnTime_or_MinorDelay,22,23,Night,1
2024,1,1,2024-01-01,AA,1448.0,CLT,"Charlotte, NC",North Carolina,BOS,"Boston, MA",Massachusetts,1649,1841.0,112.0,17.0,1858.0,2035.0,8.0,1858,2043.0,105.0,0,,0,129.0,122.0,97.0,728.0,13.0,0.0,0.0,0.0,92.0,1,5,LateAircraft,16,18,Afternoon,1
2024,1,1,2024-01-01,AA,1449.0,BOS,"Boston, MA",Massachusetts,CLT,"Charlotte, NC",North Carolina,934,929.0,-5.0,14.0,943.0,1140.0,10.0,1206,1150.0,-16.0,0,,0,152.0,141.0,117.0,728.0,0.0,0.0,0.0,0.0,0.0,0,0,OnTime_or_MinorDelay,9,12,Morning,1
2024,1,1,2024-01-01,AA,1450.0,PHX,"Phoenix, AZ",Arizona,BOS,"Boston, MA",Massachusetts,952,946.0,-6.0,27.0,1013.0,1644.0,11.0,1642,1655.0,13.0,0,,0,290.0,309.0,271.0,2300.0,0.0,0.0,0.0,0.0,0.0,0,0,OnTime_or_MinorDelay,9,16,Morning,1
2024,1,1,2024-01-01,AA,1452.0,CLT,"Charlotte, NC",North Carolina,SRQ,"Sarasota/Bradenton, FL",Florida,1136,1135.0,-1.0,19.0,1154.0,1321.0,8.0,1336,1329.0,-7.0,0,,0,120.0,114.0,87.0,547.0,0.0,0.0,0.0,0.0,0.0,0,0,OnTime_or_MinorDelay,11,13,Morning,1
2024,1,1,2024-01-01,AA,1452.0,SRQ,"Sarasota/Bradenton, FL",Florida,CLT,"Charlotte, NC",North Carolina,1421,1419.0,-2.0,27.0,1446.0,1603.0,7.0,1614,1610.0,-4.0,0,,0,113.0,111.0,77.0,547.0,0.0,0.0,0.0,0.0,0.0,0,0,OnTime_or_MinorDelay,14,16,Afternoon,1
2024,1,1,2024-01-01,AA,1453.0,PHL,"Philadelphia, PA",Pennsylvania,BOS,"Boston, MA",Massachusetts,1340,1333.0,-7.0,21.0,1354.0,1441.0,8.0,1510,1449.0,-21.0,0,,0,90.0,76.0,47.0,280.0,0.0,0.0,0.0,0.0,0.0,0,0,OnTime_or_MinorDelay,13,15,Afternoon,1
2024,1,1,2024-01-01,AA,1454.0,MIA,"Miami, FL",Florida,PHX,"Phoenix, AZ",Arizona,1333,1331.0,-2.0,15.0,1346.0,1638.0,6.0,1639,1644.0,5.0,0,,0,306.0,313.0,292.0,1972.0,0.0,0.0,0.0,0.0,0.0,0,0,OnTime_or_MinorDelay,13,16,Afternoon,1
2024,1,1,2024-01-01,AA,1455.0,DFW,"Dallas/Fort Worth, TX",Texas,MSY,"New Orleans, LA",Louisiana,2112,2113.0,1.0,15.0,2128.0,2229.0,4.0,2239,2233.0,-6.0,0,,0,87.0,80.0,61.0,447.0,0.0,0.0,0.0,0.0,0.0,0,0,OnTime_or_MinorDelay,21,22,Evening,1
2024,1,1,2024-01-01,AA,1456.0,DTW,"Detroit, MI",Michigan,ORD,"Chicago, IL",Illinois,1754,1754.0,0.0,36.0,1830.0,1813.0,14.0,1815,1827.0,12.0,0,,0,81.0,93.0,43.0,235.0,0.0,0.0,0.0,0.0,0.0,0,0,OnTime_or_MinorDelay,17,18,Evening,1
2024,1,1,2024-01-01,AA,1456.0,ORD,"Chicago, IL",Illinois,DTW,"Detroit, MI",Michigan,1500,1458.0,-2.0,12.0,1510.0,1656.0,7.0,1714,1703.0,-11.0,0,,0,74.0,65.0,46.0,235.0,0.0,0.0,0.0,0.0,0.0,0,0,OnTime_or_MinorDelay,15,17,Afternoon,1
2024,1,1,2024-01-01,AA,1457.0,BOS,"Boston, MA",Massachusetts,CLT,"Charlotte, NC",North Carolina,1443,1521.0,38.0,10.0,1531.0,1727.0,6.0,1715,1733.0,18.0,0,,0,152.0,132.0,116.0,728.0,4.0,0.0,0.0,0.0,14.0,1,5,LateAircraft,14,17,Afternoon,1
2024,1,1,2024-01-01,AA,1457.0,CLT,"Charlotte, NC",North Carolina,BOS,"Boston, MA",Massachusetts,1138,1234.0,56.0,9.0,1243.0,1414.0,8.0,1353,1422.0,29.0,0,,0,135.0,108.0,91.0,728.0,1.0,0.0,0.0,0.0,28.0,1,5,LateAircraft,11,13,Morning,1
2024,1,1,2024-01-01,AA,1458.0,DFW,"Dallas/Fort Worth, TX",Texas,OKC,"Oklahoma City, OK",Oklahoma,2106,2104.0,-2.0,21.0,2125.0,2155.0,5.0,2210,2200.0,-10.0,0,,0,64.0,56.0,30.0,175.0,0.0,0.0,0.0,0.0,0.0,0,0,OnTime_or_MinorDelay,21,22,Evening,1
2024,1,1,2024-01-01,AA,1459.0,AUS,"Austin, TX",Texas,LAX,"Los Angeles, CA",California,1449,1449.0,0.0,17.0,1506.0,1604.0,8.0,1614,1612.0,-2.0,0,,0,205.0,203.0,178.0,1242.0,0.0,0.0,0.0,0.0,0.0,0,0,OnTime_or_MinorDelay,14,16,Afternoon,1
2024,1,1,2024-01-01,AA,1460.0,CLT,"Charlotte, NC",North Carolina,ECP,"Panama City, FL",Florida,943,935.0,-8.0,39.0,1014.0,1030.0,5.0,1027,1035.0,8.0,0,,0,104.0,120.0,76.0,437.0,0.0,0.0,0.0,0.0,0.0,0,0,OnTime_or_MinorDelay,9,10,Morning,1
2024,1,1,2024-01-01,AA,1460.0,ECP,"Panama City, FL",Florida,CLT,"Charlotte, NC",North Carolina,1109,1114.0,5.0,10.0,1124.0,1325.0,6.0,1340,1331.0,-9.0,0,,0,91.0,77.0,61.0,437.0,0.0,0.0,0.0,0.0,0.0,0,0,OnTime_or_MinorDelay,11,13,Morning,1
2024,1,1,2024-01-01,AA,1461.0,MIA,"Miami, FL",Florida,STT,"Charlotte Amalie, VI",U.S. Virgin Islands,830,824.0,-6.0,23.0,847.0,1159.0,4.0,1215,1203.0,-12.0,0,,0,165.0,159.0,132.0,1107.0,0.0,0.0,0.0,0.0,0.0,0,0,OnTime_or_MinorDelay,8,12,Morning,1
2024,1,1,2024-01-01,AA,1462.0,CLT,"Charlotte, NC",North Carolina,IAH,"Houston, TX",Texas,1535,1537.0,2.0,11.0,1548.0,1708.0,13.0,1724,1721.0,-3.0,0,,0,169.0,164.0,140.0,912.0,0.0,0.0,0.0,0.0,0.0,0,0,OnTime_or_MinorDelay,15,17,Afternoon,1
2024,1,1,2024-01-01,AA,1462.0,IAH,"Houston, TX",Texas,CLT,"Charlotte, NC",North Carolina,1814,1811.0,-3.0,16.0,1827.0,2131.0,23.0,2150,2154.0,4.0,0,,0,156.0,163.0,124.0,912.0,0.0,0.0,0.0,0.0,0.0,0,0,OnTime_or_MinorDelay,18,21,Evening,1
2024,1,1,2024-01-01,AA,1463.0,DFW,"Dallas/Fort Worth, TX",Texas,FLL,"Fort Lauderdale, FL",Florida,1252,1246.0,-6.0,15.0,1301.0,1613.0,5.0,1635,1618.0,-17.0,0,,0,163.0,152.0,132.0,1119.0,0.0,0.0,0.0,0.0,0.0,0,0,OnTime_or_MinorDelay,12,16,Afternoon,1
2024,1,1,2024-01-01,AA,1463.0,FLL,"Fort Lauderdale, FL",Florida,DFW,"Dallas/Fort Worth, TX",Texas,1731,1725.0,-6.0,15.0,1740.0,1929.0,12.0,1957,1941.0,-16.0,0,,0,206.0,196.0,169.0,1119.0,0.0,0.0,0.0,0.0,0.0,0,0,OnTime_or_MinorDelay,17,19,Evening,1
2024,1,1,2024-01-01,AA,1464.0,CLE,"Cleveland, OH",Ohio,PHX,"Phoenix, AZ",Arizona,740,1230.0,290.0,34.0,1304.0,1503.0,4.0,1013,1507.0,294.0,0,,0,273.0,277.0,239.0,1737.0,290.0,0.0,4.0,0.0,0.0,1,1,Carrier,7,10,Morning,1
2024,1,1,2024-01-01,AA,1465.0,IAH,"Houston, TX",Texas,MIA,"Miami, FL",Florida,1128,1133.0,5.0,17.0,1150.0,1444.0,13.0,1450,1457.0,7.0,0,,0,142.0,144.0,114.0,964.0,0.0,0.0,0.0,0.0,0.0,0,0,OnTime_or_MinorDelay,11,14,Morning,1
2024,1,1,2024-01-01,AA,1465.0,MIA,"Miami, FL",Florida,IAH,"Houston, TX",Texas,845,841.0,-4.0,22.0,903.0,1043.0,3.0,1048,1046.0,-2.0,0,,0,183.0,185.0,160.0,964.0,0.0,0.0,0.0,0.0,0.0,0,0,OnTime_or_MinorDelay,8,10,Morning,1
2024,1,1,2024-01-01,AA,1466.0,BOS,"Boston, MA",Massachusetts,CLT,"Charlotte, NC",North Carolina,1646,1639.0,-7.0,14.0,1653.0,1841.0,13.0,1919,1854.0,-25.0,0,,0,153.0,135.0,108.0,728.0,0.0,0.0,0.0,0.0,0.0,0,0,OnTime_or_MinorDelay,16,19,Afternoon,1
2024,1,1,2024-01-01,AA,1466.0,CLT,"Charlotte, NC",North Carolina,BOS,"Boston, MA",Massachusetts,1346,1346.0,0.0,9.0,1355.0,1529.0,9.0,1552,1538.0,-14.0,0,,0,126.0,112.0,94.0,728.0,0.0,0.0,0.0,0.0,0.0,0,0,OnTime_or_MinorDelay,13,15,Afternoon,1
2024,1,1,2024-01-01,AA,1467.0,BOS,"Boston, MA",Massachusetts,PHL,"Philadelphia, PA",Pennsylvania,1214,1207.0,-7.0,16.0,1223.0,1322.0,4.0,1346,1326.0,-20.0,0,,0,92.0,79.0,59.0,280.0,0.0,0.0,0.0,0.0,0.0,0,0,OnTime_or_MinorDelay,12,13,Afternoon,1
2024,1,1,2024-01-01,AA,1468.0,MIA,"Miami, FL",Florida,SAT,"San Antonio, TX",Texas,2055,2051.0,-4.0,15.0,2106.0,2307.0,6.0,2307,2313.0,6.0,0,,0,192.0,202.0,181.0,1143.0,0.0,0.0,0.0,0.0,0.0,0,0,OnTime_or_MinorDelay,20,23,Evening,1
2024,1,1,2024-01-01,AA,147.0,CLT,"Charlotte, NC",North Carolina,ORF,"Norfolk, VA",Virginia,904,905.0,1.0,9.0,914.0,958.0,4.0,1015,1002.0,-13.0,0,,0,71.0,57.0,44.0,290.0,0.0,0.0,0.0,0.0,0.0,0,0,OnTime_or_MinorDelay,9,10,Morning,1
2024,1,1,2024-01-01,AA,147.0,ORF,"Norfolk, VA",Virginia,CLT,"Charlotte, NC",North Carolina,1101,1053.0,-8.0,13.0,1106.0,1205.0,8.0,1228,1213.0,-15.0,0,,0,87.0,80.0,59.0,290.0,0.0,0.0,0.0,0.0,0.0,0,0,OnTime_or_MinorDelay,11,12,Morning,1
2024,1,1,2024-01-01,AA,1470.0,MSY,"New Orleans, LA",Louisiana,DFW,"Dallas/Fort Worth, TX",Texas,711,704.0,-7.0,12.0,716.0,829.0,15.0,859,844.0,-15.0,0,,0,108.0,100.0,73.0,447.0,0.0,0.0,0.0,0.0,0.0,0,0,OnTime_or_MinorDelay,7,8,Morning,1
2024,1,1,2024-01-01,AA,1471.0,SEA,"Seattle, WA",Washington,MIA,"Miami, FL",Florida,2234,2231.0,-3.0,13.0,2244.0,654.0,12.0,714,706.0,-8.0,0,,0,340.0,335.0,310.0,2724.0,0.0,0.0,0.0,0.0,0.0,0,0,OnTime_or_MinorDelay,22,7,Night,1
2024,1,1,2024-01-01,AA,1472.0,DFW,"Dallas/Fort Worth, TX",Texas,IAH,"Houston, TX",Texas,1014,1029.0,15.0,19.0,1048.0,1133.0,11.0,1125,1144.0,19.0,0,,0,71.0,75.0,45.0,224.0,15.0,0.0,4.0,0.0,0.0,1,1,Carrier,10,11,Morning,1
2024,1,1,2024-01-01,AA,1472.0,IAH,"Houston, TX",Texas,DFW,"Dallas/Fort Worth, TX",Texas,1211,1225.0,14.0,21.0,1246.0,1324.0,12.0,1341,1336.0,-5.0,0,,0,90.0,71.0,38.0,224.0,0.0,0.0,0.0,0.0,0.0,0,0,OnTime_or_MinorDelay,12,13,Afternoon,1
2024,1,1,2024-01-01,AA,1473.0,DFW,"Dallas/Fort Worth, TX",Texas,GSP,"Greer, SC",South Carolina,1219,1222.0,3.0,26.0,1248.0,1528.0,5.0,1526,1533.0,7.0,0,,0,127.0,131.0,100.0,862.0,0.0,0.0,0.0,0.0,0.0,0,0,OnTime_or_MinorDelay,12,15,Afternoon,1
2024,1,1,2024-01-01,AA,1473.0,GSP,"Greer, SC",South Carolina,DFW,"Dallas/Fort Worth, TX",Texas,1617,1633.0,16.0,32.0,1705.0,1818.0,11.0,1810,1829.0,19.0,0,,0,173.0,176.0,133.0,862.0,10.0,0.0,3.0,0.0,6.0,1,1,Carrier,16,18,Afternoon,1
2024,1,1,2024-01-01,AA,1475.0,PHX,"Phoenix, AZ",Arizona,CLT,"Charlotte, NC",North Carolina,2304,2303.0,-1.0,12.0,2315.0,445.0,4.0,500,449.0,-11.0,0,,0,236.0,226.0,210.0,1773.0,0.0,0.0,0.0,0.0,0.0,0,0,OnTime_or_MinorDelay,23,5,Night,1
2024,1,1,2024-01-01,AA,1476.0,BUF,"Buffalo, NY",New York,CLT,"Charlotte, NC",North Carolina,1150,1144.0,-6.0,9.0,1153.0,1319.0,18.0,1343,1337.0,-6.0,0,,0,113.0,113.0,86.0,546.0,0.0,0.0,0.0,0.0,0.0,0,0,OnTime_or_MinorDelay,11,13,Morning,1
2024,1,1,2024-01-01,AA,1476.0,CLT,"Charlotte, NC",North Carolina,BUF,"Buffalo, NY",New York,920,915.0,-5.0,13.0,928.0,1043.0,3.0,1104,1046.0,-18.0,0,,0,104.0,91.0,75.0,546.0,0.0,0.0,0.0,0.0,0.0,0,0,OnTime_or_MinorDelay,9,11,Morning,1
2024,1,1,2024-01-01,AA,1477.0,SRQ,"Sarasota/Bradenton, FL",Florida,CLT,"Charlotte, NC",North Carolina,610,605.0,-5.0,10.0,615.0,738.0,7.0,804,745.0,-19.0,0,,0,114.0,100.0,83.0,547.0,0.0,0.0,0.0,0.0,0.0,0,0,OnTime_or_MinorDelay,6,8,Morning,1
2024,1,1,2024-01-01,AA,1478.0,CLT,"Charlotte, NC",North Carolina,IAH,"Houston, TX",Texas,1121,1118.0,-3.0,11.0,1129.0,1247.0,6.0,1314,1253.0,-21.0,0,,0,173.0,155.0,138.0,912.0,0.0,0.0,0.0,0.0,0.0,0,0,OnTime_or_MinorDelay,11,13,Morning,1
2024,1,1,2024-01-01,AA,1478.0,IAH,"Houston, TX",Texas,CLT,"Charlotte, NC",North Carolina,1405,1358.0,-7.0,12.0,1410.0,1656.0,7.0,1730,1703.0,-27.0,0,,0,145.0,125.0,106.0,912.0,0.0,0.0,0.0,0.0,0.0,0,0,OnTime_or_MinorDelay,14,17,Afternoon,1
2024,1,1,2024-01-01,AA,1479.0,DFW,"Dallas/Fort Worth, TX",Texas,ICT,"Wichita, KS",Kansas,1637,1709.0,32.0,12.0,1721.0,1815.0,5.0,1755,1820.0,25.0,0,,0,78.0,71.0,54.0,328.0,25.0,0.0,0.0,0.0,0.0,1,1,Carrier,16,17,Afternoon,1
2024,1,1,2024-01-01,AA,1479.0,ICT,"Wichita, KS",Kansas,DFW,"Dallas/Fort Worth, TX",Texas,1837,1855.0,18.0,9.0,1904.0,2000.0,10.0,2000,2010.0,10.0,0,,0,83.0,75.0,56.0,328.0,0.0,0.0,0.0,0.0,0.0,0,0,OnTime_or_MinorDelay,18,20,Evening,1
2024,1,1,2024-01-01,AA,148.0,CLT,"Charlotte, NC",North Carolina,PHX,"Phoenix, AZ",Arizona,1637,1633.0,-4.0,14.0,1647.0,1900.0,6.0,1923,1906.0,-17.0,0,,0,286.0,273.0,253.0,1773.0,0.0,0.0,0.0,0.0,0.0,0,0,OnTime_or_MinorDelay,16,19,Afternoon,1
2024,1,1,2024-01-01,AA,1480.0,HNL,"Honolulu, HI",Hawaii,LAX,"Los Angeles, CA",California,800,753.0,-7.0,13.0,806.0,1440.0,6.0,1531,1446.0,-45.0,0,,0,331.0,293.0,274.0,2556.0,0.0,0.0,0.0,0.0,0.0,0,0,OnTime_or_MinorDelay,8,15,Morning,1
2024,1,1,2024-01-01,AA,1482.0,DFW,"Dallas/Fort Worth, TX",Texas,PHX,"Phoenix, AZ",Arizona,1953,2044.0,51.0,22.0,2106.0,2205.0,5.0,2135,2210.0,35.0,0,,0,162.0,146.0,119.0,868.0,4.0,0.0,0.0,0.0,31.0,1,5,LateAircraft,19,21,Evening,1
2024,1,1,2024-01-01,AA,1484.0,DFW,"Dallas/Fort Worth, TX",Texas,CLE,"Cleveland, OH",Ohio,1653,1650.0,-3.0,16.0,1706.0,2023.0,10.0,2029,2033.0,4.0,0,,0,156.0,163.0,137.0,1021.0,0.0,0.0,0.0,0.0,0.0,0,0,OnTime_or_MinorDelay,16,20,Afternoon,1
2024,1,1,2024-01-01,AA,1486.0,BUF,"Buffalo, NY",New York,CLT,"Charlotte, NC",North Carolina,1933,1938.0,5.0,22.0,2000.0,2121.0,8.0,2126,2129.0,3.0,0,,0,113.0,111.0,81.0,546.0,0.0,0.0,0.0,0.0,0.0,0,0,OnTime_or_MinorDelay,19,21,Evening,1
2024,1,1,2024-01-01,AA,1486.0,CLT,"Charlotte, NC",North Carolina,BUF,"Buffalo, NY",New York,1629,1627.0,-2.0,11.0,1638.0,1755.0,4.0,1811,1759.0,-12.0,0,,0,102.0,92.0,77.0,546.0,0.0,0.0,0.0,0.0,0.0,0,0,OnTime_or_MinorDelay,16,18,Afternoon,1
2024,1,1,2024-01-01,AA,1487.0,JFK,"New York, NY",New York,PHX,"Phoenix, AZ",Arizona,900,930.0,30.0,25.0,955.0,1228.0,4.0,1246,1232.0,-14.0,0,,0,346.0,302.0,273.0,2153.0,0.0,0.0,0.0,0.0,0.0,0,0,OnTime_or_MinorDelay,9,12,Morning,1
2024,1,1,2024-01-01,AA,1489.0,BOS,"Boston, MA",Massachusetts,LGA,"New York, NY",New York,1406,1400.0,-6.0,12.0,1412.0,1456.0,4.0,1524,1500.0,-24.0,0,,0,78.0,60.0,44.0,184.0,0.0,0.0,0.0,0.0,0.0,0,0,OnTime_or_MinorDelay,14,15,Afternoon,1
2024,1,1,2024-01-01,AA,1489.0,LGA,"New York, NY",New York,BOS,"Boston, MA",Massachusetts,1213,1208.0,-5.0,13.0,1221.0,1255.0,9.0,1325,1304.0,-21.0,0,,0,72.0,56.0,34.0,184.0,0.0,0.0,0.0,0.0,0.0,0,0,OnTime_or_MinorDelay,12,13,Afternoon,1
2024,1,1,2024-01-01,AA,149.0,CLT,"Charlotte, NC",North Carolina,RDU,"Raleigh/Durham, NC",North Carolina,2049,2045.0,-4.0,19.0,2104.0,2133.0,15.0,2146,2148.0,2.0,0,,0,57.0,63.0,29.0,130.0,0.0,0.0,0.0,0.0,0.0,0,0,OnTime_or_MinorDelay,20,21,Evening,1
2024,1,1,2024-01-01,AA,1490.0,LGA,"New York, NY",New York,DFW,"Dallas/Fort Worth, TX",Texas,731,730.0,-1.0,16.0,746.0,958.0,16.0,1049,1014.0,-35.0,0,,0,258.0,224.0,192.0,1389.0,0.0,0.0,0.0,0.0,0.0,0,0,OnTime_or_MinorDelay,7,10,Morning,1
2024,1,1,2024-01-01,AA,1492.0,CMH,"Columbus, OH",Ohio,DFW,"Dallas/Fort Worth, TX",Texas,1710,1713.0,3.0,14.0,1727.0,1837.0,12.0,1907,1849.0,-18.0,0,,0,177.0,156.0,130.0,926.0,0.0,0.0,0.0,0.0,0.0,0,0,OnTime_or_MinorDelay,17,19,Evening,1
2024,1,1,2024-01-01,AA,1492.0,DFW,"Dallas/Fort Worth, TX",Texas,CMH,"Columbus, OH",Ohio,1249,1250.0,1.0,21.0,1311.0,1616.0,7.0,1613,1623.0,10.0,0,,0,144.0,153.0,125.0,926.0,0.0,0.0,0.0,0.0,0.0,0,0,OnTime_or_MinorDelay,12,16,Afternoon,1
2024,1,1,2024-01-01,AA,1495.0,BWI,"Baltimore, MD",Maryland,CLT,"Charlotte, NC",North Carolina,1345,1340.0,-5.0,14.0,1354.0,1457.0,14.0,1519,1511.0,-8.0,0,,0,94.0,91.0,63.0,361.0,0.0,0.0,0.0,0.0,0.0,0,0,OnTime_or_MinorDelay,13,15,Afternoon,1
2024,1,1,2024-01-01,AA,1495.0,CLT,"Charlotte, NC",North Carolina,BWI,"Baltimore, MD",Maryland,1136,1134.0,-2.0,16.0,1150.0,1242.0,7.0,1300,1249.0,-11.0,0,,0,84.0,75.0,52.0,361.0,0.0,0.0,0.0,0.0,0.0,0,0,OnTime_or_MinorDelay,11,13,Morning,1
2024,1,1,2024-01-01,AA,1496.0,CLT,"Charlotte, NC",North Carolina,ILM,"Wilmington, NC",North Carolina,1824,1816.0,-8.0,12.0,1828.0,1903.0,6.0,1922,1909.0,-13.0,0,,0,58.0,53.0,35.0,185.0,0.0,0.0,0.0,0.0,0.0,0,0,OnTime_or_MinorDelay,18,19,Evening,1
2024,1,1,2024-01-01,AA,1496.0,ILM,"Wilmington, NC",North Carolina,CLT,"Charlotte, NC",North Carolina,2013,2017.0,4.0,12.0,2029.0,2130.0,4.0,2125,2134.0,9.0,0,,0,72.0,77.0,61.0,185.0,0.0,0.0,0.0,0.0,0.0,0,0,OnTime_or_MinorDelay,20,21,Evening,1
2024,1,1,2024-01-01,AA,1497.0,BZN,"Bozeman, MT",Montana,DFW,"Dallas/Fort Worth, TX",Texas,1555,1545.0,-10.0,9.0,1554.0,1917.0,5.0,1958,1922.0,-36.0,0,,0,183.0,157.0,143.0,1163.0,0.0,0.0,0.0,0.0,0.0,0,0,OnTime_or_MinorDelay,15,19,Afternoon,1
2024,1,1,2024-01-01,AA,1497.0,DFW,"Dallas/Fort Worth, TX",Texas,BZN,"Bozeman, MT",Montana,1235,1231.0,-4.0,27.0,1258.0,1439.0,5.0,1459,1444.0,-15.0,0,,0,204.0,193.0,161.0,1163.0,0.0,0.0,0.0,0.0,0.0,0,0,OnTime_or_MinorDelay,12,14,Afternoon,1
2024,1,1,2024-01-01,AA,1499.0,LAX,"Los Angeles, CA",California,CLT,"Charlotte, NC",North Carolina,600,558.0,-2.0,17.0,615.0,1304.0,8.0,1338,1312.0,-26.0,0,,0,278.0,254.0,229.0,2125.0,0.0,0.0,0.0,0.0,0.0,0,0,OnTime_or_MinorDelay,6,13,Morning,1
2024,1,1,2024-01-01,AA,1500.0,DFW,"Dallas/Fort Worth, TX",Texas,BNA,"Nashville, TN",Tennessee,2019,2031.0,12.0,11.0,2042.0,2201.0,6.0,2205,2207.0,2.0,0,,0,106.0,96.0,79.0,631.0,0.0,0.0,0.0,0.0,0.0,0,0,OnTime_or_MinorDelay,20,22,Evening,1
2024,1,1,2024-01-01,AA,1501.0,BZN,"Bozeman, MT",Montana,ORD,"Chicago, IL",Illinois,1329,1315.0,-14.0,13.0,1328.0,1702.0,15.0,1734,1717.0,-17.0,0,,0,185.0,182.0,154.0,1185.0,0.0,0.0,0.0,0.0,0.0,0,0,OnTime_or_MinorDelay,13,17,Afternoon,1
2024,1,1,2024-01-01,AA,1501.0,ORD,"Chicago, IL",Illinois,BZN,"Bozeman, MT",Montana,1015,1019.0,4.0,9.0,1028.0,1209.0,4.0,1239,1213.0,-26.0,0,,0,204.0,174.0,161.0,1185.0,0.0,0.0,0.0,0.0,0.0,0,0,OnTime_or_MinorDelay,10,12,Morning,1
2024,1,1,2024-01-01,AA,1502.0,JAX,"Jacksonville, FL",Florida,CLT,"Charlotte, NC",North Carolina,923,914.0,-9.0,13.0,927.0,1022.0,11.0,1050,1033.0,-17.0,0,,0,87.0,79.0,55.0,328.0,0.0,0.0,0.0,0.0,0.0,0,0,OnTime_or_MinorDelay,9,10,Morning,1
2024,1,1,2024-01-01,AA,1504.0,CAE,"Columbia, SC",South Carolina,DFW,"Dallas/Fort Worth, TX",Texas,1704,1710.0,6.0,11.0,1721.0,1840.0,24.0,1902,1904.0,2.0,0,,0,178.0,174.0,139.0,922.0,0.0,0.0,0.0,0.0,0.0,0,0,OnTime_or_MinorDelay,17,19,Evening,1
2024,1,1,2024-01-01,AA,1504.0,DFW,"Dallas/Fort Worth, TX",Texas,CAE,"Columbia, SC",South Carolina,1243,1324.0,41.0,18.0,1342.0,1626.0,4.0,1602,1630.0,28.0,0,,0,139.0,126.0,104.0,922.0,0.0,0.0,0.0,0.0,28.0,1,5,LateAircraft,12,16,Afternoon,1
2024,1,1,2024-01-01,AA,1505.0,DFW,"Dallas/Fort Worth, TX",Texas,IND,"Indianapolis, IN",Indiana,1159,1154.0,-5.0,11.0,1205.0,1452.0,6.0,1501,1458.0,-3.0,0,,0,122.0,124.0,107.0,761.0,0.0,0.0,0.0,0.0,0.0,0,0,OnTime_or_MinorDelay,11,15,Morning,1
2024,1,1,2024-01-01,AA,1505.0,IND,"Indianapolis, IN",Indiana,DFW,"Dallas/Fort Worth, TX",Texas,1557,1553.0,-4.0,11.0,1604.0,1651.0,16.0,1730,1707.0,-23.0,0,,0,153.0,134.0,107.0,761.0,0.0,0.0,0.0,0.0,0.0,0,0,OnTime_or_MinorDelay,15,17,Afternoon,1
2024,1,1,2024-01-01,AA,1506.0,IND,"Indianapolis, IN",Indiana,DFW,"Dallas/Fort Worth, TX",Texas,731,728.0,-3.0,18.0,746.0,841.0,16.0,921,857.0,-24.0,0,,0,170.0,149.0,115.0,761.0,0.0,0.0,0.0,0.0,0.0,0,0,OnTime_or_MinorDelay,7,9,Morning,1
2024,1,1,2024-01-01,AA,1508.0,SYR,"Syracuse, NY",New York,DFW,"Dallas/Fort Worth, TX",Texas,601,557.0,-4.0,47.0,644.0,850.0,19.0,916,909.0,-7.0,0,,0,255.0,252.0,186.0,1336.0,0.0,0.0,0.0,0.0,0.0,0,0,OnTime_or_MinorDelay,6,9,Morning,1
2024,1,1,2024-01-01,AA,1509.0,BOS,"Boston, MA",Massachusetts,ORD,"Chicago, IL",Illinois,650,641.0,-9.0,11.0,652.0,753.0,13.0,854,806.0,-48.0,0,,0,184.0,145.0,121.0,867.0,0.0,0.0,0.0,0.0,0.0,0,0,OnTime_or_MinorDelay,6,8,Morning,1
2024,1,1,2024-01-01,AA,1510.0,CHS,"Charleston, SC",South Carolina,DFW,"Dallas/Fort Worth, TX",Texas,1936,2056.0,80.0,11.0,2107.0,2235.0,11.0,2148,2246.0,58.0,0,,0,192.0,170.0,148.0,987.0,0.0,0.0,0.0,0.0,58.0,1,5,LateAircraft,19,21,Evening,1
2024,1,1,2024-01-01,AA,1510.0,DFW,"Dallas/Fort Worth, TX",Texas,CHS,"Charleston, SC",South Carolina,1525,1654.0,89.0,22.0,1716.0,2010.0,9.0,1849,2019.0,90.0,0,,0,144.0,145.0,114.0,987.0,4.0,0.0,1.0,0.0,85.0,1,5,LateAircraft,15,18,Afternoon,1
2024,1,1,2024-01-01,AA,1514.0,CLT,"Charlotte, NC",North Carolina,MCI,"Kansas City, MO",Missouri,1357,1352.0,-5.0,13.0,1405.0,1500.0,8.0,1526,1508.0,-18.0,0,,0,149.0,136.0,115.0,808.0,0.0,0.0,0.0,0.0,0.0,0,0,OnTime_or_MinorDelay,13,15,Afternoon,1
2024,1,1,2024-01-01,AA,1514.0,MCI,"Kansas City, MO",Missouri,CLT,"Charlotte, NC",North Carolina,1621,1617.0,-4.0,11.0,1628.0,1915.0,10.0,1928,1925.0,-3.0,0,,0,127.0,128.0,107.0,808.0,0.0,0.0,0.0,0.0,0.0,0,0,OnTime_or_MinorDelay,16,19,Afternoon,1
2024,1,1,2024-01-01,AA,1518.0,DCA,"Washington, DC",Virginia,CLT,"Charlotte, NC",North Carolina,820,816.0,-4.0,16.0,832.0,936.0,10.0,1003,946.0,-17.0,0,,0,103.0,90.0,64.0,331.0,0.0,0.0,0.0,0.0,0.0,0,0,OnTime_or_MinorDelay,8,10,Morning,1
2024,1,1,2024-01-01,AA,1520.0,CHS,"Charleston, SC",South Carolina,DFW,"Dallas/Fort Worth, TX",Texas,1515,1525.0,10.0,14.0,1539.0,1710.0,14.0,1727,1724.0,-3.0,0,,0,192.0,179.0,151.0,987.0,0.0,0.0,0.0,0.0,0.0,0,0,OnTime_or_MinorDelay,15,17,Afternoon,1
2024,1,1,2024-01-01,AA,1520.0,DFW,"Dallas/Fort Worth, TX",Texas,CHS,"Charleston, SC",South Carolina,1050,1048.0,-2.0,12.0,1100.0,1347.0,7.0,1420,1354.0,-26.0,0,,0,150.0,126.0,107.0,987.0,0.0,0.0,0.0,0.0,0.0,0,0,OnTime_or_MinorDelay,10,14,Morning,1
2024,1,1,2024-01-01,AA,1521.0,BUR,"Burbank, CA",California,PHX,"Phoenix, AZ",Arizona,1915,1932.0,17.0,20.0,1952.0,2203.0,6.0,2154,2209.0,15.0,0,,0,99.0,97.0,71.0,369.0,4.0,0.0,0.0,0.0,11.0,1,5,LateAircraft,19,21,Evening,1
2024,1,1,2024-01-01,AA,1521.0,PHX,"Phoenix, AZ",Arizona,BUR,"Burbank, CA",California,1800,1827.0,27.0,14.0,1841.0,1843.0,4.0,1830,1847.0,17.0,0,,0,90.0,80.0,62.0,369.0,17.0,0.0,0.0,0.0,0.0,1,1,Carrier,18,18,Evening,1
2024,1,1,2024-01-01,AA,1522.0,CLT,"Charlotte, NC",North Carolina,JAX,"Jacksonville, FL",Florida,1627,1815.0,108.0,21.0,1836.0,1933.0,9.0,1748,1942.0,114.0,0,,0,81.0,87.0,57.0,328.0,108.0,0.0,6.0,0.0,0.0,1,1,Carrier,16,17,Afternoon,1
2024,1,1,2024-01-01,AA,1522.0,JAX,"Jacksonville, FL",Florida,CLT,"Charlotte, NC",North Carolina,1838,2028.0,110.0,26.0,2054.0,2151.0,8.0,2002,2159.0,117.0,0,,0,84.0,91.0,57.0,328.0,0.0,0.0,7.0,0.0,110.0,1,5,LateAircraft,18,20,Evening,1
2024,1,1,2024-01-01,AA,1523.0,CLT,"Charlotte, NC",North Carolina,MCO,"Orlando, FL",Florida,1551,1546.0,-5.0,10.0,1556.0,1710.0,21.0,1735,1731.0,-4.0,0,,0,104.0,105.0,74.0,468.0,0.0,0.0,0.0,0.0,0.0,0,0,OnTime_or_MinorDelay,15,17,Afternoon,1
2024,1,1,2024-01-01,AA,1523.0,MCO,"Orlando, FL",Florida,CLT,"Charlotte, NC",North Carolina,1825,1824.0,-1.0,17.0,1841.0,1955.0,6.0,2012,2001.0,-11.0,0,,0,107.0,97.0,74.0,468.0,0.0,0.0,0.0,0.0,0.0,0,0,OnTime_or_MinorDelay,18,20,Evening,1
2024,1,1,2024-01-01,AA,1524.0,LAS,"Las Vegas, NV",Nevada,MIA,"Miami, FL",Florida,700,658.0,-2.0,20.0,718.0,1408.0,7.0,1438,1415.0,-23.0,0,,0,278.0,257.0,230.0,2174.0,0.0,0.0,0.0,0.0,0.0,0,0,OnTime_or_MinorDelay,7,14,Morning,1
2024,1,1,2024-01-01,AA,1525.0,CLT,"Charlotte, NC",North Carolina,MDT,"Harrisburg, PA",Pennsylvania,1142,1135.0,-7.0,20.0,1155.0,1301.0,11.0,1318,1312.0,-6.0,0,,0,96.0,97.0,66.0,413.0,0.0,0.0,0.0,0.0,0.0,0,0,OnTime_or_MinorDelay,11,13,Morning,1
2024,1,1,2024-01-01,AA,1525.0,MDT,"Harrisburg, PA",Pennsylvania,CLT,"Charlotte, NC",North Carolina,1403,1358.0,-5.0,23.0,1421.0,1532.0,10.0,1544,1542.0,-2.0,0,,0,101.0,104.0,71.0,413.0,0.0,0.0,0.0,0.0,0.0,0,0,OnTime_or_MinorDelay,14,15,Afternoon,1
2024,1,1,2024-01-01,AA,1526.0,MSY,"New Orleans, LA",Louisiana,CLT,"Charlotte, NC",North Carolina,934,933.0,-1.0,14.0,947.0,1208.0,7.0,1229,1215.0,-14.0,0,,0,115.0,102.0,81.0,651.0,0.0,0.0,0.0,0.0,0.0,0,0,OnTime_or_MinorDelay,9,12,Morning,1
2024,1,1,2024-01-01,AA,1528.0,SJU,"San Juan, PR",Puerto Rico,PHL,"Philadelphia, PA",Pennsylvania,700,657.0,-3.0,28.0,725.0,956.0,4.0,1003,1000.0,-3.0,0,,0,243.0,243.0,211.0,1576.0,0.0,0.0,0.0,0.0,0.0,0,0,OnTime_or_MinorDelay,7,10,Morning,1
2024,1,1,2024-01-01,AA,1529.0,PHL,"Philadelphia, PA",Pennsylvania,SJU,"San Juan, PR",Puerto Rico,1840,1854.0,14.0,16.0,1910.0,2351.0,9.0,2332,2400.0,28.0,0,,0,232.0,246.0,221.0,1576.0,14.0,0.0,14.0,0.0,0.0,1,1,Carrier,18,23,Evening,1
2024,1,1,2024-01-01,AA,153.0,DCA,"Washington, DC",Virginia,CLT,"Charlotte, NC",North Carolina,500,456.0,-4.0,10.0,506.0,605.0,6.0,638,611.0,-27.0,0,,0,98.0,75.0,59.0,331.0,0.0,0.0,0.0,0.0,0.0,0,0,OnTime_or_MinorDelay,5,6,Morning,1
2024,1,1,2024-01-01,AA,1530.0,LGA,"New York, NY",New York,MIA,"Miami, FL",Florida,700,656.0,-4.0,15.0,711.0,946.0,5.0,1016,951.0,-25.0,0,,0,196.0,175.0,155.0,1096.0,0.0,0.0,0.0,0.0,0.0,0,0,OnTime_or_MinorDelay,7,10,Morning,1
2024,1,1,2024-01-01,AA,1533.0,MYR,"Myrtle Beach, SC",South Carolina,CLT,"Charlotte, NC",North Carolina,1053,1045.0,-8.0,19.0,1104.0,1142.0,7.0,1157,1149.0,-8.0,0,,0,64.0,64.0,38.0,157.0,0.0,0.0,0.0,0.0,0.0,0,0,OnTime_or_MinorDelay,10,11,Morning,1
2024,1,1,2024-01-01,AA,1534.0,MCO,"Orlando, FL",Florida,PHL,"Philadelphia, PA",Pennsylvania,1925,2001.0,36.0,20.0,2021.0,2220.0,7.0,2148,2227.0,39.0,0,,0,143.0,146.0,119.0,861.0,0.0,0.0,3.0,0.0,36.0,1,5,LateAircraft,19,21,Evening,1
2024,1,1,2024-01-01,AA,1536.0,CLT,"Charlotte, NC",North Carolina,PBI,"West Palm Beach/Palm Beach, FL",Florida,1329,1326.0,-3.0,19.0,1345.0,1518.0,4.0,1523,1522.0,-1.0,0,,0,114.0,116.0,93.0,590.0,0.0,0.0,0.0,0.0,0.0,0,0,OnTime_or_MinorDelay,13,15,Afternoon,1
2024,1,1,2024-01-01,AA,1536.0,PBI,"West Palm Beach/Palm Beach, FL",Florida,CLT,"Charlotte, NC",North Carolina,1615,1610.0,-5.0,10.0,1620.0,1747.0,15.0,1816,1802.0,-14.0,0,,0,121.0,112.0,87.0,590.0,0.0,0.0,0.0,0.0,0.0,0,0,OnTime_or_MinorDelay,16,18,Afternoon,1
2024,1,1,2024-01-01,AA,1537.0,PHX,"Phoenix, AZ",Arizona,PSP,"Palm Springs, CA",California,1805,2007.0,122.0,13.0,2020.0,2000.0,5.0,1811,2005.0,114.0,0,,0,66.0,58.0,40.0,261.0,0.0,0.0,0.0,0.0,114.0,1,5,LateAircraft,18,18,Evening,1
2024,1,1,2024-01-01,AA,1537.0,PSP,"Palm Springs, CA",California,PHX,"Phoenix, AZ",Arizona,1917,2032.0,75.0,11.0,2043.0,2231.0,4.0,2130,2235.0,65.0,0,,0,73.0,63.0,48.0,261.0,0.0,0.0,0.0,0.0,65.0,1,5,LateAircraft,19,21,Evening,1
2024,1,1,2024-01-01,AA,154.0,DEN,"Denver, CO",Colorado,MIA,"Miami, FL",Florida,28,16.0,-12.0,14.0,30.0,534.0,7.0,616,541.0,-35.0,0,,0,228.0,205.0,184.0,1709.0,0.0,0.0,0.0,0.0,0.0,0,0,OnTime_or_MinorDelay,0,6,Night,1
2024,1,1,2024-01-01,AA,1541.0,LAS,"Las Vegas, NV",Nevada,PHX,"Phoenix, AZ",Arizona,1559,1555.0,-4.0,17.0,1612.0,1759.0,27.0,1815,1826.0,11.0,0,,0,76.0,91.0,47.0,255.0,0.0,0.0,0.0,0.0,0.0,0,0,OnTime_or_MinorDelay,15,18,Afternoon,1
2024,1,1,2024-01-01,AA,1541.0,PHX,"Phoenix, AZ",Arizona,LAS,"Las Vegas, NV",Nevada,1450,1444.0,-6.0,22.0,1506.0,1453.0,5.0,1502,1458.0,-4.0,0,,0,72.0,74.0,47.0,255.0,0.0,0.0,0.0,0.0,0.0,0,0,OnTime_or_MinorDelay,14,15,Afternoon,1
2024,1,1,2024-01-01,AA,1542.0,DFW,"Dallas/Fort Worth, TX",Texas,SDF,"Louisville, KY",Kentucky,2056,2054.0,-2.0,27.0,2121.0,2357.0,4.0,2359,1.0,2.0,0,,0,123.0,127.0,96.0,733.0,0.0,0.0,0.0,0.0,0.0,0,0,OnTime_or_MinorDelay,20,23,Evening,1
2024,1,1,2024-01-01,AA,1543.0,ORD,"Chicago, IL",Illinois,SAN,"San Diego, CA",California,1650,1654.0,4.0,13.0,1707.0,1847.0,6.0,1914,1853.0,-21.0,0,,0,264.0,239.0,220.0,1723.0,0.0,0.0,0.0,0.0,0.0,0,0,OnTime_or_MinorDelay,16,19,Afternoon,1
2024,1,1,2024-01-01,AA,1544.0,SMF,"Sacramento, CA",California,DFW,"Dallas/Fort Worth, TX",Texas,601,551.0,-10.0,11.0,602.0,1056.0,15.0,1119,1111.0,-8.0,0,,0,198.0,200.0,174.0,1431.0,0.0,0.0,0.0,0.0,0.0,0,0,OnTime_or_MinorDelay,6,11,Morning,1
2024,1,1,2024-01-01,AA,1545.0,DCA,"Washington, DC",Virginia,PWM,"Portland, ME",Maine,1500,1451.0,-9.0,14.0,1505.0,1613.0,3.0,1631,1616.0,-15.0,0,,0,91.0,85.0,68.0,482.0,0.0,0.0,0.0,0.0,0.0,0,0,OnTime_or_MinorDelay,15,16,Afternoon,1
2024,1,1,2024-01-01,AA,1545.0,PWM,"Portland, ME",Maine,DCA,"Washington, DC",Virginia,1715,1708.0,-7.0,12.0,1720.0,1849.0,6.0,1910,1855.0,-15.0,0,,0,115.0,107.0,89.0,482.0,0.0,0.0,0.0,0.0,0.0,0,0,OnTime_or_MinorDelay,17,19,Evening,1
2024,1,1,2024-01-01,AA,1548.0,FAT,"Fresno, CA",California,PHX,"Phoenix, AZ",Arizona,1916,1947.0,31.0,14.0,2001.0,2217.0,8.0,2156,2225.0,29.0,0,,0,100.0,98.0,76.0,493.0,7.0,0.0,0.0,0.0,22.0,1,5,LateAircraft,19,21,Evening,1
2024,1,1,2024-01-01,AA,1548.0,PHX,"Phoenix, AZ",Arizona,FAT,"Fresno, CA",California,1753,1824.0,31.0,14.0,1838.0,1854.0,5.0,1831,1859.0,28.0,0,,0,98.0,95.0,76.0,493.0,28.0,0.0,0.0,0.0,0.0,1,1,Carrier,17,18,Evening,1
2024,1,1,2024-01-01,AA,155.0,DFW,"Dallas/Fort Worth, TX",Texas,EGE,"Eagle, CO",Colorado,821,819.0,-2.0,15.0,834.0,933.0,4.0,950,937.0,-13.0,0,,0,149.0,138.0,119.0,721.0,0.0,0.0,0.0,0.0,0.0,0,0,OnTime_or_MinorDelay,8,9,Morning,1
2024,1,1,2024-01-01,AA,155.0,EGE,"Eagle, CO",Colorado,DFW,"Dallas/Fort Worth, TX",Texas,1034,1116.0,42.0,12.0,1128.0,1411.0,15.0,1345,1426.0,41.0,0,,0,131.0,130.0,103.0,721.0,41.0,0.0,0.0,0.0,0.0,1,1,Carrier,10,13,Morning,1
2024,1,1,2024-01-01,AA,1550.0,FSD,"Sioux Falls, SD",South Dakota,DFW,"Dallas/Fort Worth, TX",Texas,605,601.0,-4.0,37.0,638.0,826.0,12.0,838,838.0,0.0,0,,0,153.0,157.0,108.0,737.0,0.0,0.0,0.0,0.0,0.0,0,0,OnTime_or_MinorDelay,6,8,Morning,1
2024,1,1,2024-01-01,AA,1551.0,MIA,"Miami, FL",Florida,MEM,"Memphis, TN",Tennessee,2226,2229.0,3.0,13.0,2242.0,2347.0,6.0,2359,2353.0,-6.0,0,,0,153.0,144.0,125.0,859.0,0.0,0.0,0.0,0.0,0.0,0,0,OnTime_or_MinorDelay,22,23,Night,1
2024,1,1,2024-01-01,AA,1552.0,CID,"Cedar Rapids/Iowa City, IA",Iowa,DFW,"Dallas/Fort Worth, TX",Texas,1925,1913.0,-12.0,9.0,1922.0,2054.0,13.0,2143,2107.0,-36.0,0,,0,138.0,114.0,92.0,685.0,0.0,0.0,0.0,0.0,0.0,0,0,OnTime_or_MinorDelay,19,21,Evening,1
2024,1,1,2024-01-01,AA,1552.0,DFW,"Dallas/Fort Worth, TX",Texas,CID,"Cedar Rapids/Iowa City, IA",Iowa,1645,1639.0,-6.0,15.0,1654.0,1825.0,6.0,1840,1831.0,-9.0,0,,0,115.0,112.0,91.0,685.0,0.0,0.0,0.0,0.0,0.0,0,0,OnTime_or_MinorDelay,16,18,Afternoon,1
2024,1,1,2024-01-01,AA,1553.0,DFW,"Dallas/Fort Worth, TX",Texas,FSD,"Sioux Falls, SD",South Dakota,1933,1928.0,-5.0,19.0,1947.0,2122.0,5.0,2139,2127.0,-12.0,0,,0,126.0,119.0,95.0,737.0,0.0,0.0,0.0,0.0,0.0,0,0,OnTime_or_MinorDelay,19,21,Evening,1
2024,1,1,2024-01-01,AA,1554.0,CLE,"Cleveland, OH",Ohio,DFW,"Dallas/Fort Worth, TX",Texas,1328,1330.0,2.0,25.0,1355.0,1516.0,12.0,1541,1528.0,-13.0,0,,0,193.0,178.0,141.0,1021.0,0.0,0.0,0.0,0.0,0.0,0,0,OnTime_or_MinorDelay,13,15,Afternoon,1
2024,1,1,2024-01-01,AA,1554.0,DFW,"Dallas/Fort Worth, TX",Texas,CLE,"Cleveland, OH",Ohio,900,900.0,0.0,18.0,918.0,1225.0,6.0,1236,1231.0,-5.0,0,,0,156.0,151.0,127.0,1021.0,0.0,0.0,0.0,0.0,0.0,0,0,OnTime_or_MinorDelay,9,12,Morning,1
2024,1,1,2024-01-01,AA,1557.0,AUS,"Austin, TX",Texas,RDU,"Raleigh/Durham, NC",North Carolina,800,806.0,6.0,14.0,820.0,1129.0,3.0,1141,1132.0,-9.0,0,,0,161.0,146.0,129.0,1162.0,0.0,0.0,0.0,0.0,0.0,0,0,OnTime_or_MinorDelay,8,11,Morning,1
2024,1,1,2024-01-01,AA,1557.0,RDU,"Raleigh/Durham, NC",North Carolina,AUS,"Austin, TX",Texas,1221,1216.0,-5.0,13.0,1229.0,1437.0,5.0,1446,1442.0,-4.0,0,,0,205.0,206.0,188.0,1162.0,0.0,0.0,0.0,0.0,0.0,0,0,OnTime_or_MinorDelay,12,14,Afternoon,1
2024,1,1,2024-01-01,AA,1559.0,ORD,"Chicago, IL",Illinois,DFW,"Dallas/Fort Worth, TX",Texas,1851,1848.0,-3.0,17.0,1905.0,2058.0,13.0,2133,2111.0,-22.0,0,,0,162.0,143.0,113.0,802.0,0.0,0.0,0.0,0.0,0.0,0,0,OnTime_or_MinorDelay,18,21,Evening,1
2024,1,1,2024-01-01,AA,156.0,DFW,"Dallas/Fort Worth, TX",Texas,MIA,"Miami, FL",Florida,1439,1442.0,3.0,17.0,1459.0,1804.0,16.0,1824,1820.0,-4.0,0,,0,165.0,158.0,125.0,1121.0,0.0,0.0,0.0,0.0,0.0,0,0,OnTime_or_MinorDelay,14,18,Afternoon,1
2024,1,1,2024-01-01,AA,1560.0,EUG,"Eugene, OR",Oregon,DFW,"Dallas/Fort Worth, TX",Texas,527,525.0,-2.0,13.0,538.0,1046.0,5.0,1104,1051.0,-13.0,0,,0,217.0,206.0,188.0,1606.0,0.0,0.0,0.0,0.0,0.0,0,0,OnTime_or_MinorDelay,5,11,Morning,1
2024,1,1,2024-01-01,AA,1561.0,GRR,"Grand Rapids, MI",Michigan,DFW,"Dallas/Fort Worth, TX",Texas,703,704.0,1.0,15.0,719.0,828.0,12.0,913,840.0,-33.0,0,,0,190.0,156.0,129.0,931.0,0.0,0.0,0.0,0.0,0.0,0,0,OnTime_or_MinorDelay,7,9,Morning,1
2024,1,1,2024-01-01,AA,1562.0,CLE,"Cleveland, OH",Ohio,CLT,"Charlotte, NC",North Carolina,1407,1359.0,-8.0,14.0,1413.0,1524.0,9.0,1545,1533.0,-12.0,0,,0,98.0,94.0,71.0,430.0,0.0,0.0,0.0,0.0,0.0,0,0,OnTime_or_MinorDelay,14,15,Afternoon,1
2024,1,1,2024-01-01,AA,1562.0,CLT,"Charlotte, NC",North Carolina,CLE,"Cleveland, OH",Ohio,1133,1139.0,6.0,16.0,1155.0,1300.0,6.0,1317,1306.0,-11.0,0,,0,104.0,87.0,65.0,430.0,0.0,0.0,0.0,0.0,0.0,0,0,OnTime_or_MinorDelay,11,13,Morning,1
2024,1,1,2024-01-01,AA,1563.0,DCA,"Washington, DC",Virginia,LGA,"New York, NY",New York,2211,2256.0,45.0,12.0,2308.0,2354.0,5.0,2327,2359.0,32.0,0,,0,76.0,63.0,46.0,214.0,32.0,0.0,0.0,0.0,0.0,1,1,Carrier,22,23,Night,1
2024,1,1,2024-01-01,AA,1564.0,RIC,"Richmond, VA",Virginia,CLT,"Charlotte, NC",North Carolina,910,917.0,7.0,16.0,933.0,1026.0,3.0,1047,1029.0,-18.0,0,,0,97.0,72.0,53.0,257.0,0.0,0.0,0.0,0.0,0.0,0,0,OnTime_or_MinorDelay,9,10,Morning,1
2024,1,1,2024-01-01,AA,1565.0,CMH,"Columbus, OH",Ohio,DFW,"Dallas/Fort Worth, TX",Texas,1331,1324.0,-7.0,10.0,1334.0,1447.0,16.0,1528,1503.0,-25.0,0,,0,177.0,159.0,133.0,926.0,0.0,0.0,0.0,0.0,0.0,0,0,OnTime_or_MinorDelay,13,15,Afternoon,1
2024,1,1,2024-01-01,AA,1565.0,DFW,"Dallas/Fort Worth, TX",Texas,CMH,"Columbus, OH",Ohio,857,857.0,0.0,18.0,915.0,1213.0,6.0,1220,1219.0,-1.0,0,,0,143.0,142.0,118.0,926.0,0.0,0.0,0.0,0.0,0.0,0,0,OnTime_or_MinorDelay,8,12,Morning,1
2024,1,1,2024-01-01,AA,1566.0,MIA,"Miami, FL",Florida,RDU,"Raleigh/Durham, NC",North Carolina,2125,2136.0,11.0,23.0,2159.0,2340.0,5.0,2349,2345.0,-4.0,0,,0,144.0,129.0,101.0,700.0,0.0,0.0,0.0,0.0,0.0,0,0,OnTime_or_MinorDelay,21,23,Evening,1
2024,1,1,2024-01-01,AA,1567.0,ATL,"Atlanta, GA",Georgia,DFW,"Dallas/Fort Worth, TX",Texas,721,711.0,-10.0,14.0,725.0,824.0,13.0,857,837.0,-20.0,0,,0,156.0,146.0,119.0,731.0,0.0,0.0,0.0,0.0,0.0,0,0,OnTime_or_MinorDelay,7,8,Morning,1
2024,1,1,2024-01-01,AA,1568.0,PHX,"Phoenix, AZ",Arizona,RNO,"Reno, NV",Nevada,818,811.0,-7.0,13.0,824.0,902.0,6.0,914,908.0,-6.0,0,,0,116.0,117.0,98.0,601.0,0.0,0.0,0.0,0.0,0.0,0,0,OnTime_or_MinorDelay,8,9,Morning,1
2024,1,1,2024-01-01,AA,1568.0,RNO,"Reno, NV",Nevada,PHX,"Phoenix, AZ",Arizona,954,953.0,-1.0,11.0,1004.0,1231.0,3.0,1247,1234.0,-13.0,0,,0,113.0,101.0,87.0,601.0,0.0,0.0,0.0,0.0,0.0,0,0,OnTime_or_MinorDelay,9,12,Morning,1
2024,1,1,2024-01-01,AA,1569.0,DEN,"Denver, CO",Colorado,CLT,"Charlotte, NC",North Carolina,725,723.0,-2.0,15.0,738.0,1215.0,7.0,1250,1222.0,-28.0,0,,0,205.0,179.0,157.0,1337.0,0.0,0.0,0.0,0.0,0.0,0,0,OnTime_or_MinorDelay,7,12,Morning,1
2024,1,1,2024-01-01,AA,157.0,MIA,"Miami, FL",Florida,DFW,"Dallas/Fort Worth, TX",Texas,1332,1331.0,-1.0,10.0,1341.0,1528.0,19.0,1553,1547.0,-6.0,0,,0,201.0,196.0,167.0,1121.0,0.0,0.0,0.0,0.0,0.0,0,0,OnTime_or_MinorDelay,13,15,Afternoon,1
2024,1,1,2024-01-01,AA,1571.0,CLT,"Charlotte, NC",North Carolina,ROC,"Rochester, NY",New York,1446,1442.0,-4.0,11.0,1453.0,1612.0,4.0,1634,1616.0,-18.0,0,,0,108.0,94.0,79.0,573.0,0.0,0.0,0.0,0.0,0.0,0,0,OnTime_or_MinorDelay,14,16,Afternoon,1
2024,1,1,2024-01-01,AA,1571.0,ROC,"Rochester, NY",New York,CLT,"Charlotte, NC",North Carolina,1714,1713.0,-1.0,22.0,1735.0,1856.0,10.0,1924,1906.0,-18.0,0,,0,130.0,113.0,81.0,573.0,0.0,0.0,0.0,0.0,0.0,0,0,OnTime_or_MinorDelay,17,19,Evening,1
2024,1,1,2024-01-01,AA,1573.0,CLT,"Charlotte, NC",North Carolina,CMH,"Columbus, OH",Ohio,1651,1805.0,74.0,15.0,1820.0,1913.0,6.0,1821,1919.0,58.0,0,,0,90.0,74.0,53.0,347.0,51.0,0.0,0.0,0.0,7.0,1,1,Carrier,16,18,Afternoon,1
2024,1,1,2024-01-01,AA,1573.0,CMH,"Columbus, OH",Ohio,CLT,"Charlotte, NC",North Carolina,1906,1955.0,49.0,12.0,2007.0,2105.0,8.0,2035,2113.0,38.0,0,,0,89.0,78.0,58.0,347.0,0.0,0.0,0.0,0.0,38.0,1,5,LateAircraft,19,20,Evening,1
2024,1,1,2024-01-01,AA,1575.0,EWR,"Newark, NJ",New Jersey,CLT,"Charlotte, NC",North Carolina,734,738.0,4.0,20.0,758.0,925.0,5.0,944,930.0,-14.0,0,,0,130.0,112.0,87.0,529.0,0.0,0.0,0.0,0.0,0.0,0,0,OnTime_or_MinorDelay,7,9,Morning,1
2024,1,1,2024-01-01,AA,1576.0,CLT,"Charlotte, NC",North Carolina,SDF,"Louisville, KY",Kentucky,1323,1323.0,0.0,14.0,1337.0,1436.0,5.0,1452,1441.0,-11.0,0,,0,89.0,78.0,59.0,335.0,0.0,0.0,0.0,0.0,0.0,0,0,OnTime_or_MinorDelay,13,14,Afternoon,1
2024,1,1,2024-01-01,AA,1576.0,SDF,"Louisville, KY",Kentucky,CLT,"Charlotte, NC",North Carolina,1538,1536.0,-2.0,18.0,1554.0,1657.0,13.0,1705,1710.0,5.0,0,,0,87.0,94.0,63.0,335.0,0.0,0.0,0.0,0.0,0.0,0,0,OnTime_or_MinorDelay,15,17,Afternoon,1
2024,1,1,2024-01-01,AA,1577.0,MIA,"Miami, FL",Florida,CLT,"Charlotte, NC",North Carolina,1840,1842.0,2.0,17.0,1859.0,2037.0,13.0,2049,2050.0,1.0,0,,0,129.0,128.0,98.0,650.0,0.0,0.0,0.0,0.0,0.0,0,0,OnTime_or_MinorDelay,18,20,Evening,1
2024,1,1,2024-01-01,AA,1578.0,BOS,"Boston, MA",Massachusetts,LAX,"Los Angeles, CA",California,1800,1754.0,-6.0,18.0,1812.0,2033.0,8.0,2140,2041.0,-59.0,0,,0,400.0,347.0,321.0,2611.0,0.0,0.0,0.0,0.0,0.0,0,0,OnTime_or_MinorDelay,18,21,Evening,1
2024,1,1,2024-01-01,AA,1578.0,LAX,"Los Angeles, CA",California,BOS,"Boston, MA",Massachusetts,750,742.0,-8.0,20.0,802.0,1623.0,15.0,1619,1638.0,19.0,0,,0,329.0,356.0,321.0,2611.0,0.0,0.0,19.0,0.0,0.0,1,3,NAS,7,16,Morning,1
2024,1,1,2024-01-01,AA,1580.0,CLT,"Charlotte, NC",North Carolina,SFO,"San Francisco, CA",California,2026,2058.0,32.0,16.0,2114.0,2309.0,12.0,2319,2321.0,2.0,0,,0,353.0,323.0,295.0,2296.0,0.0,0.0,0.0,0.0,0.0,0,0,OnTime_or_MinorDelay,20,23,Evening,1
2024,1,1,2024-01-01,AA,1581.0,CVG,"Cincinnati, OH",Kentucky,DFW,"Dallas/Fort Worth, TX",Texas,1305,1258.0,-7.0,11.0,1309.0,1414.0,14.0,1450,1428.0,-22.0,0,,0,165.0,150.0,125.0,812.0,0.0,0.0,0.0,0.0,0.0,0,0,OnTime_or_MinorDelay,13,14,Afternoon,1
2024,1,1,2024-01-01,AA,1581.0,DFW,"Dallas/Fort Worth, TX",Texas,CVG,"Cincinnati, OH",Kentucky,857,858.0,1.0,18.0,916.0,1202.0,6.0,1212,1208.0,-4.0,0,,0,135.0,130.0,106.0,812.0,0.0,0.0,0.0,0.0,0.0,0,0,OnTime_or_MinorDelay,8,12,Morning,1
2024,1,1,2024-01-01,AA,1582.0,DFW,"Dallas/Fort Worth, TX",Texas,SFO,"San Francisco, CA",California,831,828.0,-3.0,16.0,844.0,1002.0,6.0,1032,1008.0,-24.0,0,,0,241.0,220.0,198.0,1464.0,0.0,0.0,0.0,0.0,0.0,0,0,OnTime_or_MinorDelay,8,10,Morning,1
2024,1,1,2024-01-01,AA,1582.0,SFO,"San Francisco, CA",California,DFW,"Dallas/Fort Worth, TX",Texas,1125,1114.0,-11.0,13.0,1127.0,1629.0,14.0,1653,1643.0,-10.0,0,,0,208.0,209.0,182.0,1464.0,0.0,0.0,0.0,0.0,0.0,0,0,OnTime_or_MinorDelay,11,16,Morning,1
2024,1,1,2024-01-01,AA,1583.0,CMH,"Columbus, OH",Ohio,DFW,"Dallas/Fort Worth, TX",Texas,511,506.0,-5.0,41.0,547.0,706.0,10.0,719,716.0,-3.0,0,,0,188.0,190.0,139.0,926.0,0.0,0.0,0.0,0.0,0.0,0,0,OnTime_or_MinorDelay,5,7,Morning,1
2024,1,1,2024-01-01,AA,1584.0,CLT,"Charlotte, NC",North Carolina,CVG,"Cincinnati, OH",Kentucky,1625,1620.0,-5.0,12.0,1632.0,1728.0,4.0,1750,1732.0,-18.0,0,,0,85.0,72.0,56.0,335.0,0.0,0.0,0.0,0.0,0.0,0,0,OnTime_or_MinorDelay,16,17,Afternoon,1
2024,1,1,2024-01-01,AA,1584.0,CVG,"Cincinnati, OH",Kentucky,CLT,"Charlotte, NC",North Carolina,1906,1858.0,-8.0,29.0,1927.0,2023.0,6.0,2031,2029.0,-2.0,0,,0,85.0,91.0,56.0,335.0,0.0,0.0,0.0,0.0,0.0,0,0,OnTime_or_MinorDelay,19,20,Evening,1
2024,1,1,2024-01-01,AA,1585.0,MIA,"Miami, FL",Florida,SLC,"Salt Lake City, UT",Utah,1930,1923.0,-7.0,14.0,1937.0,2229.0,5.0,2300,2234.0,-26.0,0,,0,330.0,311.0,292.0,2088.0,0.0,0.0,0.0,0.0,0.0,0,0,OnTime_or_MinorDelay,19,23,Evening,1
2024,1,1,2024-01-01,AA,1585.0,SLC,"Salt Lake City, UT",Utah,MIA,"Miami, FL",Florida,2357,2344.0,-13.0,20.0,4.0,556.0,6.0,626,602.0,-24.0,0,,0,269.0,258.0,232.0,2088.0,0.0,0.0,0.0,0.0,0.0,0,0,OnTime_or_MinorDelay,23,6,Night,1
2024,1,1,2024-01-01,AA,1586.0,PHX,"Phoenix, AZ",Arizona,SLC,"Salt Lake City, UT",Utah,821,815.0,-6.0,12.0,827.0,938.0,14.0,1003,952.0,-11.0,0,,0,102.0,97.0,71.0,507.0,0.0,0.0,0.0,0.0,0.0,0,0,OnTime_or_MinorDelay,8,10,Morning,1
2024,1,1,2024-01-01,AA,1586.0,SLC,"Salt Lake City, UT",Utah,PHX,"Phoenix, AZ",Arizona,1047,1036.0,-11.0,11.0,1047.0,1204.0,4.0,1246,1208.0,-38.0,0,,0,119.0,92.0,77.0,507.0,0.0,0.0,0.0,0.0,0.0,0,0,OnTime_or_MinorDelay,10,12,Morning,1
2024,1,1,2024-01-01,AA,1587.0,PHX,"Phoenix, AZ",Arizona,JFK,"New York, NY",New York,939,932.0,-7.0,20.0,952.0,1609.0,9.0,1629,1618.0,-11.0,0,,0,290.0,286.0,257.0,2153.0,0.0,0.0,0.0,0.0,0.0,0,0,OnTime_or_MinorDelay,9,16,Morning,1
2024,1,1,2024-01-01,AA,1588.0,DFW,"Dallas/Fort Worth, TX",Texas,SFO,"San Francisco, CA",California,1045,1047.0,2.0,22.0,1109.0,1221.0,8.0,1251,1229.0,-22.0,0,,0,246.0,222.0,192.0,1464.0,0.0,0.0,0.0,0.0,0.0,0,0,OnTime_or_MinorDelay,10,12,Morning,1
2024,1,1,2024-01-01,AA,1589.0,CLT,"Charlotte, NC",North Carolina,IND,"Indianapolis, IN",Indiana,1325,1318.0,-7.0,12.0,1330.0,1440.0,4.0,1506,1444.0,-22.0,0,,0,101.0,86.0,70.0,427.0,0.0,0.0,0.0,0.0,0.0,0,0,OnTime_or_MinorDelay,13,15,Afternoon,1
2024,1,1,2024-01-01,AA,1589.0,IND,"Indianapolis, IN",Indiana,CLT,"Charlotte, NC",North Carolina,1552,1551.0,-1.0,17.0,1608.0,1719.0,6.0,1730,1725.0,-5.0,0,,0,98.0,94.0,71.0,427.0,0.0,0.0,0.0,0.0,0.0,0,0,OnTime_or_MinorDelay,15,17,Afternoon,1
2024,1,1,2024-01-01,AA,159.0,DFW,"Dallas/Fort Worth, TX",Texas,PBI,"West Palm Beach/Palm Beach, FL",Florida,855,848.0,-7.0,20.0,908.0,1222.0,4.0,1239,1226.0,-13.0,0,,0,164.0,158.0,134.0,1102.0,0.0,0.0,0.0,0.0,0.0,0,0,OnTime_or_MinorDelay,8,12,Morning,1
2024,1,1,2024-01-01,AA,1590.0,CLE,"Cleveland, OH",Ohio,DFW,"Dallas/Fort Worth, TX",Texas,509,624.0,75.0,30.0,654.0,813.0,18.0,730,831.0,61.0,0,,0,201.0,187.0,139.0,1021.0,61.0,0.0,0.0,0.0,0.0,1,1,Carrier,5,7,Morning,1
2024,1,1,2024-01-01,AA,1591.0,SJU,"San Juan, PR",Puerto Rico,DFW,"Dallas/Fort Worth, TX",Texas,601,601.0,0.0,57.0,658.0,1012.0,16.0,925,1028.0,63.0,0,,0,324.0,387.0,314.0,2165.0,0.0,0.0,63.0,0.0,0.0,1,3,NAS,6,9,Morning,1
2024,1,1,2024-01-01,AA,1592.0,LAS,"Las Vegas, NV",Nevada,AUS,"Austin, TX",Texas,636,629.0,-7.0,19.0,648.0,1102.0,8.0,1112,1110.0,-2.0,0,,0,156.0,161.0,134.0,1090.0,0.0,0.0,0.0,0.0,0.0,0,0,OnTime_or_MinorDelay,6,11,Morning,1
2024,1,1,2024-01-01,AA,1594.0,MIA,"Miami, FL",Florida,STL,"St. Louis, MO",Missouri,2135,2138.0,3.0,20.0,2158.0,2333.0,5.0,2341,2338.0,-3.0,0,,0,186.0,180.0,155.0,1068.0,0.0,0.0,0.0,0.0,0.0,0,0,OnTime_or_MinorDelay,21,23,Evening,1
2024,1,1,2024-01-01,AA,1595.0,AUS,"Austin, TX",Texas,DFW,"Dallas/Fort Worth, TX",Texas,701,655.0,-6.0,13.0,708.0,746.0,9.0,812,755.0,-17.0,0,,0,71.0,60.0,38.0,190.0,0.0,0.0,0.0,0.0,0.0,0,0,OnTime_or_MinorDelay,7,8,Morning,1
2024,1,1,2024-01-01,AA,1598.0,LAX,"Los Angeles, CA",California,ORD,"Chicago, IL",Illinois,759,753.0,-6.0,16.0,809.0,1343.0,16.0,1412,1359.0,-13.0,0,,0,253.0,246.0,214.0,1744.0,0.0,0.0,0.0,0.0,0.0,0,0,OnTime_or_MinorDelay,7,14,Morning,1
2024,1,1,2024-01-01,AA,1599.0,DFW,"Dallas/Fort Worth, TX",Texas,LAS,"Las Vegas, NV",Nevada,1300,1258.0,-2.0,10.0,1308.0,1339.0,5.0,1359,1344.0,-15.0,0,,0,179.0,166.0,151.0,1055.0,0.0,0.0,0.0,0.0,0.0,0,0,OnTime_or_MinorDelay,13,13,Afternoon,1
2024,1,1,2024-01-01,AA,1599.0,LAS,"Las Vegas, NV",Nevada,DFW,"Dallas/Fort Worth, TX",Texas,1456,1450.0,-6.0,14.0,1504.0,1910.0,18.0,1939,1928.0,-11.0,0,,0,163.0,158.0,126.0,1055.0,0.0,0.0,0.0,0.0,0.0,0,0,OnTime_or_MinorDelay,14,19,Afternoon,1
2024,1,1,2024-01-01,AA,16.0,SFO,"San Francisco, CA",California,JFK,"New York, NY",New York,1320,1313.0,-7.0,23.0,1336.0,2201.0,5.0,2159,2206.0,7.0,0,,0,339.0,353.0,325.0,2586.0,0.0,0.0,0.0,0.0,0.0,0,0,OnTime_or_MinorDelay,13,21,Afternoon,1
2024,1,1,2024-01-01,AA,160.0,PBI,"West Palm Beach/Palm Beach, FL",Florida,DFW,"Dallas/Fort Worth, TX",Texas,1332,1331.0,-1.0,37.0,1408.0,1553.0,15.0,1552,1608.0,16.0,0,,0,200.0,217.0,165.0,1102.0,0.0,0.0,16.0,0.0,0.0,1,3,NAS,13,15,Afternoon,1
2024,1,1,2024-01-01,AA,1604.0,SAT,"San Antonio, TX",Texas,MIA,"Miami, FL",Florida,710,701.0,-9.0,11.0,712.0,1019.0,8.0,1051,1027.0,-24.0,0,,0,161.0,146.0,127.0,1143.0,0.0,0.0,0.0,0.0,0.0,0,0,OnTime_or_MinorDelay,7,10,Morning,1
2024,1,1,2024-01-01,AA,1605.0,DFW,"Dallas/Fort Worth, TX",Texas,RDU,"Raleigh/Durham, NC",North Carolina,1830,1832.0,2.0,21.0,1853.0,2201.0,4.0,2203,2205.0,2.0,0,,0,153.0,153.0,128.0,1061.0,0.0,0.0,0.0,0.0,0.0,0,0,OnTime_or_MinorDelay,18,22,Evening,1
2024,1,1,2024-01-01,AA,1606.0,DCA,"Washington, DC",Virginia,ORD,"Chicago, IL",Illinois,1230,1227.0,-3.0,16.0,1243.0,1314.0,10.0,1348,1324.0,-24.0,0,,0,138.0,117.0,91.0,612.0,0.0,0.0,0.0,0.0,0.0,0,0,OnTime_or_MinorDelay,12,13,Afternoon,1
2024,1,1,2024-01-01,AA,1607.0,DFW,"Dallas/Fort Worth, TX",Texas,ELP,"El Paso, TX",Texas,2258,2255.0,-3.0,18.0,2313.0,2337.0,2.0,2346,2339.0,-7.0,0,,0,108.0,104.0,84.0,551.0,0.0,0.0,0.0,0.0,0.0,0,0,OnTime_or_MinorDelay,22,23,Night,1
2024,1,1,2024-01-01,AA,1608.0,ORD,"Chicago, IL",Illinois,STL,"St. Louis, MO",Missouri,1514,1511.0,-3.0,36.0,1547.0,1628.0,6.0,1626,1634.0,8.0,0,,0,72.0,83.0,41.0,258.0,0.0,0.0,0.0,0.0,0.0,0,0,OnTime_or_MinorDelay,15,16,Afternoon,1
2024,1,1,2024-01-01,AA,1609.0,DCA,"Washington, DC",Virginia,MIA,"Miami, FL",Florida,1725,1748.0,23.0,24.0,1812.0,2021.0,26.0,2014,2047.0,33.0,0,,0,169.0,179.0,129.0,919.0,7.0,0.0,10.0,0.0,16.0,1,5,LateAircraft,17,20,Evening,1
2024,1,1,2024-01-01,AA,1609.0,MIA,"Miami, FL",Florida,DCA,"Washington, DC",Virginia,1355,1430.0,35.0,10.0,1440.0,1642.0,4.0,1629,1646.0,17.0,0,,0,154.0,136.0,122.0,919.0,5.0,0.0,0.0,0.0,12.0,1,5,LateAircraft,13,16,Afternoon,1
2024,1,1,2024-01-01,AA,161.0,DFW,"Dallas/Fort Worth, TX",Texas,PDX,"Portland, OR",Oregon,1034,1036.0,2.0,23.0,1059.0,1238.0,4.0,1256,1242.0,-14.0,0,,0,262.0,246.0,219.0,1616.0,0.0,0.0,0.0,0.0,0.0,0,0,OnTime_or_MinorDelay,10,12,Morning,1
2024,1,1,2024-01-01,AA,161.0,PDX,"Portland, OR",Oregon,DFW,"Dallas/Fort Worth, TX",Texas,1354,1403.0,9.0,11.0,1414.0,1932.0,11.0,1935,1943.0,8.0,0,,0,221.0,220.0,198.0,1616.0,0.0,0.0,0.0,0.0,0.0,0,0,OnTime_or_MinorDelay,13,19,Afternoon,1
2024,1,1,2024-01-01,AA,1610.0,JFK,"New York, NY",New York,MIA,"Miami, FL",Florida,729,721.0,-8.0,13.0,734.0,1008.0,16.0,1046,1024.0,-22.0,0,,0,197.0,183.0,154.0,1089.0,0.0,0.0,0.0,0.0,0.0,0,0,OnTime_or_MinorDelay,7,10,Morning,1
2024,1,1,2024-01-01,AA,1611.0,LAS,"Las Vegas, NV",Nevada,PHX,"Phoenix, AZ",Arizona,1005,1003.0,-2.0,19.0,1022.0,1209.0,4.0,1218,1213.0,-5.0,0,,0,73.0,70.0,47.0,255.0,0.0,0.0,0.0,0.0,0.0,0,0,OnTime_or_MinorDelay,10,12,Morning,1
2024,1,1,2024-01-01,AA,1611.0,PHX,"Phoenix, AZ",Arizona,LAS,"Las Vegas, NV",Nevada,831,825.0,-6.0,18.0,843.0,826.0,5.0,842,831.0,-11.0,0,,0,71.0,66.0,43.0,255.0,0.0,0.0,0.0,0.0,0.0,0,0,OnTime_or_MinorDelay,8,8,Morning,1
2024,1,1,2024-01-01,AA,1612.0,DCA,"Washington, DC",Virginia,MIA,"Miami, FL",Florida,1330,1329.0,-1.0,23.0,1352.0,1607.0,8.0,1618,1615.0,-3.0,0,,0,168.0,166.0,135.0,919.0,0.0,0.0,0.0,0.0,0.0,0,0,OnTime_or_MinorDelay,13,16,Afternoon,1
2024,1,1,2024-01-01,AA,1612.0,MIA,"Miami, FL",Florida,DCA,"Washington, DC",Virginia,952,949.0,-3.0,15.0,1004.0,1209.0,4.0,1227,1213.0,-14.0,0,,0,155.0,144.0,125.0,919.0,0.0,0.0,0.0,0.0,0.0,0,0,OnTime_or_MinorDelay,9,12,Morning,1
2024,1,1,2024-01-01,AA,1613.0,MIA,"Miami, FL",Florida,SJU,"San Juan, PR",Puerto Rico,1004,1124.0,80.0,14.0,1138.0,1438.0,6.0,1344,1444.0,60.0,0,,0,160.0,140.0,120.0,1045.0,60.0,0.0,0.0,0.0,0.0,1,1,Carrier,10,13,Morning,1
2024,1,1,2024-01-01,AA,1613.0,SJU,"San Juan, PR",Puerto Rico,MIA,"Miami, FL",Florida,1442,1538.0,56.0,32.0,1610.0,1737.0,20.0,1635,1757.0,82.0,0,,0,173.0,199.0,147.0,1045.0,4.0,0.0,26.0,0.0,52.0,1,5,LateAircraft,14,16,Afternoon,1
2024,1,1,2024-01-01,AA,1614.0,PHX,"Phoenix, AZ",Arizona,MIA,"Miami, FL",Florida,2255,2251.0,-4.0,13.0,2304.0,428.0,6.0,504,434.0,-30.0,0,,0,249.0,223.0,204.0,1972.0,0.0,0.0,0.0,0.0,0.0,0,0,OnTime_or_MinorDelay,22,5,Night,1
2024,1,1,2024-01-01,AA,1615.0,CLT,"Charlotte, NC",North Carolina,JAX,"Jacksonville, FL",Florida,1808,1802.0,-6.0,13.0,1815.0,1910.0,8.0,1929,1918.0,-11.0,0,,0,81.0,76.0,55.0,328.0,0.0,0.0,0.0,0.0,0.0,0,0,OnTime_or_MinorDelay,18,19,Evening,1
2024,1,1,2024-01-01,AA,1615.0,JAX,"Jacksonville, FL",Florida,CLT,"Charlotte, NC",North Carolina,2019,2022.0,3.0,18.0,2040.0,2134.0,4.0,2146,2138.0,-8.0,0,,0,87.0,76.0,54.0,328.0,0.0,0.0,0.0,0.0,0.0,0,0,OnTime_or_MinorDelay,20,21,Evening,1
2024,1,1,2024-01-01,AA,1616.0,CLT,"Charlotte, NC",North Carolina,MCI,"Kansas City, MO",Missouri,1102,1059.0,-3.0,18.0,1117.0,1220.0,5.0,1235,1225.0,-10.0,0,,0,153.0,146.0,123.0,808.0,0.0,0.0,0.0,0.0,0.0,0,0,OnTime_or_MinorDelay,11,12,Morning,1
